EOG7RK1BV|Teleopsis_dalmanni|130501_249_44|s5096_L_7726_0_a_21_1_l_1115,0.2590469552424592,0.45230783392685237,0.08499387193662578,Pass
EOG7RK1BV|Stomoxys_calcitrans|130919_247_37|C92488_a_26_0_l_1337,0.2535315519496495,0.457527474950468,0.08770249881091507,Pass
EOG7RK1BV|Stomoxys_calcitrans|CAKAIX01.1|CAKAIX010000265.1_11,0.26631350242322605,0.457527474950468,0.08770249881091507,Pass
EOG7RK1BV|Stomoxys_calcitrans|GIGR01.1|GIGR01022265.1,0.3030213232086476,0.457527474950468,0.08770249881091507,Pass
EOG7RK1BV|Stomoxys_calcitrans|GIGU01.1|GIGU01021610.1,0.2847699001906161,0.457527474950468,0.08770249881091507,Pass
EOG7RK1BV|Scaptodrosophila_lebanonensis|CAJNIT01|CAJNIT010000081.1_392,0.25479209315182716,0.457527474950468,0.08770249881091507,Pass
EOG7RK1BV|Scaptodrosophila_lebanonensis|CAJSMD01.1|CAJSMD010000069.1_398,0.2521263998779792,0.457527474950468,0.08770249881091507,Pass
EOG7RK1BV|Lucilia_sericata|CAJVQV01|CAJVQV010000232.1_175,0.26690011796739693,0.457527474950468,0.08770249881091507,Pass
EOG7RK1BV|Teleopsis_dalmanni|CAKJUZ01.1|CAKJUZ010003099.1_4,0.24894289936575764,0.457527474950468,0.08770249881091507,Pass
EOG7RK1BV|Stomoxys_calcitrans|130608_189_16|C138189_a_8_0_l_1137,0.24781611817888013,0.457527474950468,0.08770249881091507,Pass
EOG7RK1BV|Lucilia_sericata|130919_247_21|s3797_L_4061_1_a_19_9_l_1160,0.26691324092792956,0.457527474950468,0.08770249881091507,Pass
EOG7RK1BV|Stomoxys_calcitrans|CAJZLI01|CAJZLI010000457.1_222,0.25430330647828564,0.457527474950468,0.08770249881091507,Pass
EOG7RK1BV|Teleopsis_dalmanni|130928_232_71|C89444_a_23_0_l_1154,0.2480558586415493,0.44615620090231634,0.08434891967078428,Pass
EOG7RK1BV|Lucilia_sericata|GIGV01.1|GIGV01020427.1,0.26868409456994935,0.4522815706113187,0.07770081792823036,Pass
EOG7RK1BV|Ceratitis_capitata|130314_269_33|C66140_a_8_0_l_1091,0.24344144436873105,0.4522815706113187,0.07770081792823036,Pass
EOG7RK1BV|Stomoxys_calcitrans|CAKKXW01|CAKKXW010000003.1_15539,0.2904344262727916,0.45982313407043146,0.08708298685610838,Pass
EOG7RK1BV|Stomoxys_calcitrans|120823_263_57|s10316_L_28871_0_a_33_7_l_1234,0.30154927093499406,0.45982313407043146,0.08708298685610838,Pass
EOG7RK1BV|Teleopsis_dalmanni|CAJSMG01|CAJSMG010000425.1_281,0.2666264852393715,0.4569107870051131,0.0882723357749704,Pass
EOG7RK1BV|Teleopsis_dalmanni|120707_249_19|C195252_a_19_0_l_2868,0.32488122902984456,0.4569107870051131,0.0882723357749704,Pass
EOG7RK1BV|Musca_domestica|CAJHUG01.1|CAJHUG010000043.1_120,0.25716552599050685,0.4569107870051131,0.0882723357749704,Pass
EOG7RK1BV|Lucilia_sericata|130928_232_22|s2990_L_3133_1_a_73_8_l_2815,0.27286890158754173,0.4569107870051131,0.0882723357749704,Pass
EOG7RK1BV|Glossina_morsitans|130919_247_44|C88218_a_13_0_l_544,0.21647242375984388,0.34888945795709586,0.06695613027819824,Pass
EOG7RK1BV|Teleopsis_dalmanni|GIGQ01.1|GIGQ01018545.1,0.2670488040127757,0.46249369691067466,0.08758751284964561,Pass
EOG7RK1BV|Lucilia_sericata|GCMY01.1|GCMY01069517.1,0.25566739101459146,0.46249369691067466,0.08758751284964561,Pass
EOG7RK1BV|Lucilia_sericata|130928_232_84|s2571_L_5521_0_a_16_6_l_1080,0.273894715046494,0.46249369691067466,0.08758751284964561,Pass
EOG7RK1BV|Musca_domestica|GIGL01.1|GIGL01014025.1,0.2729248085479463,0.46249369691067466,0.08758751284964561,Pass
EOG7RK1BV|Musca_domestica|GCGQ01.1|GCGQ01033747.1,0.2475929507765936,0.45787199148569946,0.07944910637090619,Pass
EOG7RK1BV|Stomoxys_calcitrans|GCNJ01.1|GCNJ01027572.1,0.257681466474001,0.45787199148569946,0.07944910637090619,Pass
EOG7RK1BV|Stomoxys_calcitrans|GCVD01.1|GCVD01018594.1,0.2469233125201553,0.45787199148569946,0.07944910637090619,Pass
EOG7RK1BV|Stomoxys_calcitrans|130928_232_37|C108748_a_31_0_l_1233,0.24523004812263977,0.45787199148569946,0.07944910637090619,Pass
EOG7RK1BV|Teleopsis_dalmanni|120429_266_9|C109725_a_26_0_l_2294,0.26158134756225715,0.45295516692914617,0.07816875475009599,Pass
EOG7RK1BV|Musca_domestica|GIFO01.1|GIFO01024245.1,0.23574723146978216,0.45295516692914617,0.07816875475009599,Pass
EOG7RK1BV|Musca_domestica|GIFG01.1|GIFG01008251.1,0.2381716745694684,0.4532710184901419,0.08810910205332512,Pass
EOG7RK1BV|Drosophila_melanogaster|130928_232_126|C130977_a_17_0_l_1181,0.2997886549801644,0.4532710184901419,0.08810910205332512,Pass
EOG7RK1BV|Lucilia_sericata|130919_247_55|C93223_a_19_0_l_929,0.2799590906061234,0.4810247486465583,0.08507347254447017,Pass
EOG7RK1BV|Stomoxys_calcitrans|130919_247_17|C74438_a_8_0_l_1106,0.2674493410345067,0.45214848220844217,0.08733493910042878,Pass
EOG7RK1BV|Stomoxys_calcitrans|CAJZBV01|CAJZBV010000086.1_2178,0.2656814089447142,0.45214848220844217,0.08733493910042878,Pass
EOG7RK1BV|Musca_domestica|131012_246_93|C63613_a_10_0_l_405,0.25997338633880596,0.3808387118461746,0.0665927121151002,Pass
EOG7RK1BV|Stomoxys_calcitrans|120126_283_11|C119369_a_9_0_l_993,0.26982118979494174,0.4613029186441977,0.08736255953044736,Pass
EOG7RK1BV|Teleopsis_dalmanni|GIFH01.1|GIFH01002909.1,0.2953189431369967,0.4613029186441977,0.08736255953044736,Pass
EOG7RK1BV|Stomoxys_calcitrans|130919_247_71|C69882_a_14_0_l_1094,0.2875890480680818,0.458395054721981,0.0885596790458687,Pass
EOG7RK1BV|Lucilia_sericata|GCGW01.1|GCGW01049298.1,0.29721854687367016,0.4555097943561415,0.08435052056413994,Pass
EOG7RK1BV|Scaptodrosophila_lebanonensis|GCFU01.1|GCFU01014159.1,0.2851842382421701,0.4570263349004318,0.08499407560295069,Pass
EOG7RK1BV|Lucilia_sericata|GAVA02.1|GAVA02000106.1,0.2717438823118382,0.45169381702283073,0.0762212522153205,Pass
EOG7RK1BV|Scaptodrosophila_lebanonensis|CAJMZT01.1|CAJMZT010000205.1_227,0.2606112608667727,0.4498132885632885,0.08572446072446072,Pass
EOG7RK1BV|Scaptodrosophila_lebanonensis|GCGG01.1|GCGG01016691.1,0.2852161916544456,0.4498132885632885,0.08572446072446072,Pass
EOG7RK1BV|Stomoxys_calcitrans|GIFM01.1|GIFM01016546.1,0.24465096663736907,0.4498132885632885,0.08572446072446072,Pass
EOG7RK1BV|Lucilia_sericata|GCFF01.1|GCFF01004206.1,0.2501778962672122,0.45368804089344994,0.07760806144959931,Pass
EOG7RK1BV|Lucilia_sericata|GCNB01.1|GCNB01007513.1,0.24979969732692484,0.4541980307404941,0.0779482961585366,Pass
EOG7RK1BV|Teleopsis_dalmanni|GIGO01.1|GIGO01008671.1,0.24684079606354617,0.45773413608562674,0.08043944642077006,Pass
EOG7RK1BV|Teleopsis_dalmanni|GAZD02.1|GAZD02032152.1,0.27533462801808145,0.45773413608562674,0.08043944642077006,Pass
EOG7RK1BV|Teleopsis_dalmanni|GCGH01.1|GCGH01013674.1,0.28244345759892364,0.4556241914165681,0.07894333767243944,Pass
EOG7RK1BV|Lucilia_sericata|GCLW01.1|GCLW01016978.1,0.25705353529701874,0.4724986799636539,0.08627572118880378,Pass
EOG7RK1BV|Stomoxys_calcitrans|GCNK01.1|GCNK01043218.1,0.23338738107045243,0.427517881084777,0.07909341965396965,Pass
EOG7RK1BV|Stomoxys_calcitrans|GCMC01.1|GCMC01018554.1,0.3392490303353184,0.4683101917305594,0.08550858967858321,Pass
EOG7RK1BV|Stomoxys_calcitrans|GCFN01.1|GCFN01025523.1,0.23779550871587218,0.456268963925515,0.07834357012250315,Pass
EOG7RK1BV|Musca_domestica|GDDE01.1|GDDE01018557.1,0.24073260250167958,0.34693370165745846,0.06740331491712703,Pass
EOG7RK1BV|Teleopsis_dalmanni|GCGS01.1|GCGS01013362.1,0.260102099155913,0.4501834749684923,0.08627858765908225,Pass
EOG7RK1BV|Scaptodrosophila_lebanonensis|GDDH01.1|GDDH01062344.1,0.2649353450487832,0.459100494802198,0.08102504936127697,Pass
EOG7RK1BV|Scaptodrosophila_lebanonensis|GIGS01.1|GIGS01052614.1,0.2749132125354711,0.459100494802198,0.08102504936127697,Pass
EOG7RK1BV|Lucilia_sericata|GCMS01.1|GCMS01028393.1,0.27895545049272563,0.46108921314101886,0.0866383703324679,Pass
EOG7RK1BV|Lucilia_sericata|GCFJ01.1|GCFJ01022303.1,0.28381565544195114,0.46108921314101886,0.0866383703324679,Pass
EOG7RK1BV|Teleopsis_dalmanni|CAKLPK01.1|CAKLPK010000001.1_610,0.2820159549389029,0.46108921314101886,0.0866383703324679,Pass
EOG7RK1BV|Musca_domestica|GDDC01.1|GDDC01027213.1,0.25924553764422326,0.4556241914165681,0.07894333767243944,Pass
EOG7RK1BV|Teleopsis_dalmanni|GIFT01.1|GIFT01005333.1,0.2619525930826874,0.455080006275002,0.08601458937955919,Pass
EOG7RK1BV|Lucilia_sericata|GIFS01.1|GIFS01018464.1,0.2808211789426031,0.4592520827239105,0.08174055210716769,Pass
EOG7RK1BV|Scaptodrosophila_lebanonensis|GIFR01.1|GIFR01030934.1,0.25670168337696264,0.4592520827239105,0.08174055210716769,Pass
EOG7RK1BV|Lucilia_sericata|GHFF01.1|GHFF01000378.1,0.2563106871626078,0.45496652743674265,0.07821342584512236,Pass
EOG7RK1BV|Musca_domestica|GIFE01.1|GIFE01015809.1,0.2573559958608606,0.4504156340223832,0.07760121692630884,Pass
EOG7RK1BV|Stomoxys_calcitrans|GIGW01.1|GIGW01007175.1,0.2559771525336649,0.4664388458128993,0.08896124770390401,Pass
EOG7RK1BV|Musca_domestica|GIGM01.1|GIGM01008978.1,0.21016509823747248,0.3541724519711461,0.06901129193521971,Pass
EOG7RK1BV|Lucilia_sericata|GIGM01.1_1|GIGM01008977.1,0.3877159098631779,0.5388591411707242,0.09949449475957606,Pass
EOG7RK1BV|Lucilia_sericata|GHEX01.1|GHEX01010385.1,0.24914486378673859,0.46404999702386446,0.08834853214944716,Pass
EOG7RK1BV|Stomoxys_calcitrans|GIGP01.1|GIGP01001962.1,0.18156523840875116,0.34989795918367333,0.06482593037214879,Pass
EOG7RK1BV|Lucilia_sericata|GIGP01.1_1|GIGP01001965.1,0.3129612199707684,0.5236758291258612,0.09006150794936774,Pass
EOG7RK1BV|Ceratitis_capitata|GIFF01.1|GIFF01020174.1,0.24059297695276863,0.42769172477305634,0.07842704907249054,Pass
EOG7RK1BV|Teleopsis_dalmanni|GIGT01.1|GIGT01010629.1,0.24693018586711762,0.45124505421098604,0.0867118853090797,Pass
EOG7RK1BV|Zeugodacus_cucurbitae|AHE_100_S30_merged_SPM|NODE_196732_length_94_cov_128_AU,0.3274274653141998,0.6640156532209512,0.1365356497806829,Pass
EOG7RK1BV|Musca_domestica|AHE_115_S22_merged_SPM|NODE_170952_length_96_cov_132_AU,0.28256137959076283,0.5531171383647797,0.11077044025157223,Pass
EOG7RK1BV|Scaptodrosophila_lebanonensis|AHE_116_S35_merged_SPM|NODE_93772_length_238_cov_0.900621_R,0.23668165676337588,0.38342138523761377,0.09057128412537918,Pass
EOG7RK1BV|Drosophila_melanogaster|AHE_117_S52_merged_SPM|NODE_11544_length_354_cov_0.667870_S,0.2962443050503832,0.3668838028169016,0.06866197183098599,Pass
EOG7RK1BV|Musca_domestica|AHE_120_S31_merged_SPM|NODE_76336_length_263_cov_0.795699_R,0.33780835254823033,0.5829350104821801,0.11395627433363276,Pass
EOG7RK1BV|Teleopsis_dalmanni|AHE_121_S5_merged_SPM|NODE_493343_length_136_cov_212_AU,0.36622807017543857,0.6063154960981046,0.10523968784838345,Pass
EOG7RK1BV|Musca_domestica|AHE_122_S39_merged_SPM|NODE_70485_length_240_cov_0.711656_S,0.358974358974359,0.5972003881610867,0.1283357593401261,Pass
EOG7RK1BV|Lucilia_sericata|AHE_123_S56_merged_SPM|NODE_42533_length_270_cov_0.766839_S,0.3299548174380266,0.5355954761131713,0.09635047306572797,Pass
EOG7RK1BV|Rhagoletis_pomonella|AHE_126_S12_merged_SPM|NODE_20041_length_472_cov_0.792405_R,0.1846776486238643,0.34620585365853646,0.06759024390243895,Pass
EOG7RK1BV|Stomoxys_calcitrans|AHE_12_S18_merged_SPM|NODE_35352_length_279_cov_0.732673_S,0.22802341059098158,0.42157626189986996,0.07817272789534968,Pass
EOG7RK1BV|Musca_domestica|AHE_134_S14_merged_SPM|NODE_7291_length_444_cov_0.989101_S,0.34897649861322655,0.5687345679012344,0.11419753086419748,Pass
EOG7RK1BV|Stomoxys_calcitrans|AHE_136_S35_merged_SPM|NODE_36520_length_299_cov_1.171171_R,0.28507896474870703,0.41546645685975125,0.07721309942978216,Pass
EOG7RK1BV|Drosophila_melanogaster|AHE_139_S14_merged_SPM|NODE_36866_length_249_cov_0.680233_S,0.2836810252014403,0.4782737430167597,0.0860015961691939,Pass
EOG7RK1BV|Hermetia_illucens|AHE_13_S26_merged_SPM|NODE_60141_length_269_cov_0.770833_R,0.2299477752001401,0.41377938517179025,0.07938517179023508,Pass
EOG7RK1BV|Drosophila_melanogaster|AHE_143_S57_merged_SPM|NODE_25684_length_255_cov_0.831461_R,0.18018296934705602,0.32214207650273224,0.06699453551912571,Pass
EOG7RK1BV|Scaptodrosophila_lebanonensis|AHE_146_S23_merged_SPM|NODE_43003_length_265_cov_0.771277_R,0.2250309946037027,0.3988005018576515,0.07493240483183883,Pass
EOG7RK1BV|Lucilia_sericata|AHE_146_S23_merged_SPM_1|NODE_109409_length_242_cov_0.678788_S,0.3329028091701647,0.5421128144654089,0.09933176100628938,Pass
EOG7RK1BV|Teleopsis_dalmanni|AHE_147_S43_merged_SPM|NODE_13343_length_263_cov_0.795699_R,0.287003064572999,0.47600103199174415,0.09494324045407643,Pass
EOG7RK1BV|Drosophila_melanogaster|AHE_14_S48_merged_SPM|NODE_11837_length_341_cov_0.674242_S,0.22125224036071803,0.3646916218632505,0.06689282696287946,Pass
EOG7RK1BV|Lucilia_sericata|AHE_14_S48_merged_SPM_1|NODE_54928_length_276_cov_1.115578_R,0.33498985788978947,0.5445705492289105,0.10107410261533045,Pass
EOG7RK1BV|Anopheles_stephensi|AHE_157_S17_merged_SPM|NODE_7378_length_103_cov_146_A,0.17797714838842674,0.3327879537198157,0.0758005922398266,Pass
EOG7RK1BV|Stomoxys_calcitrans|AHE_161_S18_merged_SPM|NODE_118272_length_421_cov_1.575581_R,0.2137343100362508,0.37962424360726144,0.06865396949332148,Pass
EOG7RK1BV|Lucilia_sericata|AHE_162_S18_merged_SPM|NODE_19316_length_272_cov_0.753846_S,0.34961556241417285,0.5279321714554874,0.08728214790390953,Pass
EOG7RK1BV|Aedes_aegypti|AHE_168_S70_merged_SPM|NODE_3362_length_763_cov_0.906706_S,0.12975222695881772,0.2031962714100421,0.050474200173536765,Pass
EOG7RK1BV|Rhagoletis_pomonella|AHE_172_S16_merged_SPM|NODE_2290_length_126_cov_192_AU,0.23615475965282853,0.48284269662921364,0.09707865168539331,Pass
EOG7RK1BV|Glossina_morsitans|AHE_175_S40_merged_SPM|NODE_33582_length_256_cov_0.748603_S,0.3394695078376598,0.6528949920648915,0.14428672191853287,Pass
EOG7RK1BV|Glossina_morsitans|AHE_182_S27_merged_SPM|NODE_15125_length_141_cov_222_AU,0.30736455768317933,0.5879779320605008,0.13315150012397714,Pass
EOG7RK1BV|Rhagoletis_pomonella|AHE_183_S63_merged_SPM|NODE_19310_length_336_cov_0.837838_R,0.31597545099497865,0.565056217321225,0.11113731965247475,Pass
EOG7RK1BV|Glossina_morsitans|AHE_184_S38_merged_SPM|NODE_1109_length_1003_cov_0.749460_S,0.3124131520855118,0.5875256373341603,0.1134244390794924,Pass
EOG7RK1BV|Rhagoletis_pomonella|AHE_190_S36_merged_SPM|NODE_39976_length_247_cov_0.682353_S,0.2908207644533585,0.5260601051317362,0.10333131500404558,Pass
EOG7RK1BV|Scaptodrosophila_lebanonensis|AHE_203_S24_merged_SPM|NODE_42324_length_151_cov_242_A,0.19405932779530707,0.3920495495495495,0.11036036036036034,Pass
EOG7RK1BV|Rhagoletis_pomonella|AHE_205_S52_merged_SPM|NODE_33374_length_229_cov_0.967105_S,0.13910805215715163,0.2504467463141839,0.06373919674631412,Pass
EOG7RK1BV|Stomoxys_calcitrans|AHE_220_S54_merged_SPM|NODE_31233_length_296_cov_0.721461_R,0.35769518583187826,0.5147936654722,0.07866142642469087,Pass
EOG7RK1BV|Scaptodrosophila_lebanonensis|AHE_23_S35_merged_SPM|NODE_22951_length_263_cov_0.795699_R,0.3535247284275421,0.6128486055776893,0.11800959427595736,Pass
EOG7RK1BV|Lucilia_sericata|AHE_252_S17_SPM|NODE_82545_length_251_cov_0.752874_R,0.3693567251461988,0.5374494752498932,0.10110670785616949,Pass
EOG7RK1BV|Musca_domestica|AHE_254_S17_SPM|NODE_39192_length_246_cov_0.875740_R,0.2394620014527782,0.4062032085561499,0.07754010695187175,Pass
EOG7RK1BV|Musca_domestica|AHE_259_S18_SPM|NODE_8045_length_695_cov_0.817152_S,0.38207603098384557,0.5690670362549047,0.10154553960745727,Pass
EOG7RK1BV|Glossina_morsitans|AHE_259_S18_SPM_1|NODE_29113_length_297_cov_0.786364_R,0.22776021563813992,0.3817507002801121,0.08403361344537819,Pass
EOG7RK1BV|Stomoxys_calcitrans|AHE_262_S21_SPM|NODE_75433_length_371_cov_0.755102_R,0.2715492159657403,0.3815095294900962,0.06794789990567618,Pass
EOG7RK1BV|Musca_domestica|AHE_263_S22_SPM|NODE_38593_length_240_cov_0.674847_S,0.27709564982731766,0.5004862726849699,0.08562121917170784,Pass
EOG7RK1BV|Lucilia_sericata|AHE_266_S26_SPM|NODE_131797_length_458_cov_1.304462_R,0.22903041774969365,0.38385114746145993,0.07116258498063188,Pass
EOG7RK1BV|Hermetia_illucens|AHE_267_S19_SPM|NODE_78834_length_244_cov_0.880240_R,0.2399798876567096,0.38439906417112285,0.06135026737967908,Pass
EOG7RK1BV|Glossina_morsitans|AHE_269_S23_SPM|NODE_61502_length_97_cov_134_A,0.3335979234349905,0.6298383654510076,0.1364634988387421,Pass
EOG7RK1BV|Rhagoletis_pomonella|AHE_271_S21_SPM|NODE_17536_length_528_cov_1.638581_S,0.3282571912013536,0.5736239075390018,0.1106142285387568,Pass
EOG7RK1BV|Glossina_morsitans|AHE_272_S22_SPM|NODE_82861_length_254_cov_0.598870_S,0.4325690421610973,0.692962962962963,0.12962962962962965,Pass
EOG7RK1BV|Musca_domestica|AHE_273_S20_SPM|NODE_51419_length_263_cov_0.784946_R,0.307357031678108,0.581619868777779,0.13106096491670116,Pass
EOG7RK1BV|Scaptodrosophila_lebanonensis|AHE_274_S21_SPM|NODE_1735_length_241_cov_0.902439_R,0.22184086044379492,0.420947477758208,0.08167366662150566,Pass
EOG7RK1BV|Teleopsis_dalmanni|AHE_277_S24_SPM|NODE_53403_length_245_cov_0.880952_R,0.31806737801222873,0.5540791324891826,0.10439860900958298,Pass
EOG7RK1BV|Musca_domestica|AHE_278_S24_SPM|NODE_432466_length_102_cov_144_AU,0.2949067796061695,0.5375321578262754,0.09512935395288336,Pass
EOG7RK1BV|Teleopsis_dalmanni|AHE_280_S24_SPM|NODE_3280_length_376_cov_1.237458_R,0.32792993290651623,0.6068338716858169,0.11992156788451158,Pass
EOG7RK1BV|Lucilia_sericata|AHE_281_S27_SPM|NODE_82760_length_234_cov_0.942675_R,0.31202176749385285,0.5216205758258093,0.08896443171632817,Pass
EOG7RK1BV|Bradysia_coprophila|AHE_282_S24_SPM|NODE_46522_length_241_cov_0.902439_R,0.04073802062932499,0.14564042303172728,0.048531139835487624,Pass
EOG7RK1BV|Lucilia_sericata|AHE_283_S23_SPM|NODE_32634_length_418_cov_1.601173_S,0.24706890222240013,0.42805427346464153,0.07567823996461664,Pass
EOG7RK1BV|Anopheles_stephensi|AHE_47_S27_merged_SPM|NODE_61919_length_417_cov_0.788235_R,0.2505331399812335,0.3388709677419356,0.06451612903225812,Pass
EOG7RK1BV|Drosophila_melanogaster|AHE_51_S42_merged_SPM|NODE_63161_length_151_cov_313_AU,0.187939531220055,0.353175727697912,0.07064961331172936,Pass
EOG7RK1BV|Teleopsis_dalmanni|AHE_54_S60_merged_SPM|NODE_40792_length_376_cov_0.705686_S,0.18197573040105336,0.33999999999999997,0.0714285714285714,Pass
EOG7RK1BV|Scaptodrosophila_lebanonensis|AHE_55_S43_merged_SPM|NODE_21730_length_256_cov_0.826816_R,0.16089300050492822,0.31509024873431635,0.06189742460928893,Pass
EOG7RK1BV|Scaptodrosophila_lebanonensis|AHE_61_S61_merged_SPM|NODE_28107_length_236_cov_0.930818_R,0.08026571739807033,0.19134765845466248,0.04598675653113826,Pass
EOG7RK1BV|Teleopsis_dalmanni|AHE_64_S44_merged_SPM|NODE_9350_length_262_cov_1.129730_R,0.3649949983030228,0.5411961109436237,0.09964899435806884,Pass
EOG7RK1BV|Scaptodrosophila_lebanonensis|AHE_65_S28_merged_SPM|NODE_18452_length_290_cov_1.037559_R,0.20048992857814316,0.3354063174946005,0.05656978476204666,Pass
EOG7RK1BV|Stomoxys_calcitrans|AHE_66_S68_merged_SPM|NODE_6651_length_261_cov_0.570652_R,0.32247040165273994,0.3836885245901639,0.07650273224043713,Pass
EOG7RK1BV|Lucilia_sericata|AHE_78_S12_merged_SPM|NODE_5040_length_592_cov_0.900971_S,0.33055266418008733,0.5064622583201845,0.09589389719836838,Pass
EOG7RK1BV|Lucilia_sericata|AHE_82_S29_merged_SPM|NODE_10062_length_301_cov_0.888393_R,0.23939979538479028,0.38005111446287915,0.08283176518470636,Pass
EOG7RK1BV|Anopheles_stephensi|AHE_89_S15_merged_SPM|NODE_19194_length_247_cov_0.870588_R,0.2528142711903535,0.3192711455211456,0.06863969363969369,Pass
EOG7RK1BV|Lucilia_sericata|CNC485058_S23_SPM|NODE_133152_length_258_cov_456_AU,0.15363276070809476,0.3352860949284199,0.08646073251140318,Pass
EOG7RK1BV|Glossina_morsitans|CNC485542_S26_SPM|NODE_116251_length_250_cov_440_AU,0.19598548447151565,0.31768321153766466,0.08024009172664359,Pass
EOG7RK1BV|Aedes_aegypti|CNC485774_S81_SPM|NODE_24233_length_133_cov_206_AU,0.18078162439064696,0.33617306362378985,0.08245159059474416,Pass
EOG7RK1BV|Musca_domestica|CNC684456_S45_SPM|NODE_130465_length_269_cov_478_AU,0.2508030639980232,0.39185405127619477,0.07568663278707244,Pass
EOG7RK1BV|Teleopsis_dalmanni|CNC944366_S48_SPM|NODE_40028_length_121_cov_182_AU,0.1657754010695187,0.32303278688524584,0.08743169398907102,Pass
EOG7RK1BV|Lucilia_sericata|CNC_Dip1455_S94_SPM|NODE_24265_length_248_cov_436_AU,0.1453700384859188,0.3282508612364329,0.08463179439872004,Pass
EOG7RK1BV|Teleopsis_dalmanni|CNC_Dip208891_S34_SPM|NODE_38791_length_242_cov_424_AU,0.22848245073787624,0.37309401644910584,0.0636082396438542,Pass
EOG7RK1BV|Aedes_aegypti|JSBVM_26_S2_SPM|NODE_735740_length_150_cov_240_AU,0.20080529050835738,0.35965044058848644,0.07402662940103255,Pass
EOG7RK1BV|Stomoxys_calcitrans|JSM_10506_S5_SPM|NODE_1770415_length_273_cov_498_A,0.09615843474111191,0.2076046163345934,0.04713288237315694,Pass
EOG7RK1BV|Stomoxys_calcitrans|JSM_10507_S12_SPM|NODE_13626_length_346_cov_2.310502_R,0.20418142167245268,0.35238796101611986,0.07152113830814188,Pass
EOG7RK1BV|Musca_domestica|JSM_10540_S15_SPM|NODE_50445_length_237_cov_2.163636_R,0.27290774361508274,0.4960939470365701,0.08669609079445151,Pass
EOG7RK1BV|Lucilia_sericata|JSM_10605_S1_SPM|NODE_2901730_length_101_cov_142_AU,0.2246888239238833,0.37559883321894305,0.10518188057652711,Pass
EOG7RK1BV|Lucilia_sericata|JSM_10609_S2_SPM|NODE_8852810_length_241_cov_550_AU,0.22320399538993468,0.2653397486252947,0.07403770620581307,Pass
EOG7RK1BV|Scaptodrosophila_lebanonensis|JSM_10611_S9_SPM|NODE_295441_length_204_cov_472_AU,0.16847383306393257,0.3911223332989797,0.08781820055652889,Pass
EOG7RK1BV|Stomoxys_calcitrans|JSM_10699_S3_SPM|NODE_2384413_length_393_cov_1728_AU,0.2240000368008768,0.3718162096128734,0.06794725978347871,Pass
EOG7RK1BV|Lucilia_sericata|JSM_10699_S3_SPM_1|NODE_348268_length_177_cov_445_AU,0.13320574162679427,0.2605870943324819,0.07269237527540118,Pass
EOG7RK1BV|Ceratitis_capitata|JSM_11142_S4_SPM|NODE_59602_length_452_cov_1.024615_R,0.2165677664313216,0.36515759727555963,0.07088616766900946,Pass
EOG7RK1BV|Drosophila_melanogaster|JSM_11249_S5_SPM|NODE_87424_length_173_cov_2.913043_R,0.19365099756117565,0.36617614699086803,0.07783034437231817,Pass
EOG7RK1BV|Stomoxys_calcitrans|JSM_6712_S3_SPM|NODE_1944051_length_250_cov_440_AU,0.20340455098141394,0.26675362318840584,0.06057971014492758,Pass
EOG7RK1BV|Stomoxys_calcitrans|JSM_6314_S15_SPM_1|NODE_17801_length_235_cov_5.055556_R,0.16122426143646013,0.26675362318840584,0.06057971014492758,Pass
EOG7RK1BV|Stomoxys_calcitrans|JSM_11249_S5_SPM_1|NODE_889515_length_231_cov_402_AU,0.19705151682864322,0.26675362318840584,0.06057971014492758,Pass
EOG7RK1BV|Lucilia_sericata|JSM_11384_S6_SPM|NODE_140414_length_792_cov_2.103759_R,0.29925005454704934,0.4672198133313734,0.08142342701760641,Pass
EOG7RK1BV|Stomoxys_calcitrans|JSM_11396_S7_SPM|NODE_1681133_length_123_cov_186_AU,0.23904124854115757,0.4518609865470852,0.07623318385650224,Pass
EOG7RK1BV|Bradysia_coprophila|JSM_11457_S8_SPM|NODE_522512_length_273_cov_646_AU,0.36787849573608666,0.5233195795264761,0.08306316927006585,Pass
EOG7RK1BV|Stomoxys_calcitrans|JSM_11468_S9_SPM|NODE_1345238_length_179_cov_404_AU,0.3084509194482196,0.5034410650159713,0.08921095966509929,Pass
EOG7RK1BV|Lucilia_sericata|JSM_11685_S10_SPM|NODE_3241409_length_273_cov_596_AU,0.3760182050080468,0.5399414600550964,0.09249311294765838,Pass
EOG7RK1BV|Teleopsis_dalmanni|JSM_11709_S11_SPM|NODE_702074_length_364_cov_760_AU,0.15618421052631581,0.30591741359690067,0.07724174967075403,Pass
EOG7RK1BV|Teleopsis_dalmanni|JSM_11804_S12_SPM|NODE_4626_length_1531_cov_2.205128_S,0.23394943060675452,0.37306717081850543,0.07034189120488055,Pass
EOG7RK1BV|Bactrocera_dorsalis|JSM_11804_S12_SPM_2|NODE_103860_length_357_cov_2.034783_R,0.27339439788880515,0.42509523809523814,0.07428571428571429,Pass
EOG7RK1BV|Scaptodrosophila_lebanonensis|JSM_11804_S12_SPM_1|NODE_29682_length_620_cov_2.079108_S,0.3025185967647083,0.6389798841816519,0.1406400487656202,Pass
EOG7RK1BV|Lucilia_sericata|JSM_11807_S13_SPM|NODE_19866_length_622_cov_1.216162_S,0.2642505214852293,0.48632038288288293,0.09487612612612617,Pass
EOG7RK1BV|Stomoxys_calcitrans|JSM_5812_S4_SPM|NODE_17619_length_519_cov_1.262755_R,0.20477684159939769,0.31511828644501294,0.06081345581710951,Pass
EOG7RK1BV|Musca_domestica|JSM_6006_S14_SPM|NODE_100768_length_1024_cov_0.966555_R,0.24258557863530214,0.3724221602264893,0.06964987592027128,Pass
EOG7RK1BV|Hermetia_illucens|JSM_6006_S14_SPM_1|NODE_18786_length_1200_cov_1.842498_S,0.3671846855005979,0.5742609570661896,0.11500447227191413,Pass
EOG7RK1BV|Scaptodrosophila_lebanonensis|JSM_6043_S6_SPM|NODE_512940_length_214_cov_447_AU,0.24181136473071368,0.4569854986931964,0.0806966408517712,Pass
EOG7RK1BV|Rhagoletis_pomonella|JSM_6043_S6_SPM_1|NODE_1275139_length_280_cov_722_AU,0.32580771875994213,0.5204339266538675,0.10230711659236602,Pass
EOG7RK1BV|Bactrocera_dorsalis|JSM_6055_S7_SPM|NODE_55830_length_454_cov_1.165138_S,0.22605575790252275,0.37819574468085115,0.07395744680851069,Pass
EOG7RK1BV|Stomoxys_calcitrans|JSM_6145_S8_SPM|NODE_610027_length_347_cov_943_AU,0.17996198317410966,0.37009769094138556,0.069271758436945,Pass
EOG7RK1BV|Teleopsis_dalmanni|JSM_6145_S8_SPM_1|NODE_1090456_length_343_cov_1210_AU,0.2684876748834111,0.441546219603117,0.08925270393104079,Pass
EOG7RK1BV|Scaptodrosophila_lebanonensis|JSM_6152_S9_SPM|NODE_2799834_length_296_cov_620_AU,0.3112002146318601,0.5074019650465177,0.09064429180071298,Pass
EOG7RK1BV|Teleopsis_dalmanni|JSM_6152_S9_SPM_1|NODE_456269_length_224_cov_417_AU,0.19207752607944326,0.3039832547037871,0.06868741492158792,Pass
EOG7RK1BV|Drosophila_ficusphila|JSM_6153_S10_SPM|NODE_1596303_length_420_cov_1652_AU,0.2314349656326897,0.36888028094667347,0.06818111248424175,Pass
EOG7RK1BV|Lucilia_sericata|JSM_6153_S10_SPM_1|NODE_37272_length_627_cov_1.518000_S,0.3319063645335389,0.5264421187563948,0.09685000232536511,Pass
EOG7RK1BV|Musca_domestica|JSM_6163_S11_SPM|NODE_205552_length_269_cov_790_AU,0.2158395222599332,0.35220550411522633,0.059233539094650234,Pass
EOG7RK1BV|Musca_domestica|JSM_6258_S12_SPM|NODE_259771_length_196_cov_376_AU,0.32280015407869456,0.4730497229944203,0.08065692711105843,Pass
EOG7RK1BV|Aedes_aegypti|JSM_6310_S13_SPM|NODE_943250_length_235_cov_524_AU,0.16375300507721477,0.29052999812110003,0.06503960523323082,Pass
EOG7RK1BV|Stomoxys_calcitrans|JSM_6310_S13_SPM_1|NODE_11160_length_165_cov_4.000000_R,0.1937580439126909,0.35564935064935044,0.06493506493506485,Pass
EOG7RK1BV|Stomoxys_calcitrans|JSM_6314_S15_SPM|NODE_47133_length_203_cov_4.000000_R,0.280567317447871,0.4480998514499775,0.07393270038106314,Pass
EOG7RK1BV|Bactrocera_oleae|JSM_642_S1_SPM|NODE_15255_length_870_cov_1.804845_S,0.24199827206447358,0.3900551902149241,0.07592661563633196,Pass
EOG7RK1BV|Stomoxys_calcitrans|JSM_6892_S6_SPM|NODE_247253_length_207_cov_354_AU,0.2209650495872956,0.3919463582677166,0.06865157480314965,Pass
EOG7RK1BV|Drosophila_melanogaster|JSM_6897_S6_SPM|NODE_1274606_length_165_cov_403_AU,0.08005202211484044,0.20279502793856857,0.04985445176832737,Pass
EOG7RK1BV|Ceratitis_capitata|JSM_7192_S14_SPM|NODE_591932_length_209_cov_358_AU,0.39606011546471437,0.7418552334337349,0.1508847891566265,Pass
EOG7RK1BV|Stomoxys_calcitrans|JSM_7804_S15_SPM|NODE_1012320_length_165_cov_270_AU,0.39799178186815337,0.5520101886272889,0.09779705355913526,Pass
EOG7RK1BV|Glossina_morsitans|JSM_7821_S9_SPM|NODE_1278613_length_369_cov_779_AU,0.3589637614564964,0.5738419117647059,0.11213235294117652,Pass
EOG7RK1BV|Zeugodacus_cucurbitae|JSM_8315_S13_SPM|NODE_748265_length_125_cov_190_AU,0.321478377579172,0.5670626151012892,0.09805042230266081,Pass
EOG7RK1BV|Scaptodrosophila_lebanonensis|JSM_8384_S2_SPM|NODE_493232_length_251_cov_442_AU,0.3287081623343205,0.6026118600741255,0.12321327008293803,Pass
EOG7RK1BV|Scaptodrosophila_lebanonensis|JSM_8424_S12_SPM|NODE_1547153_length_234_cov_580_AU,0.3408663123226168,0.5789513513513515,0.10691891891891891,Pass
EOG7RK1BV|Lucilia_sericata|JSM_8601_S5_SPM|NODE_34399_length_374_cov_3.137652_R,0.3013795375339517,0.44323029787288926,0.07848939345588646,Pass
EOG7RK1BV|Hermetia_illucens|JSM_8931_S10_SPM|NODE_498355_length_256_cov_452_AU,0.3399927462793288,0.5115262411347518,0.08082269503546102,Pass
EOG7RK1BV|Hermetia_illucens|JSM_9171_S15_SPM|NODE_21967_length_141_cov_222_AU,0.19543025581164405,0.38442942942942937,0.06729389488010173,Pass
EOG7RK1BV|Ceratitis_capitata|JSM_9724_S16_SPM|NODE_2121604_length_229_cov_504_AU,0.24042750098190918,0.35611816846289635,0.05904102317198123,Pass
EOG7RK1BV|Lucilia_sericata|JSS17104_S21_SPM|NODE_166050_length_147_cov_234_AU,0.32975804440009976,0.4716666666666667,0.09195402298850575,Pass
EOG7RK1BV|Stomoxys_calcitrans|JSS18587_S35_SPM|NODE_1777_length_216_cov_372_A,0.17784117415833686,0.29604357970796336,0.057120276983290696,Pass
EOG7RK1BV|Stomoxys_calcitrans|JSS19038_S79_SPM|NODE_34757_length_143_cov_226_A,0.1434724471980157,0.23647116543809454,0.05374170923349736,Pass
EOG7RK1BV|Lucilia_sericata|JSS_29946_S53_SPM|NODE_1000_length_236_cov_4.000000_R,0.23434205834408056,0.3826988636363636,0.08806818181818177,Pass
EOG7RK1BV|Teleopsis_dalmanni|JSS_30651_S70_SPM|NODE_2532_length_153_cov_246_AU,0.32952675424360967,0.5950790513833992,0.10242800677583286,Pass
EOG7RK1BV|Anopheles_stephensi|Sample_655211_S1_SPM|NODE_1703169_length_200_cov_340_AU,0.17823273900094935,0.3213701067615658,0.07829181494661919,Pass
EOG7RK1BV|Rhagoletis_pomonella|ZMFK_18031_S11_SPM|NODE_621723_length_149_cov_238_AU,0.3067686977728486,0.5469774522712311,0.10959512837393026,Pass
EOG7RK1BV|Anopheles_stephensi|JXPC01.1|JXPC01054497.1_1,0.33357353050294075,0.488261939887311,0.09589997638557035,Pass
EOG7RK1BV|Anopheles_stephensi|JXPC01.1_1|JXPC01054497.1_2,0.20402972727241261,0.35449180327868846,0.06918032786885242,Pass
EOG7RK1BV|Lucilia_sericata|CAJHUJ01.1|CAJHUJ010000118.1_525,0.19355619891727588,0.3491661039087703,0.06935317204095315,Pass
EOG7RK1BV|Musca_domestica|CAJHUJ01.1_1|CAJHUJ010000118.1_526,0.31368089219759926,0.5605663412898535,0.10945500672926689,Pass
EOG7RK1BV|Lucilia_sericata|CAJVCN01|CAJVCN010000005.1_381,0.23850506276494185,0.40721857025472474,0.07395234182415777,Pass
EOG7RK1BV|Musca_domestica|CAJVCN01_1|CAJVCN010000005.1_380,0.36208122802550047,0.6133953282570431,0.1248845192597563,Pass
EOG7RK1BV|Rhagoletis_pomonella|CAKKTD01|CAKKTD010002678.1_83,0.2782325522935865,0.4661151603498542,0.08527696793002915,Pass
EOG7RK1BV|Drosophila_melanogaster|CAKKTD01_1|CAKKTD010002678.1_84,0.18091932417250023,0.3438728323699422,0.0722543352601156,Pass
EOG7RK1BV|Scaptodrosophila_lebanonensis|CAKAJG01.1|CAKAJG010000215.1_21,0.26779293913796837,0.4592043423852443,0.0810547044825497,Pass
EOG7RK1BV|Stomoxys_calcitrans|CAKAJG01.1_1|CAKAJG010000215.1_22,0.20695702062184584,0.3500000000000001,0.0591836734693878,Pass
EOG7RK1BV|Scaptodrosophila_lebanonensis|GCFV01.1|GCFV01019053.1,0.2541953494120281,0.45609744048372536,0.0837576178036723,Pass
