EOG77B0HB|Glossina_morsitans|130501_249_44|s1473_L_1506_0_a_30_1_l_2873,0.2590962742689389,nan,nan,Fail
EOG77B0HB|Lucilia_sericata|130608_189_16|C134351_a_4_0_l_936,0.35424261313165745,nan,nan,Fail
EOG77B0HB|Lucilia_sericata|130919_247_37|s6250_L_13362_0_a_33_4_l_2606,0.2954540721069131,0.6116039487721309,0.12047584004342721,Pass
EOG77B0HB|Glossina_morsitans|130928_232_71|C102596_a_16_0_l_4876,0.3370090901374095,0.5876686087523575,0.1218547341736359,Pass
EOG77B0HB|Rhagoletis_pomonella|130314_269_33|s3231_L_6852_0_a_8_4_l_1390,0.2558829380768809,0.6053140227697386,0.13326247970939203,Pass
EOG77B0HB|Rhagoletis_pomonella|130314_269_33_1|C52865_a_4_0_l_580,0.4441852119836815,nan,nan,Fail
EOG77B0HB|Hermetia_illucens|120823_263_57|C142418_a_9_0_l_1190,0.31617636457579307,0.553161467413987,0.11664999861773634,Pass
EOG77B0HB|Glossina_morsitans|130919_247_71|s3425_L_9242_0_a_17_5_l_3184,0.2940444969530152,0.6055161966002284,0.11971476072894088,Pass
EOG77B0HB|Glossina_morsitans|120126_283_11|C126473_a_9_0_l_1722,0.2943404275039211,0.6055161966002284,0.11971476072894088,Pass
EOG77B0HB|Glossina_morsitans|130919_247_21|C132436_a_15_0_l_2754,0.2906462225436535,0.6055161966002284,0.11971476072894088,Pass
EOG77B0HB|Glossina_morsitans|130919_247_21_1|C119852_a_3_0_l_943,0.3750965883551451,2.147215164576379,0.7799418824469865,Pass
EOG77B0HB|Glossina_morsitans|CAKAIX01.1_1|CAKAIX010000056.1_115,0.37695279665335096,2.147215164576379,0.7799418824469865,Pass
EOG77B0HB|Glossina_morsitans|130928_232_84|C49770_a_4_0_l_917,0.37438349052176556,nan,nan,Fail
EOG77B0HB|Lucilia_sericata|130928_232_84_1|C34478_a_4_0_l_359,0.15049130094348864,0.4015682671160834,0.10706815356664756,Pass
EOG77B0HB|Glossina_morsitans|130928_232_84_2|s3582_L_10878_0_a_5_5_l_916,0.24472110039951364,0.5714602093897535,0.14215225563909778,Pass
EOG77B0HB|Rhagoletis_pomonella|130928_232_37|s506_L_583_1_a_7_6_l_1256,0.24654866753851568,0.5557745977020712,0.1150204241797968,Pass
EOG77B0HB|Glossina_morsitans|CAJHUG01.1|CAJHUG010000051.1_41,0.32597281732837063,nan,nan,Fail
EOG77B0HB|Lucilia_sericata|120429_266_9|s7911_L_25989_0_a_28_6_l_2879,0.35939098573338046,nan,nan,Fail
EOG77B0HB|Lucilia_sericata|130928_232_126|C125789_a_6_0_l_829,0.2793247388079374,0.5710585765290909,0.15033406674887373,Pass
EOG77B0HB|Hermetia_illucens|130928_232_126_1|s1316_L_2273_0_a_8_8_l_626,0.32563434488943105,0.5980618336426923,0.11737539312488071,Pass
EOG77B0HB|Glossina_morsitans|GIFO01.1|GIFO01044003.1,0.28809624304884063,0.6083972494644839,0.12068161769509683,Pass
EOG77B0HB|Glossina_morsitans|130919_247_55|C107714_a_18_0_l_2590,0.2888650734439917,0.6083972494644839,0.12068161769509683,Pass
EOG77B0HB|Glossina_morsitans|130919_247_55_1|C89593_a_8_0_l_789,0.25163792641648053,0.6195743975088005,0.1399363660980233,Pass
EOG77B0HB|Stomoxys_calcitrans|JSM_11804_S12_SPM_2|NODE_51603_length_797_cov_0.956716_R,0.3979526837079288,2.0806160100062536,0.7453408380237648,Pass
EOG77B0HB|Stomoxys_calcitrans|JSM_10699_S3_SPM_4|NODE_105457_length_547_cov_1.890476_R,0.3823213975860186,2.0806160100062536,0.7453408380237648,Pass
EOG77B0HB|Stomoxys_calcitrans|AHE_34_S58_merged_SPM|NODE_4951_length_480_cov_0.734491_R,0.39507005005815743,2.0806160100062536,0.7453408380237648,Pass
EOG77B0HB|Stomoxys_calcitrans|130919_247_55_2|C94917_a_8_0_l_1013,0.39666182591101967,2.0806160100062536,0.7453408380237648,Pass
EOG77B0HB|Glossina_morsitans|130919_247_17|C74572_a_8_0_l_1118,0.3453856205824311,0.7456938136098219,0.15363417489297326,Pass
EOG77B0HB|Stomoxys_calcitrans|130919_247_17_2|C68426_a_3_0_l_772,0.3823715546350831,2.093005157397947,0.7538850776042427,Pass
EOG77B0HB|Stomoxys_calcitrans|JSM_6145_S8_SPM_1|NODE_13382_length_656_cov_1.001890_S,0.39523394593120803,2.093005157397947,0.7538850776042427,Pass
EOG77B0HB|Stomoxys_calcitrans|JSM_6152_S9_SPM_1|NODE_20757_length_535_cov_0.715686_S,0.4018441361413718,2.093005157397947,0.7538850776042427,Pass
EOG77B0HB|Hermetia_illucens|130919_247_17_1|s2228_L_3019_0_a_22_2_l_990,0.2112158628839877,0.49139155484616226,0.09729093735950489,Pass
EOG77B0HB|Hermetia_illucens|131012_246_93|C78769_a_9_0_l_817,0.2463984998487709,0.5398996895020669,0.11125911699472985,Pass
EOG77B0HB|Stomoxys_calcitrans|120126_283_11_2|C109691_a_3_0_l_612,0.3413206438607496,0.639440888854243,0.16256881504629805,Pass
EOG77B0HB|Scaptodrosophila_lebanonensis|120126_283_11_1|C111043_a_3_0_l_649,0.24447636879030785,nan,nan,Fail
EOG77B0HB|Glossina_morsitans|120126_283_11_3|C113217_a_3_0_l_717,0.37548795957262654,1.958880718954248,0.6947945845004668,Pass
EOG77B0HB|Hermetia_illucens|120707_249_19|s6246_L_11114_0_a_6_0_l_1242,0.3056859951466338,0.5461628157365827,0.1138427357451316,Pass
EOG77B0HB|Glossina_morsitans|120707_249_19_1|C154239_a_3_0_l_395,0.4137516022168555,2.10675983436853,0.7598343685300207,Pass
EOG77B0HB|Glossina_morsitans|130919_247_71_1|C43705_a_5_0_l_281,0.2403482489095678,0.44169877659480883,0.09696135005879974,Pass
EOG77B0HB|Lucilia_sericata|GCVD01.1|GCVD01019077.1,0.2568246014356196,0.5865593744317149,0.12452567133418202,Pass
EOG77B0HB|Glossina_morsitans|GCVD01.1_1|GCVD01003094.1,0.28705244483059267,0.6309570345300591,0.14339159920261008,Pass
EOG77B0HB|Glossina_morsitans|GCGW01.1|GCGW01031541.1,0.31692930412670606,0.5877874891061244,0.1376477639402388,Pass
EOG77B0HB|Glossina_morsitans|GCGW01.1_1|GCGW01043303.1,0.38084766764040867,nan,nan,Fail
EOG77B0HB|Glossina_morsitans|GCFU01.1|GCFU01019358.1,0.31207429607521575,nan,nan,Fail
EOG77B0HB|Glossina_morsitans|GAVA02.1|GAVA02023352.1,0.26595532963937696,nan,nan,Fail
EOG77B0HB|Glossina_morsitans|GHFF01.1|GHFF01000412.1,0.2734012294768705,nan,nan,Fail
EOG77B0HB|Glossina_morsitans|GCGG01.1|GCGG01017553.1,0.2766702897479663,nan,nan,Fail
EOG77B0HB|Glossina_morsitans|GDDC01.1|GDDC01027244.1,0.28532242795966317,nan,nan,Fail
EOG77B0HB|Lucilia_sericata|GCFF01.1|GCFF01021812.1,0.33781236405925325,nan,nan,Fail
EOG77B0HB|Lucilia_sericata|GCFF01.1_1|GCFF01017016.1,0.14311371762395458,0.3888647242423199,0.09430734216367331,Pass
EOG77B0HB|Stomoxys_calcitrans|GCFF01.1_2|GCFF01026297.1,0.4169197185755376,2.012993388725096,0.6987045474850353,Pass
EOG77B0HB|Lucilia_sericata|GCFV01.1|GCFV01024240.1,0.28284016957317654,nan,nan,Fail
EOG77B0HB|Stomoxys_calcitrans|GCNB01.1|GCNB01028973.1,0.29624899106770797,0.5774804478127692,0.12399878635862366,Pass
EOG77B0HB|Lucilia_sericata|GCNB01.1_1|GCNB01029063.1,0.28320818578156143,0.6218317128470139,0.11978267526159908,Pass
EOG77B0HB|Lucilia_sericata|GCNB01.1_2|GCNB01004413.1,0.2532788491875701,nan,nan,Fail
EOG77B0HB|Glossina_morsitans|GAZD02.1|GAZD02031441.1,0.3173100847592771,0.5931555799410859,0.1317814699345693,Pass
EOG77B0HB|Glossina_morsitans|GCLW01.1|GCLW01023473.1,0.2133242589920426,0.6636654042658099,0.1630863465770367,Pass
EOG77B0HB|Lucilia_sericata|GCNK01.1|GCNK01060706.1,0.3457363913523529,0.6202190422607554,0.12338792542066218,Pass
EOG77B0HB|Stomoxys_calcitrans|GCNK01.1_1|GCNK01008857.1,0.15402469013067127,0.48232799879640653,0.1131998104012531,Pass
EOG77B0HB|Hermetia_illucens|GCMC01.1|GCMC01005838.1,0.11036581516616722,0.3428057919827736,0.10130776411072212,Pass
EOG77B0HB|Hermetia_illucens|GCMC01.1_3|GCMC01015057.1,0.29251126126126126,0.5315333076364955,0.11700752766189004,Pass
EOG77B0HB|Hermetia_illucens|GCMC01.1_1|GCMC01010119.1,0.41715486692736015,0.8399530263360543,0.1765857736903479,Pass
EOG77B0HB|Lucilia_sericata|GCMC01.1_2|GCMC01014117.1,0.3424566594129108,0.6595729614634592,0.152274570363016,Pass
EOG77B0HB|Musca_domestica|GCFN01.1|GCFN01004549.1,0.3205322486110112,nan,nan,Fail
EOG77B0HB|Stomoxys_calcitrans|GCFN01.1_1|GCFN01000248.1,0.24276609776470712,0.6082704401100446,0.136669298030546,Pass
EOG77B0HB|Stomoxys_calcitrans|GCFN01.1_2|GCFN01008759.1,0.21648307365675204,0.5582938971223921,0.1574269071550492,Pass
EOG77B0HB|Lucilia_sericata|GCGQ01.1|GCGQ01019394.1,0.264398882340367,nan,nan,Fail
EOG77B0HB|Stomoxys_calcitrans|GCGQ01.1_1|GCGQ01039915.1,0.38339920449008147,2.084414456858258,0.7525373536142146,Pass
EOG77B0HB|Glossina_morsitans|GCGQ01.1_2|GCGQ01027784.1,0.2846079819929602,0.7077665089030272,0.16090699126341718,Pass
EOG77B0HB|Glossina_morsitans|GCGQ01.1_3|GCGQ01000575.1,0.17161689180405998,0.6811329647802125,0.2291050544428015,Pass
EOG77B0HB|Hermetia_illucens|GDDE01.1|GDDE01022537.1,0.30870407006875805,0.604012587153199,0.13095800782356454,Pass
EOG77B0HB|Zeugodacus_cucurbitae|GDDE01.1_4|GDDE01006632.1,0.22232303829973316,0.42931098313451244,0.10822848551043274,Pass
EOG77B0HB|Glossina_morsitans|GDDE01.1_1|GDDE01022852.1,0.2852418400080831,nan,nan,Fail
EOG77B0HB|Zeugodacus_cucurbitae|GDDE01.1_3|GDDE01010636.1,0.17486639543607688,0.4511650490406862,0.12347707680651959,Pass
EOG77B0HB|Glossina_morsitans|GCGS01.1|GCGS01014143.1,0.29479363762088534,nan,nan,Fail
EOG77B0HB|Glossina_morsitans|GCGS01.1_2|GCGS01009638.1,0.31521806161451965,0.6754391891891892,0.13851351351351354,Pass
EOG77B0HB|Glossina_morsitans|GCGS01.1_1|GCGS01006238.1,0.22690777497036602,0.6478626054701678,0.16737025235082814,Pass
EOG77B0HB|Glossina_morsitans|GCGS01.1_4|GCGS01001319.1,0.26110625920594693,0.5667975430263427,0.10785822199572431,Pass
EOG77B0HB|Rhagoletis_pomonella|GCGS01.1_3|GCGS01003553.1,0.34919349522030546,0.8246456809416051,0.18295258692776573,Pass
EOG77B0HB|Drosophila_ficusphila|GDDH01.1|GDDH01070822.1,0.3321623278819735,0.6198800139202615,0.13689350438576442,Pass
EOG77B0HB|Drosophila_ficusphila|GDDH01.1_1|GDDH01036703.1,0.4074718325523683,2.111452894515226,0.7655252506044389,Pass
EOG77B0HB|Lucilia_sericata|GCFJ01.1|GCFJ01006822.1,0.37459663428307194,nan,nan,Fail
EOG77B0HB|Stomoxys_calcitrans|GCFJ01.1_2|GCFJ01001224.1,0.3626838714325327,0.5944013593012555,0.09871376006713678,Pass
EOG77B0HB|Glossina_morsitans|GCFJ01.1_1|GCFJ01000390.1,0.25208303422343925,0.6851558661297305,0.15861320804807655,Pass
EOG77B0HB|Glossina_morsitans|GCNJ01.1|GCNJ01026236.1,0.29862588186323513,0.585243451968354,0.12086487426179776,Pass
EOG77B0HB|Lucilia_sericata|GCMY01.1|GCMY01074584.1,0.30273650276213293,0.58070233426879,0.123517754154505,Pass
EOG77B0HB|Glossina_morsitans|GCMY01.1_2|GCMY01017035.1,0.20592185193051796,0.399293103654955,0.10079596264729507,Pass
EOG77B0HB|Scaptodrosophila_lebanonensis|GCMY01.1_3|GCMY01011265.1,0.2874922655991312,0.4964321898828773,0.06174443509125965,Pass
EOG77B0HB|Glossina_morsitans|GCMS01.1|GCMS01034436.1,0.3431584933764513,nan,nan,Fail
EOG77B0HB|Glossina_morsitans|GIFT01.1|GIFT01032682.1,0.2938099236615839,nan,nan,Fail
EOG77B0HB|Glossina_morsitans|GIFS01.1|GIFS01040811.1,0.341971964554123,nan,nan,Fail
EOG77B0HB|Glossina_morsitans|GIGO01.1|GIGO01019768.1,0.2861709573633177,0.6018148813045366,0.11740770219325608,Pass
EOG77B0HB|Lucilia_sericata|GIGO01.1_1|GIGO01019769.1,0.2157524167936583,0.5928037207004591,0.1565372265051157,Pass
EOG77B0HB|Stomoxys_calcitrans|GIGO01.1_2|GIGO01000824.1,0.2900578632509594,0.6240685950890643,0.1595995588294285,Pass
EOG77B0HB|Scaptodrosophila_lebanonensis|GIGO01.1_3|GIGO01037494.1,0.26731960048685527,nan,nan,Fail
EOG77B0HB|Glossina_morsitans|GIFO01.1_6|GIFO01017953.1,0.1918585527452765,0.4721883786316776,0.1233632347034409,Pass
EOG77B0HB|Lucilia_sericata|GIFO01.1_2|GIFO01043993.1,0.21447725943282406,0.5405611598487321,0.14201044286180486,Pass
EOG77B0HB|Glossina_morsitans|GIFO01.1_4|GIFO01017944.1,0.36626778429823853,0.7208810565484279,0.1570678272832821,Pass
EOG77B0HB|Stomoxys_calcitrans|GIFO01.1_5|GIFO01017954.1,0.2633482329900373,0.5699110877370801,0.16344483456914632,Pass
EOG77B0HB|Stomoxys_calcitrans|GIFO01.1_3|GIFO01017949.1,0.4069903620504002,2.090332646957886,0.752041966955925,Pass
EOG77B0HB|Glossina_morsitans|GIFE01.1|GIFE01026874.1,0.3309392366453576,nan,nan,Fail
EOG77B0HB|Glossina_morsitans|GIGL01.1|GIGL01025546.1,0.3005846878538772,0.565229045148448,0.12115486314775387,Pass
EOG77B0HB|Stomoxys_calcitrans|GIGL01.1_1|GIGL01025542.1,0.37218143053631264,1.9945061728395062,0.7037037037037037,Pass
EOG77B0HB|Stomoxys_calcitrans|GIGL01.1_2|GIGL01025543.1,0.6159514778065143,1.8647563800218983,0.5651267581908531,Pass
EOG77B0HB|Glossina_morsitans|GIGS01.1|GIGS01024576.1,0.33154463228335723,nan,nan,Fail
EOG77B0HB|Stomoxys_calcitrans|GIGS01.1_1|GIGS01024575.1,0.3080031688216993,0.4651125109277045,0.10452302339069464,Pass
EOG77B0HB|Glossina_morsitans|GIGW01.1|GIGW01031830.1,0.3360917247705998,0.5871640858084143,0.12446266322117411,Pass
EOG77B0HB|Glossina_morsitans|GIGM01.1|GIGM01032707.1,0.33742864065065215,0.5901546683556059,0.1228694523790434,Pass
EOG77B0HB|Glossina_morsitans|GIGM01.1_1|GIGM01032711.1,0.35841768522114126,nan,nan,Fail
EOG77B0HB|Lucilia_sericata|GIGM01.1_2|GIGM01032715.1,0.20700504414563053,0.5927180801822973,0.1586911628569394,Pass
EOG77B0HB|Glossina_morsitans|GIGV01.1|GIGV01034378.1,0.30066365195830697,nan,nan,Fail
EOG77B0HB|Glossina_morsitans|GIFH01.1|GIFH01023416.1,0.2828989669689191,nan,nan,Fail
EOG77B0HB|Glossina_morsitans|GIGT01.1_1|GIGT01026340.1,0.3515999193153385,nan,nan,Fail
EOG77B0HB|Hermetia_illucens|GIGR01.1|GIGR01022398.1,0.3379177305407244,nan,nan,Fail
EOG77B0HB|Glossina_morsitans|GIGR01.1_1|GIGR01022395.1,0.3548632843253703,nan,nan,Fail
EOG77B0HB|Stomoxys_calcitrans|GIGR01.1_3|GIGR01001163.1,0.39349562473891114,2.0550491220735783,0.7371028428093646,Pass
EOG77B0HB|Anopheles_stephensi|GIGR01.1_2|GIGR01022394.1,0.2345769421763115,0.428117108802781,0.10538586601774663,Pass
EOG77B0HB|Glossina_morsitans|GHEX01.1|GHEX01004167.1,0.27270526828935343,nan,nan,Fail
EOG77B0HB|Glossina_morsitans|GIGP01.1|GIGP01020866.1,0.41302262213603413,nan,nan,Fail
EOG77B0HB|Zeugodacus_cucurbitae|GIGP01.1_3|GIGP01020863.1,0.14922801313036888,0.4689543312794491,0.13011960855382387,Pass
EOG77B0HB|Glossina_morsitans|GIGP01.1_1|GIGP01020865.1,0.1321409287717573,0.3627927941232315,0.09428230260631809,Pass
EOG77B0HB|Scaptodrosophila_lebanonensis|GIGP01.1_2|GIGP01020870.1,0.32143006196844454,nan,nan,Fail
EOG77B0HB|Glossina_morsitans|GIFF01.1|GIFF01032025.1,0.3937392752789096,nan,nan,Fail
EOG77B0HB|Glossina_morsitans|GIFF01.1_2|GIFF01032024.1,0.5198423167639162,1.903570649208947,0.623240589198036,Pass
EOG77B0HB|Glossina_morsitans|GIFF01.1_1|GIFF01032029.1,0.25367035614984684,0.604103245254409,0.13492376700628356,Pass
EOG77B0HB|Stomoxys_calcitrans|GIFF01.1_3|GIFF01032021.1,0.22684570085207117,0.6573351445003799,0.16456518441687662,Pass
EOG77B0HB|Lucilia_sericata|GIGQ01.1|GIGQ01036401.1,0.3621709728058975,nan,nan,Fail
EOG77B0HB|Glossina_morsitans|GIFR01.1|GIFR01045224.1,0.2740417431508539,0.581567016197283,0.12561702304602845,Pass
EOG77B0HB|Stomoxys_calcitrans|GIFR01.1_2|GIFR01045222.1,0.3928140052522317,2.087225659775934,0.7498992171752684,Pass
EOG77B0HB|Lucilia_sericata|GIFR01.1_1|GIFR01045223.1,0.3449565933712895,nan,nan,Fail
EOG77B0HB|Glossina_morsitans|GIFR01.1_3|GIFR01037361.1,0.2809523793548658,0.8347990328784854,0.2618998787679911,Pass
EOG77B0HB|Glossina_morsitans|GIGT01.1|GIGT01026341.1,0.34236445860802306,0.5958586318951818,0.11367685419163809,Pass
EOG77B0HB|Ceratitis_capitata|AHE_104_S47_merged_SPM|NODE_31011_length_246_cov_0.875740_R,0.25049080556245223,0.6729454544511143,0.17913236587286818,Pass
EOG77B0HB|Glossina_morsitans|AB33593873_S12_SPM|NODE_264776_length_213_cov_366_AU,0.26977670775668955,0.6729454544511143,0.17913236587286818,Pass
EOG77B0HB|Rhagoletis_pomonella|AHE_103_S38_merged_SPM|NODE_20810_length_267_cov_0.778947_R,0.39927084961576537,0.76362358326068,0.16442167974426036,Pass
EOG77B0HB|Hermetia_illucens|AHE_107_S69_merged_SPM|NODE_40697_length_249_cov_0.738372_S,0.14876657260551246,0.4755996405424542,0.13106039976036166,Pass
EOG77B0HB|Bactrocera_dorsalis|AHE_110_S11_merged_SPM|NODE_11818_length_364_cov_0.623693_S,0.3376146708219697,0.5824665423717807,0.07785048899203267,Pass
EOG77B0HB|Musca_domestica|AHE_113_S4_merged_SPM|NODE_39163_length_352_cov_0.905455_R,0.16920331557173635,0.39220502973938154,0.10137345283290278,Pass
EOG77B0HB|Hermetia_illucens|AHE_116_S35_merged_SPM|NODE_29078_length_387_cov_0.835484_S,0.16943947011816002,0.2846795952782463,0.0719311507821132,Pass
EOG77B0HB|Glossina_morsitans|AHE_116_S35_merged_SPM_1|NODE_92120_length_329_cov_1.055556_R,0.32098220983105386,0.7462646938382232,0.1685033964445729,Pass
EOG77B0HB|Glossina_morsitans|AHE_117_S52_merged_SPM|NODE_39716_length_411_cov_2.014970_R,0.258699708527835,0.5736560127944462,0.10884454906832836,Pass
EOG77B0HB|Glossina_morsitans|AHE_120_S31_merged_SPM|NODE_66430_length_257_cov_1.455556_R,0.3077960021041339,0.6819063265279532,0.1462146951736626,Pass
EOG77B0HB|Glossina_morsitans|AHE_120_S31_merged_SPM_1|NODE_50144_length_318_cov_0.796680_R,0.3825885063094504,2.0639695164765985,0.7421127817728383,Pass
EOG77B0HB|Glossina_morsitans|AHE_121_S5_merged_SPM|NODE_27419_length_331_cov_0.811024_R,0.2931846577351995,0.7202251390219973,0.1876930070777052,Pass
EOG77B0HB|Lucilia_sericata|AHE_122_S39_merged_SPM|NODE_38544_length_283_cov_0.606796_S,0.2573010920361008,0.4674436272759697,0.06807074528800394,Pass
EOG77B0HB|Bactrocera_dorsalis|Sample_519660_S4_SPM|NODE_40737_length_231_cov_402_AU,0.22163454017678877,0.4637804352510233,0.11549235078646836,Pass
EOG77B0HB|Lucilia_sericata|AHE_123_S56_merged_SPM|NODE_54904_length_234_cov_0.942675_R,0.19820324722402413,0.4637804352510233,0.11549235078646836,Pass
EOG77B0HB|Ceratitis_capitata|AHE_127_S63_merged_SPM|NODE_43792_length_256_cov_0.826816_R,0.2981688330268423,0.6355678259920285,0.14799091900013928,Pass
EOG77B0HB|Ceratitis_capitata|AHE_129_S7_merged_SPM|NODE_82298_length_259_cov_1.214286_R,0.25209381381610446,0.6491732439342214,0.1672786412517291,Pass
EOG77B0HB|Glossina_morsitans|AHE_12_S18_merged_SPM|NODE_30515_length_326_cov_1.783133_R,0.2708634768548542,0.6507706332744716,0.157500637180301,Pass
EOG77B0HB|Glossina_morsitans|AHE_130_S26_merged_SPM|NODE_39906_length_237_cov_0.650000_S,0.39887382804062227,0.9577310205374614,0.21785167637944497,Pass
EOG77B0HB|Glossina_morsitans|JSM_7037_II_S3_SPM|NODE_390379_length_236_cov_412_AU,0.42921413127255376,0.9577310205374614,0.21785167637944497,Pass
EOG77B0HB|Glossina_morsitans|AHE_132_S13_merged_SPM|NODE_16002_length_391_cov_0.904459_S,0.1294955657922073,0.3203911003060103,0.0860964960025159,Pass
EOG77B0HB|Hermetia_illucens|AHE_132_S13_merged_SPM_2|NODE_88070_length_247_cov_0.870588_R,0.23858034386444255,0.45603318594682357,0.06396085010059666,Pass
EOG77B0HB|Glossina_morsitans|AHE_132_S13_merged_SPM_1|NODE_17412_length_478_cov_0.967581_R,0.31617506911781185,0.6294540761690501,0.12183939296353946,Pass
EOG77B0HB|Glossina_morsitans|AHE_133_S17_merged_SPM|NODE_28191_length_280_cov_0.729064_S,0.36131902365318447,0.8758390799764525,0.2246699184257,Pass
EOG77B0HB|Glossina_morsitans|AHE_138_S13_merged_SPM|NODE_44745_length_242_cov_1.060606_R,0.24852633477633476,0.5815646976166357,0.14275826222436638,Pass
EOG77B0HB|Musca_domestica|AHE_139_S14_merged_SPM|NODE_29770_length_256_cov_0.821229_R,0.14977290902471718,0.34869524277409303,0.08507328256775559,Pass
EOG77B0HB|Hermetia_illucens|AHE_13_S26_merged_SPM|NODE_120765_length_229_cov_0.973684_S,0.2676437132723208,0.5343820002240592,0.07635637263108863,Pass
EOG77B0HB|Lucilia_sericata|AHE_141_S15_merged_SPM|NODE_22006_length_374_cov_0.784512_S,0.32724243471258785,0.9851075268817203,0.29032258064516125,Pass
EOG77B0HB|Scaptodrosophila_lebanonensis|AHE_143_S57_merged_SPM|NODE_42240_length_291_cov_0.939252_R,0.30475055405823065,0.6080652591969239,0.10831832884489573,Pass
EOG77B0HB|Scaptodrosophila_lebanonensis|AHE_8_S50_merged_SPM|NODE_31643_length_429_cov_1.258523_R,0.2851045846916599,0.6080652591969239,0.10831832884489573,Pass
EOG77B0HB|Scaptodrosophila_lebanonensis|AHE_169_S19_merged_SPM|NODE_8523_length_359_cov_1.000000_R,0.30990497779778825,0.6080652591969239,0.10831832884489573,Pass
EOG77B0HB|Stomoxys_calcitrans|AHE_146_S23_merged_SPM|NODE_21849_length_424_cov_1.230548_S,0.38446844055592755,2.1255257210823664,0.7649836455545642,Pass
EOG77B0HB|Stomoxys_calcitrans|JSM_11396_S7_SPM_1|NODE_1084790_length_234_cov_747_AU,0.15485054847465232,0.3431082401374974,0.0631387742025088,Pass
EOG77B0HB|Glossina_morsitans|AHE_146_S23_merged_SPM_1|NODE_78795_length_269_cov_0.770833_R,0.14928300151186724,0.3431082401374974,0.0631387742025088,Pass
EOG77B0HB|Glossina_morsitans|AHE_146_S23_merged_SPM_3|NODE_28372_length_384_cov_0.755700_S,0.3517800341938553,0.89304626029569,0.22174022459484077,Pass
EOG77B0HB|Contarinia_nasturtii|AHE_184_S38_merged_SPM|NODE_5689_length_528_cov_1.206208_S,0.31350614567371704,0.638818570040006,0.12050424726122189,Pass
EOG77B0HB|Contarinia_nasturtii|AHE_146_S23_merged_SPM_2|NODE_59854_length_322_cov_1.208163_R,0.321306739422765,0.638818570040006,0.12050424726122189,Pass
EOG77B0HB|Scaptodrosophila_lebanonensis|AHE_65_S28_merged_SPM|NODE_12070_length_271_cov_0.762887_S,0.293210779350361,0.638818570040006,0.12050424726122189,Pass
EOG77B0HB|Scaptodrosophila_lebanonensis|JSM_7821_S9_SPM_4|NODE_10735_length_799_cov_3.752976_S,0.30262903730246205,0.638818570040006,0.12050424726122189,Pass
EOG77B0HB|Contarinia_nasturtii|AHE_273_S20_SPM_1|NODE_8097_length_336_cov_1.277992_R,0.3297705366794816,0.638818570040006,0.12050424726122189,Pass
EOG77B0HB|Rhagoletis_pomonella|AHE_149_S61_merged_SPM|NODE_25483_length_286_cov_1.062201_R,0.29751750706219826,0.8760515774985883,0.22523115471485033,Pass
EOG77B0HB|Stomoxys_calcitrans|AHE_157_S17_merged_SPM|NODE_8739_length_266_cov_1.248677_R,0.2935557678757502,0.5401319983370287,0.1396846293949952,Pass
EOG77B0HB|Glossina_morsitans|AHE_157_S17_merged_SPM_1|NODE_82502_length_338_cov_1.321839_R,0.3723734685935561,0.7980927744586729,0.17656310570498773,Pass
EOG77B0HB|Glossina_morsitans|AHE_157_S17_merged_SPM_2|NODE_64596_length_246_cov_0.704142_S,0.3137244328981812,0.5945873977318352,0.13936295901374984,Pass
EOG77B0HB|Rhagoletis_pomonella|AHE_159_S64_merged_SPM|NODE_38357_length_306_cov_0.921397_R,0.1661009920735879,0.3404481093800714,0.058929730606945785,Pass
EOG77B0HB|Lucilia_sericata|AHE_15_S51_merged_SPM|NODE_37418_length_265_cov_0.925532_S,0.08767169217861773,0.3169691119691118,0.09266409266409259,Pass
EOG77B0HB|Scaptodrosophila_lebanonensis|AHE_161_S18_merged_SPM|NODE_83041_length_373_cov_1.486486_R,0.2761470915276119,nan,nan,Fail
EOG77B0HB|Stomoxys_calcitrans|AHE_161_S18_merged_SPM_2|NODE_109343_length_235_cov_0.936709_R,0.2494222110269802,0.5443424855491329,0.127221019960705,Pass
EOG77B0HB|Glossina_morsitans|AHE_161_S18_merged_SPM_1|NODE_30184_length_267_cov_1.484211_R,0.3762073457690899,0.8254575432753074,0.187571860404594,Pass
EOG77B0HB|Glossina_morsitans|AHE_91_S2_merged_SPM|NODE_10267_length_266_cov_0.783069_R,0.34568453182102576,0.8254575432753074,0.187571860404594,Pass
EOG77B0HB|Teleopsis_dalmanni|AHE_162_S18_merged_SPM|NODE_63133_length_96_cov_132_AU,0.18361500102109415,0.3961969940955449,0.09416455793267386,Pass
EOG77B0HB|Glossina_morsitans|AHE_164_S19_merged_SPM|NODE_5999_length_455_cov_1.037037_S,0.3222143530166581,0.7262051525627284,0.18442021623298321,Pass
EOG77B0HB|Lucilia_sericata|AHE_166_S24_merged_SPM|NODE_13721_length_426_cov_0.882521_S,0.2565212591059729,0.6578611068106847,0.18234866799252125,Pass
EOG77B0HB|Glossina_morsitans|JSM_7821_S9_SPM_5|NODE_118826_length_488_cov_1.847645_R,0.2812890762197202,0.6543889189299563,0.15999600659787666,Pass
EOG77B0HB|Glossina_morsitans|AHE_166_S24_merged_SPM_2|NODE_56533_length_233_cov_1.423077_R,0.27851597617227214,0.6543889189299563,0.15999600659787666,Pass
EOG77B0HB|Hermetia_illucens|AHE_166_S24_merged_SPM_1|NODE_79921_length_368_cov_0.927835_R,0.09503710340207645,0.33643965832489414,0.09381899790548154,Pass
EOG77B0HB|Lucilia_sericata|AHE_167_S32_merged_SPM|NODE_20695_length_280_cov_1.305419_R,0.34781495777994514,1.172958673335088,0.3536456962358515,Pass
EOG77B0HB|Stomoxys_calcitrans|AHE_168_S70_merged_SPM|NODE_93727_length_344_cov_0.831461_R,0.24161166027147635,0.5646707818930041,0.16460905349794241,Pass
EOG77B0HB|Hermetia_illucens|AHE_168_S70_merged_SPM_1|NODE_102583_length_247_cov_0.958824_R,0.11717877432916614,0.39883353754922213,0.10388353146951251,Pass
EOG77B0HB|Glossina_morsitans|AHE_169_S19_merged_SPM_1|NODE_43710_length_277_cov_0.740000_S,0.39037880493215793,0.9019890867590797,0.20667446486202573,Pass
EOG77B0HB|Glossina_morsitans|AHE_171_S44_merged_SPM|NODE_30379_length_335_cov_0.860465_R,0.2249522077921008,0.45005070280305054,0.09877303438534635,Pass
EOG77B0HB|Hermetia_illucens|AHE_172_S16_merged_SPM|NODE_166_length_275_cov_1.555556_R,0.26038075741968303,0.504635269240469,0.07882635740122496,Pass
EOG77B0HB|Glossina_morsitans|AHE_173_S62_merged_SPM|NODE_35160_length_438_cov_0.756233_R,0.23123560315786937,0.5100049771548022,0.09442454544769785,Pass
EOG77B0HB|Lucilia_sericata|AHE_177_S46_merged_SPM|NODE_8008_length_309_cov_0.956897_S,0.34072610757280747,0.9918388862063415,0.29251569290197976,Pass
EOG77B0HB|Rhagoletis_pomonella|AHE_178_S61_merged_SPM|NODE_2796_length_439_cov_0.621547_S,0.23297116802373727,0.48285020804438267,0.08515950069348122,Pass
EOG77B0HB|Lucilia_sericata|AHE_179_S20_merged_SPM|NODE_87036_length_362_cov_1.038596_R,0.3612437999472028,1.0613831822759312,0.32641490433031206,Pass
EOG77B0HB|Glossina_morsitans|AHE_181_S51_merged_SPM|NODE_3306_length_266_cov_1.174603_R,0.38325871934169803,2.0777201257861635,0.7463131641726307,Pass
EOG77B0HB|Zeugodacus_cucurbitae|AHE_182_S27_merged_SPM|NODE_83764_length_115_cov_170_AU,0.16341241583864857,0.3579519192217839,0.11046954129961001,Pass
EOG77B0HB|Glossina_morsitans|AHE_205_S52_merged_SPM|NODE_21762_length_271_cov_1.268041_R,0.3382706708764444,0.8935115397651989,0.2468114327973201,Pass
EOG77B0HB|Glossina_morsitans|AHE_183_S63_merged_SPM|NODE_27603_length_259_cov_0.813187_R,0.33251101728919924,0.8935115397651989,0.2468114327973201,Pass
EOG77B0HB|Scaptodrosophila_lebanonensis|AHE_186_S45_merged_SPM|NODE_6889_length_364_cov_0.770035_R,0.3929359365328552,nan,nan,Fail
EOG77B0HB|Glossina_morsitans|AHE_188_S54_merged_SPM|NODE_370_length_1520_cov_1.366597_S,0.2958380697619921,0.5755013339132583,0.11515881961266627,Pass
EOG77B0HB|Hermetia_illucens|AHE_189_S21_merged_SPM|NODE_3664_length_253_cov_0.840909_R,0.11957491317749593,0.4299822190611664,0.11462778568041726,Pass
EOG77B0HB|Bactrocera_dorsalis|AHE_190_S36_merged_SPM|NODE_34313_length_336_cov_0.857143_R,0.191455172995779,0.41448190800589324,0.10807888298663204,Pass
EOG77B0HB|Bactrocera_oleae|AHE_190_S36_merged_SPM_2|NODE_40011_length_261_cov_1.608696_R,0.31950489828868667,0.8088491718973564,0.21335668270025815,Pass
EOG77B0HB|Rhagoletis_pomonella|AHE_190_S36_merged_SPM_1|NODE_13183_length_368_cov_0.762887_R,0.14145789438639247,0.40417849127062644,0.09768809589358335,Pass
EOG77B0HB|Glossina_morsitans|AHE_190_S36_merged_SPM_3|NODE_16640_length_406_cov_0.869301_R,0.4206071911811553,2.125752484064492,0.7647872140982377,Pass
EOG77B0HB|Stomoxys_calcitrans|AHE_191_S25_merged_SPM|NODE_72033_length_306_cov_0.969432_R,0.39578242238189104,2.1166641983434804,0.7588722505622291,Pass
EOG77B0HB|Glossina_morsitans|AHE_54_S60_merged_SPM_3|NODE_140610_length_261_cov_1.250000_R,0.3792515495317241,2.1166641983434804,0.7588722505622291,Pass
EOG77B0HB|Glossina_morsitans|AHE_191_S25_merged_SPM_1|NODE_52136_length_151_cov_242_A,0.10121762963243103,0.34168207171314735,0.1112988047808765,Pass
EOG77B0HB|Glossina_morsitans|AHE_193_S55_merged_SPM|NODE_43999_length_281_cov_1.921569_R,0.2738246994687351,0.556729927452753,0.09512725429155688,Pass
EOG77B0HB|Lucilia_sericata|AHE_194_S22_merged_SPM|NODE_53296_length_450_cov_0.989276_R,0.17730631808243455,0.37209968425800627,0.08521535813242753,Pass
EOG77B0HB|Rhagoletis_pomonella|AHE_194_S22_merged_SPM_1|NODE_8815_length_475_cov_0.869347_S,0.33625773312415164,0.7008935119039502,0.15687142738558735,Pass
EOG77B0HB|Stomoxys_calcitrans|AHE_195_S23_merged_SPM|NODE_48283_length_252_cov_0.845714_R,0.2850457104506429,0.6706879915032088,0.2075499412455934,Pass
EOG77B0HB|Lucilia_sericata|AHE_198_S28_merged_SPM|NODE_32525_length_236_cov_0.779874_R,0.28075956486795345,0.5427946127946129,0.14804507661650523,Pass
EOG77B0HB|Glossina_morsitans|AHE_201_S72_merged_SPM|NODE_24290_length_367_cov_0.772414_S,0.4133353586018805,0.8805238000661381,0.19491275720781687,Pass
EOG77B0HB|Glossina_morsitans|AHE_203_S24_merged_SPM|NODE_55029_length_262_cov_0.800000_R,0.2427652733118971,0.5705316428603379,0.14108908362538602,Pass
EOG77B0HB|Glossina_morsitans|AHE_203_S73_merged_SPM|NODE_48394_length_253_cov_0.727273_S,0.22320962935369715,0.46815089453860637,0.09927024482109226,Pass
EOG77B0HB|Hermetia_illucens|AHE_207_S65_merged_SPM|NODE_32726_length_390_cov_0.884984_R,0.044790953318495697,0.2108701956000685,0.06483157849683274,Pass
EOG77B0HB|Rhagoletis_pomonella|AHE_20_S56_merged_SPM|NODE_34169_length_247_cov_0.870588_R,0.29348361905818987,0.5024041604436964,0.07606500027612689,Pass
EOG77B0HB|Hermetia_illucens|AHE_211_S38_merged_SPM|NODE_24999_length_237_cov_0.837500_R,0.1274859780307818,0.46344629220257233,0.12543709807073955,Pass
EOG77B0HB|Stomoxys_calcitrans|AHE_212_S47_merged_SPM|NODE_14857_length_264_cov_0.855615_S,0.3826762991012159,2.175394847972973,0.7910050675675676,Pass
EOG77B0HB|Glossina_morsitans|AHE_213_S29_merged_SPM|NODE_25108_length_259_cov_0.725275_S,0.31769698590478695,0.8487162704465557,0.21698861820506116,Pass
EOG77B0HB|Glossina_morsitans|AHE_220_S54_merged_SPM|NODE_1762_length_232_cov_0.935484_R,0.3163145567456845,0.8693773040751256,0.22044451902404538,Pass
EOG77B0HB|Bactrocera_oleae|AHE_252_S17_SPM|NODE_13000_length_233_cov_0.846154_R,0.3515921008419703,0.7678352681714343,0.19483268918550023,Pass
EOG77B0HB|Glossina_morsitans|AHE_253_S20_SPM|NODE_24329_length_231_cov_0.954545_R,0.19621802748745645,0.7092936350522899,0.2519383339343671,Pass
EOG77B0HB|Hermetia_illucens|JSM_6006_S14_SPM_5|NODE_91481_length_444_cov_2.441640_S,0.2743653169713476,0.4482865278216321,0.11073771075079714,Pass
EOG77B0HB|Glossina_morsitans|AHE_254_S17_SPM|NODE_30506_length_268_cov_0.774869_R,0.24553114418458147,0.4482865278216321,0.11073771075079714,Pass
EOG77B0HB|Stomoxys_calcitrans|AHE_255_S18_SPM|NODE_38136_length_566_cov_0.893661_R,0.4270956838686789,0.7466796981358267,0.20034469748010197,Pass
EOG77B0HB|Hermetia_illucens|AHE_257_S20_SPM|NODE_67267_length_235_cov_0.936709_R,0.24312387406406577,0.3119906872931578,0.08738551527745708,Pass
EOG77B0HB|Glossina_morsitans|AHE_258_S17_SPM|NODE_158253_length_242_cov_0.709091_S,0.3831891773618363,0.8052450404624126,0.20495772127625406,Pass
EOG77B0HB|Zeugodacus_cucurbitae|AHE_259_S18_SPM|NODE_30899_length_391_cov_1.066879_R,0.2062669127366112,0.38264472306784897,0.07914546849289494,Pass
EOG77B0HB|Teleopsis_dalmanni|AHE_259_S18_SPM_1|NODE_7173_length_264_cov_1.877005_R,0.21619038248244218,0.3390717843557183,0.08875366293143716,Pass
EOG77B0HB|Hermetia_illucens|AHE_264_S21_SPM|NODE_65580_length_271_cov_0.762887_S,0.3258059404862421,0.5198824550551058,0.08028118730101991,Pass
EOG77B0HB|Lucilia_sericata|AHE_265_S23_SPM|NODE_39023_length_325_cov_0.919355_S,0.13700960969366313,0.34368142762723053,0.09021810971579636,Pass
EOG77B0HB|Teleopsis_dalmanni|AHE_266_S26_SPM|NODE_195080_length_347_cov_1.270370_R,0.10097232225857658,0.30819973636306575,0.08324440817692969,Pass
EOG77B0HB|Stomoxys_calcitrans|AHE_266_S26_SPM_2|NODE_54457_length_432_cov_1.346479_S,0.4188647328372073,0.6060099710419907,0.10446402482289813,Pass
EOG77B0HB|Glossina_morsitans|AHE_266_S26_SPM_1|NODE_6123_length_955_cov_0.771071_S,0.38640148380763073,0.8660937171753283,0.19164428104626324,Pass
EOG77B0HB|Musca_domestica|AHE_267_S19_SPM|NODE_17703_length_493_cov_0.975962_S,0.38823739102672505,0.7315583426016848,0.16993654102429306,Pass
EOG77B0HB|Stomoxys_calcitrans|AHE_267_S19_SPM_1|NODE_41629_length_215_cov_2.144928_R,0.23864284537279626,0.3928140433575501,0.08632661649610196,Pass
EOG77B0HB|Glossina_morsitans|AHE_271_S21_SPM|NODE_137496_length_246_cov_0.875740_R,0.367005709563751,0.8624793564635176,0.20256509928922617,Pass
EOG77B0HB|Glossina_morsitans|AHE_272_S22_SPM|NODE_4088_length_242_cov_1.793939_R,0.4013382704046206,2.335819648516278,0.838231057332181,Pass
EOG77B0HB|Glossina_morsitans|AHE_273_S20_SPM|NODE_15656_length_380_cov_1.118812_S,0.37040158821154157,0.7935026894927709,0.18766682748075597,Pass
EOG77B0HB|Glossina_morsitans|AHE_274_S21_SPM|NODE_11380_length_246_cov_0.875740_R,0.20872859324170098,0.3984303066716279,0.07663500202315987,Pass
EOG77B0HB|Hermetia_illucens|AHE_274_S21_SPM_1|NODE_6059_length_457_cov_0.789474_S,0.1828994061179859,0.35987540861354816,0.04702107696042357,Pass
EOG77B0HB|Hermetia_illucens|AHE_275_S22_SPM|NODE_4962_length_756_cov_1.849779_S,0.21806232533090789,0.5040822599688205,0.10007647552120114,Pass
EOG77B0HB|Hermetia_illucens|CAJZBV01_4|CAJZBV010000097.1_45,0.21765387258701172,0.5040822599688205,0.10007647552120114,Pass
EOG77B0HB|Hermetia_illucens|CAJZLI01_2|CAJZLI010000593.1_580,0.2165867093918842,0.5040822599688205,0.10007647552120114,Pass
EOG77B0HB|Hermetia_illucens|CAJMZT01.1_2|CAJMZT010000025.1_463,0.21678350601565147,0.5040822599688205,0.10007647552120114,Pass
EOG77B0HB|Ceratitis_capitata|JSM_11804_S12_SPM_3|NODE_6764_length_615_cov_1.967213_R,0.230070395733759,0.5040822599688205,0.10007647552120114,Pass
EOG77B0HB|Glossina_morsitans|AHE_275_S22_SPM_1|NODE_29842_length_265_cov_0.787234_R,0.21977436297788208,0.4578596414845065,0.09703789334614465,Pass
EOG77B0HB|Glossina_morsitans|AHE_275_S22_SPM_2|NODE_22626_length_504_cov_1.039813_S,0.3611769751462714,0.7961490337232812,0.17202047663378123,Pass
EOG77B0HB|Hermetia_illucens|AHE_276_S23_SPM|NODE_799_length_104_cov_148_AU,0.12484619654732428,0.4421359299268507,0.1145909716881584,Pass
EOG77B0HB|Bradysia_coprophila|AHE_277_S24_SPM|NODE_40492_length_266_cov_0.783069_R,0.07542489576976781,0.29914423293534576,0.0956578058121198,Pass
EOG77B0HB|Hermetia_illucens|AHE_278_S24_SPM|NODE_8353_length_358_cov_0.790036_S,0.3260325752429532,0.6945395132211538,0.1327373798076923,Pass
EOG77B0HB|Lucilia_sericata|AHE_279_S25_SPM|NODE_34952_length_248_cov_0.865497_R,0.14027571539041855,0.4011038961038961,0.11643528884908194,Pass
EOG77B0HB|Glossina_morsitans|AHE_281_S27_SPM|NODE_59945_length_304_cov_0.977974_R,0.20184902778019054,0.5400174042634629,0.1336308306754797,Pass
EOG77B0HB|Lucilia_sericata|AHE_281_S27_SPM_1|NODE_52722_length_262_cov_0.800000_R,0.25354705552121615,0.6417695008778529,0.17329791209184953,Pass
EOG77B0HB|Stomoxys_calcitrans|AHE_282_S24_SPM|NODE_18688_length_279_cov_0.732673_S,0.29141134042485467,0.5353799961100847,0.13843722649032386,Pass
EOG77B0HB|Stomoxys_calcitrans|AHE_283_S23_SPM|NODE_96725_length_274_cov_0.751269_S,0.2820722938748274,0.5022961177343199,0.07040450820413557,Pass
EOG77B0HB|Hermetia_illucens|AHE_28_S11_merged_SPM|NODE_25904_length_345_cov_0.951493_R,0.11274057649825535,0.2905315145183758,0.07267893496196298,Pass
EOG77B0HB|Zeugodacus_cucurbitae|AHE_28_S11_merged_SPM_1|NODE_6955_length_390_cov_0.696486_S,0.20695874980800905,0.5574731063617978,0.13795484004461123,Pass
EOG77B0HB|Stomoxys_calcitrans|AHE_32_S40_merged_SPM|NODE_44670_length_276_cov_1.487437_R,0.313613182602779,0.5009429579417787,0.12252132476189082,Pass
EOG77B0HB|Glossina_morsitans|AHE_32_S40_merged_SPM_3|NODE_1975_length_231_cov_1.441558_R,0.21583726038005835,0.507640409694882,0.1235266978346457,Pass
EOG77B0HB|Bactrocera_oleae|AHE_32_S40_merged_SPM_2|NODE_10527_length_295_cov_1.357798_R,0.3175724058418212,0.8479771857178261,0.21773421871741572,Pass
EOG77B0HB|Lucilia_sericata|AHE_32_S40_merged_SPM_1|NODE_41434_length_419_cov_0.865497_R,0.37379309378284714,nan,nan,Fail
EOG77B0HB|Stomoxys_calcitrans|AHE_36_S19_merged_SPM|NODE_70098_length_428_cov_0.840456_R,0.3771895717151575,0.648476743956634,0.17492063949972542,Pass
EOG77B0HB|Scaptodrosophila_lebanonensis|AHE_36_S19_merged_SPM_1|NODE_25072_length_422_cov_1.176812_S,0.3746999315577995,nan,nan,Fail
EOG77B0HB|Glossina_morsitans|AHE_37_S59_merged_SPM|NODE_7302_length_248_cov_0.865497_R,0.33249137116566735,0.7007920792079209,0.14356435643564358,Pass
EOG77B0HB|Stomoxys_calcitrans|AHE_38_S66_merged_SPM|NODE_6327_length_367_cov_1.275862_S,0.4369158918919292,2.4833941605839414,0.9013555787278416,Pass
EOG77B0HB|Stomoxys_calcitrans|AHE_40_S58_merged_SPM|NODE_9454_length_265_cov_0.787234_R,0.49429010041238897,0.7351061315106828,0.1606760859766937,Pass
EOG77B0HB|Teleopsis_dalmanni|AHE_44_S31_merged_SPM|NODE_8301_length_302_cov_0.542222_S,0.1497720128402716,0.46963730569948187,0.13043248387437878,Pass
EOG77B0HB|Lucilia_sericata|AHE_46_S20_merged_SPM|NODE_13204_length_364_cov_1.257840_S,0.37609059208169526,1.0282567266689306,0.2991207215366617,Pass
EOG77B0HB|Glossina_morsitans|AHE_47_S27_merged_SPM|NODE_8907_length_268_cov_0.774869_R,0.3434577318604339,0.8134019742802797,0.18475357250743768,Pass
EOG77B0HB|Stomoxys_calcitrans|AHE_49_S59_merged_SPM|NODE_6287_length_277_cov_0.740000_S,0.348518249617293,0.6635334762457884,0.1661159001199788,Pass
EOG77B0HB|Zeugodacus_cucurbitae|AHE_4_S10_merged_SPM|NODE_32720_length_268_cov_0.774869_R,0.25199852936905487,0.7161961865491537,0.2309576004314769,Pass
EOG77B0HB|Teleopsis_dalmanni|AHE_50_S50_merged_SPM|NODE_45837_length_257_cov_0.822222_R,0.10752877436910938,0.3161715900391769,0.0812243887062638,Pass
EOG77B0HB|Glossina_morsitans|AHE_53_S32_merged_SPM|NODE_1981_length_755_cov_0.873156_S,0.24091804000382894,0.6548874927508215,0.1812951865455248,Pass
EOG77B0HB|Lucilia_sericata|AHE_54_S60_merged_SPM|NODE_36607_length_390_cov_1.654952_S,0.22479512204873936,0.647659571703311,0.18405062633192992,Pass
EOG77B0HB|Glossina_morsitans|AHE_54_S60_merged_SPM_2|NODE_110511_length_257_cov_0.711111_S,0.2128900533211938,0.5746155905122714,0.1435014682577999,Pass
EOG77B0HB|Glossina_morsitans|AHE_54_S60_merged_SPM_1|NODE_24851_length_447_cov_0.759459_S,0.3434406958535145,0.8104969157572953,0.20899719680354373,Pass
EOG77B0HB|Glossina_morsitans|CAKLPK01.1_3|CAKLPK010000191.1_90,0.2862148203250943,0.8104969157572953,0.20899719680354373,Pass
EOG77B0HB|Glossina_morsitans|JSM_7804_S15_SPM|NODE_4189_length_475_cov_0.859195_R,0.27071169683500557,0.8104969157572953,0.20899719680354373,Pass
EOG77B0HB|Hermetia_illucens|AHE_54_S60_merged_SPM_4|NODE_48118_length_253_cov_0.840909_R,0.2327687104577767,0.46892175536765324,0.06883466007573347,Pass
EOG77B0HB|Glossina_morsitans|AHE_60_S67_merged_SPM|NODE_71619_length_259_cov_0.719780_S,0.26922427865631937,0.5068931633998186,0.07739602328122769,Pass
EOG77B0HB|Glossina_morsitans|AHE_64_S44_merged_SPM|NODE_62419_length_349_cov_0.992647_R,0.2860577440511226,0.7691142102687741,0.19837759217839251,Pass
EOG77B0HB|Hermetia_illucens|AHE_66_S68_merged_SPM|NODE_22873_length_247_cov_0.870588_R,0.2343160546971642,0.4972184601875651,0.07429315406209025,Pass
EOG77B0HB|Hermetia_illucens|AHE_72_S37_merged_SPM|NODE_18676_length_243_cov_0.734940_R,0.10760092949589714,0.3146418732782369,0.0881542699724518,Pass
EOG77B0HB|Bactrocera_oleae|AHE_72_S37_merged_SPM_2|NODE_31476_length_276_cov_0.743719_S,0.2803754723110341,0.6946728906029472,0.1668855629444042,Pass
EOG77B0HB|Stomoxys_calcitrans|AHE_72_S37_merged_SPM_1|NODE_8698_length_231_cov_1.396104_R,0.1774998508902367,0.3514234348114299,0.06420252602183296,Pass
EOG77B0HB|Glossina_morsitans|AHE_74_S51_merged_SPM|NODE_14209_length_270_cov_0.766839_S,0.18011871360196166,0.6168306541019956,0.20878603104212862,Pass
EOG77B0HB|Stomoxys_calcitrans|AHE_77_S24_merged_SPM|NODE_167161_length_151_cov_299_AU,0.29269781708167436,0.4818947106116819,0.11713152244552116,Pass
EOG77B0HB|Hermetia_illucens|AHE_78_S12_merged_SPM|NODE_14620_length_405_cov_1.481707_S,0.14493657289994452,0.41690954608340464,0.11117333157652015,Pass
EOG77B0HB|Scaptodrosophila_lebanonensis|AHE_7_S39_merged_SPM|NODE_15196_length_279_cov_1.465347_R,0.3565300843443284,nan,nan,Fail
EOG77B0HB|Scaptodrosophila_lebanonensis|AHE_85_S54_merged_SPM|NODE_26571_length_242_cov_0.896970_R,0.35734162716616197,0.7757602880374337,0.14314707725181303,Pass
EOG77B0HB|Bactrocera_oleae|AHE_94_S37_merged_SPM|NODE_11115_length_252_cov_0.805714_R,0.24486835422504175,0.5194952574525746,0.14902245451025942,Pass
EOG77B0HB|Glossina_morsitans|AHE_97_S49_merged_SPM|NODE_10216_length_246_cov_0.757396_R,0.211917321759532,0.40981926921366063,0.07883212587557908,Pass
EOG77B0HB|Glossina_morsitans|AHE_99_S33_merged_SPM|NODE_11936_length_233_cov_0.878205_R,0.1678321681528772,0.40820018335136565,0.09674262258525429,Pass
EOG77B0HB|Hermetia_illucens|CNC457425_S9_SPM|NODE_233919_length_156_cov_252_AU,0.1289302745769599,0.23846938775510207,0.0653061224489796,Pass
EOG77B0HB|Glossina_morsitans|CNC457425_S9_SPM_1|NODE_2473_length_157_cov_4.000000_R,0.13077215589661495,0.3900414919130755,0.096806992393903,Pass
EOG77B0HB|Glossina_morsitans|CNC483888_S1_SPM|NODE_59424_length_277_cov_494_AU,0.3652071744478442,1.942770897832817,0.6873065015479876,Pass
EOG77B0HB|Stomoxys_calcitrans|CNC484014_S2_SPM|NODE_85862_length_156_cov_252_AU,0.33164622883705064,0.8087385011682512,0.20757983363642335,Pass
EOG77B0HB|Stomoxys_calcitrans|CNC484134_S71_SPM|NODE_65642_length_193_cov_326_AU,0.4039300440458082,2.1521210660120973,0.7653020075392303,Pass
EOG77B0HB|Glossina_morsitans|CNC484528_S17_SPM|NODE_36596_length_244_cov_744_AU,0.3488121888782094,0.8087481697806919,0.18760941528471842,Pass
EOG77B0HB|Bactrocera_dorsalis|CNC485015_II_S80_SPM|NODE_69071_length_215_cov_370_AU,0.16475244499820174,0.4343918230429701,0.10852708587807597,Pass
EOG77B0HB|Hermetia_illucens|CNC485132_S85_SPM|NODE_14157_length_149_cov_238_A,0.32240028566244455,0.644132725805526,0.09046175209063201,Pass
EOG77B0HB|Hermetia_illucens|CNC485277_S24_SPM|NODE_378089_length_281_cov_502_AU,0.2436293878315536,0.48910271376891534,0.090118671768806,Pass
EOG77B0HB|Glossina_morsitans|CNC485510_S91_SPM|NODE_82439_length_183_cov_306_A,0.35387495240915434,0.8066965877259996,0.1856166709107886,Pass
EOG77B0HB|Glossina_morsitans|CNC485542_S26_SPM|NODE_42257_length_149_cov_238_AU,0.2710879321838444,0.5867786536917065,0.1342961714670104,Pass
EOG77B0HB|Hermetia_illucens|CNC485613_S27_SPM|NODE_15967_length_164_cov_268_AU,0.33172654444048383,0.6858453929539295,0.13022725512969413,Pass
EOG77B0HB|Glossina_morsitans|CNC485734_S76_SPM|NODE_30800_length_183_cov_306_A,0.07954831535738421,0.25453797138257106,0.06865235039343298,Pass
EOG77B0HB|Stomoxys_calcitrans|CNC485774_S81_SPM|NODE_32159_length_200_cov_340_AU,0.25402767098535406,0.6154510769754075,0.1818633454960107,Pass
EOG77B0HB|Hermetia_illucens|CNC574532_S44_SPM|NODE_117654_length_140_cov_220_AU,0.39521164121090613,0.8283757495169295,0.1608536293130638,Pass
EOG77B0HB|Glossina_morsitans|CNC684456_S45_SPM|NODE_192517_length_194_cov_328_AU,0.3337604131908365,0.9093464240720885,0.20988991527445328,Pass
EOG77B0HB|Glossina_morsitans|CNC944366_S48_SPM|NODE_417077_length_125_cov_190_AU,0.04969279114488062,0.23181764285983925,0.07271172015223737,Pass
EOG77B0HB|Hermetia_illucens|CNC_Dip12307_S33_SPM|NODE_45286_length_189_cov_318_AU,0.11285510024273068,0.2638449193059639,0.06742834055352287,Pass
EOG77B0HB|Scaptodrosophila_lebanonensis|CNC_Dip208891_S34_SPM|NODE_49061_length_172_cov_284_AU,0.3003417090690401,0.8079626762985895,0.23005166979072328,Pass
EOG77B0HB|Glossina_morsitans|JSBVM_26_S2_SPM|NODE_60000_length_219_cov_4.000000_R,0.13525473120885415,0.351743655360444,0.07111910403237509,Pass
EOG77B0HB|Glossina_morsitans|JSBVM_75_S7_SPM|NODE_5227_length_230_cov_4.000000_R,0.19450124933131996,0.6070893700711714,0.1932217667944781,Pass
EOG77B0HB|Hermetia_illucens|JSM12015_S64_SPM|NODE_396869_length_154_cov_357_AU,0.3159122469171256,0.621873465685559,0.08713321562431448,Pass
EOG77B0HB|Glossina_morsitans|JSM_10051_S8_SPM|NODE_177997_length_260_cov_550_AU,0.3695510121248368,0.8081564355835656,0.1850533268694704,Pass
EOG77B0HB|Glossina_morsitans|JSM_10506_S5_SPM|NODE_1603282_length_426_cov_1248_A,0.3727563573188284,0.8835982369303771,0.2002503053880897,Pass
EOG77B0HB|Glossina_morsitans|JSM_10506_S5_SPM_2|NODE_2909071_length_218_cov_722_AU,0.16950207426870587,0.45575739159485995,0.11354749021841037,Pass
EOG77B0HB|Musca_domestica|JSM_10506_S5_SPM_3|NODE_2381989_length_151_cov_242_AU,0.14565160705911423,0.4394706054401871,0.12456858730622988,Pass
EOG77B0HB|Glossina_morsitans|JSM_10506_S5_SPM_1|NODE_726165_length_190_cov_896_AU,0.13548522782462447,0.4097298369185861,0.10450490875962032,Pass
EOG77B0HB|Lucilia_sericata|JSM_10540_S15_SPM|NODE_7125_length_952_cov_1.484848_S,0.20211284287785572,0.49293104767995877,0.11330432608322183,Pass
EOG77B0HB|Stomoxys_calcitrans|JSM_10540_S15_SPM_3|NODE_144618_length_475_cov_1.729885_R,0.388948893004519,2.142004004168723,0.7763479787175689,Pass
EOG77B0HB|Glossina_morsitans|JSM_10540_S15_SPM_1|NODE_136343_length_464_cov_4.112760_R,0.25154646652949514,0.7564768599665314,0.1966781293313825,Pass
EOG77B0HB|Lucilia_sericata|JSM_10540_S15_SPM_2|NODE_13543_length_818_cov_1.235890_S,0.29387156595637964,0.7121342284536709,0.14744541520675108,Pass
EOG77B0HB|Drosophila_ficusphila|JSM_10605_S1_SPM|NODE_2070272_length_134_cov_208_AU,0.05384036144578315,0.2685542168674699,0.09036144578313254,Pass
EOG77B0HB|Hermetia_illucens|JSM_10609_S2_SPM|NODE_27944_length_566_cov_0.799544_R,0.30189333695843434,0.5051937616533227,0.09388721914974402,Pass
EOG77B0HB|Contarinia_nasturtii|JSM_10609_S2_SPM_4|NODE_128837_length_429_cov_2.294702_S,0.3074322854081562,0.61621619112535,0.11262825436543705,Pass
EOG77B0HB|Hermetia_illucens|JSM_10609_S2_SPM_5|NODE_4139741_length_510_cov_1537_A,0.4362789538759115,nan,nan,Fail
EOG77B0HB|Hermetia_illucens|JSM_10609_S2_SPM_2|NODE_9807849_length_358_cov_725_AU,0.2762393393204849,0.6766299019607843,0.18609943977591037,Pass
EOG77B0HB|Hermetia_illucens|JSM_10609_S2_SPM_3|NODE_9278811_length_321_cov_1026_AU,0.44188156066782175,0.9041820322677622,0.2043040384808097,Pass
EOG77B0HB|Hermetia_illucens|JSM_10609_S2_SPM_1|NODE_22025_length_735_cov_1.972039_S,0.15134001559278917,0.45369186046511634,0.125,Pass
EOG77B0HB|Glossina_morsitans|JSM_10611_S9_SPM|NODE_9266_length_164_cov_4.000000_R,0.21699563330817404,0.5665245104779452,0.1468992853074545,Pass
EOG77B0HB|Glossina_morsitans|JSM_10636_S14_SPM|NODE_18805_length_311_cov_2.706522_R,0.2126304788358876,0.5137824646838685,0.1188881940778499,Pass
EOG77B0HB|Hermetia_illucens|JSM_10699_S3_SPM|NODE_240788_length_984_cov_2.655776_R,0.475314221088728,nan,nan,Fail
EOG77B0HB|Hermetia_illucens|JSM_10699_S3_SPM_1|NODE_77091_length_411_cov_2.401408_R,0.2908312715261618,0.615947816287252,0.12482593355428123,Pass
EOG77B0HB|Glossina_morsitans|JSM_10699_S3_SPM_2|NODE_5179565_length_533_cov_1735_AU,0.3041180210806506,0.7343104301140432,0.1804789581812779,Pass
EOG77B0HB|Contarinia_nasturtii|JSM_10699_S3_SPM_3|NODE_74707_length_375_cov_2.326613_R,0.34244510592800603,0.6295523555859102,0.11496523213327225,Pass
EOG77B0HB|Stomoxys_calcitrans|JSM_11142_S4_SPM|NODE_39468_length_528_cov_0.765586_S,0.4059489033388746,2.0865343033469976,0.7483400153160052,Pass
EOG77B0HB|Lucilia_sericata|JSM_11142_S4_SPM_2|NODE_11699_length_539_cov_1.364078_R,0.1887839258216949,0.535541929585944,0.14603447122566837,Pass
EOG77B0HB|Hermetia_illucens|JSM_11142_S4_SPM_1|NODE_2405479_length_264_cov_610_AU,0.2493487256200433,0.48170753278660916,0.0738661311418537,Pass
EOG77B0HB|Hermetia_illucens|JSM_11249_S5_SPM|NODE_37986_length_545_cov_2.571770_R,0.16267316473743224,0.39916822561976806,0.10387001695782083,Pass
EOG77B0HB|Hermetia_illucens|JSM_11249_S5_SPM_2|NODE_430677_length_348_cov_1230_AU,0.31460526959982793,0.47565021443702343,0.07297579397384646,Pass
EOG77B0HB|Stomoxys_calcitrans|JSM_11249_S5_SPM_3|NODE_867362_length_259_cov_848_AU,0.24675607334365557,0.4216614701821636,0.08054572568146001,Pass
EOG77B0HB|Glossina_morsitans|JSM_11384_S6_SPM|NODE_9688_length_1483_cov_1.656342_S,0.301472723690851,0.6764709266580469,0.14622593805542605,Pass
EOG77B0HB|Glossina_morsitans|JSM_11384_S6_SPM_3|NODE_18140_length_946_cov_1.521368_R,0.24230281790691624,0.573312784643019,0.11936758329009012,Pass
EOG77B0HB|Stomoxys_calcitrans|JSM_11384_S6_SPM_5|NODE_538_length_455_cov_1.091463_R,0.33284203817572905,0.6880559587464969,0.150140720055712,Pass
EOG77B0HB|Stomoxys_calcitrans|JSM_11384_S6_SPM_4|NODE_13756_length_540_cov_0.510896_R,0.23444402513833534,0.46168175063462596,0.10918801128162187,Pass
EOG77B0HB|Lucilia_sericata|JSM_11384_S6_SPM_2|NODE_1680056_length_378_cov_1130_AU,0.17825697302644372,0.42063491370039774,0.1088725938272932,Pass
EOG77B0HB|Stomoxys_calcitrans|JSM_11384_S6_SPM_1|NODE_9623_length_652_cov_1.961905_R,0.33778168190049535,0.5945353313468799,0.13459669566612947,Pass
EOG77B0HB|Glossina_morsitans|JSM_11396_S7_SPM|NODE_50103_length_522_cov_0.691139_S,0.2986297874590592,0.63245102598632,0.1749218860910322,Pass
EOG77B0HB|Glossina_morsitans|JSM_11396_S7_SPM_2|NODE_56588_length_500_cov_0.890080_S,0.3855154503983332,2.122708333333333,0.7708333333333334,Pass
EOG77B0HB|Aedes_aegypti|JSM_11685_S10_SPM_3|NODE_5759535_length_287_cov_990_AU,0.43548953615452163,2.122708333333333,0.7708333333333334,Pass
EOG77B0HB|Bradysia_coprophila|JSM_11457_S8_SPM|NODE_5124641_length_338_cov_661_AU,0.3453794336501998,0.6454732741986141,0.15398567886388997,Pass
EOG77B0HB|Contarinia_nasturtii|JSM_11457_S8_SPM_2|NODE_53572_length_635_cov_1.344488_R,0.4679567783046935,0.7837761351468476,0.20030926610903027,Pass
EOG77B0HB|Contarinia_nasturtii|JSM_11457_S8_SPM_1|NODE_4056571_length_240_cov_883_AU,0.12146698092240305,0.23222023473294404,0.06866252432059239,Pass
EOG77B0HB|Aedes_aegypti|JSM_11457_S8_SPM_3|NODE_22490_length_635_cov_1.232283_S,0.31641197785288244,0.5849668578505017,0.1158596510489508,Pass
EOG77B0HB|Musca_domestica|JSM_11468_S9_SPM|NODE_1930609_length_285_cov_813_AU,0.25872793711697006,0.693924971715339,0.16850112673462098,Pass
EOG77B0HB|Stomoxys_calcitrans|JSM_11468_S9_SPM_1|NODE_75694_length_249_cov_2.065574_R,0.13046864137745268,0.39749312441411083,0.10425832564040838,Pass
EOG77B0HB|Aedes_aegypti|JSM_11685_S10_SPM|NODE_23735_length_790_cov_1.215686_S,0.36526932376832516,0.7085769528554019,0.16542858617148737,Pass
EOG77B0HB|Aedes_aegypti|JSM_11685_S10_SPM_1|NODE_9690_length_1002_cov_1.051429_S,0.40134754152351404,nan,nan,Fail
EOG77B0HB|Aedes_aegypti|JSM_11685_S10_SPM_2|NODE_12197_length_947_cov_1.037805_S,0.29127809793952564,0.46281793155021816,0.09025972126024345,Pass
EOG77B0HB|Hermetia_illucens|JSM_11709_S11_SPM|NODE_6576538_length_316_cov_970_AU,0.1263524794490964,0.3036868899088499,0.08919451806839485,Pass
EOG77B0HB|Stomoxys_calcitrans|JSM_11709_S11_SPM_3|NODE_3386857_length_150_cov_240_AU,0.13491244818510945,0.4373090862221878,0.1127309970458254,Pass
EOG77B0HB|Glossina_morsitans|JSM_11709_S11_SPM_1|NODE_1777952_length_265_cov_470_AU,0.28969600613980084,0.6770540194237517,0.13205496213753615,Pass
EOG77B0HB|Glossina_morsitans|JSM_11709_S11_SPM_2|NODE_2326405_length_212_cov_364_AU,0.30789990630714925,0.8006104373299923,0.20562298681459912,Pass
EOG77B0HB|Glossina_morsitans|JSM_11804_S12_SPM|NODE_22637_length_1543_cov_1.678672_R,0.36179917295838127,nan,nan,Fail
EOG77B0HB|Stomoxys_calcitrans|JSM_11804_S12_SPM_5|NODE_900735_length_254_cov_754_AU,0.26415327634631136,0.6613339995535369,0.17831943999284272,Pass
EOG77B0HB|Glossina_morsitans|JSM_11804_S12_SPM_4|NODE_392038_length_401_cov_1500_AU,0.35865975935828875,0.7798129052149184,0.16779299246942586,Pass
EOG77B0HB|Glossina_morsitans|JSM_11804_S12_SPM_1|NODE_23520_length_713_cov_2.262799_S,0.3258899273580063,0.5722704451973419,0.14110089873475984,Pass
EOG77B0HB|Stomoxys_calcitrans|JSM_11807_S13_SPM|NODE_1534918_length_363_cov_816_AU,0.2624687244567979,0.42807847907224733,0.08697080778459076,Pass
EOG77B0HB|Glossina_morsitans|JSM_11807_S13_SPM_2|NODE_3833966_length_283_cov_688_AU,0.3203761959851994,0.8552587722333252,0.20477381058495947,Pass
EOG77B0HB|Glossina_morsitans|JSM_11807_S13_SPM_1|NODE_3563540_length_237_cov_572_AU,0.2351597344926831,0.6681944721508781,0.16552772444289288,Pass
EOG77B0HB|Hermetia_illucens|JSM_1944_S2_SPM|NODE_2941718_length_285_cov_512_AU,0.1713391035090826,0.3450266534283152,0.09113737360105645,Pass
EOG77B0HB|Zeugodacus_cucurbitae|JSM_4774_S13_SPM|NODE_84890_length_251_cov_550_AU,0.16056919161409736,0.5685716999050331,0.18858499525166184,Pass
EOG77B0HB|Lucilia_sericata|JSM_4942_S10_SPM|NODE_47099_length_203_cov_346_AU,0.18980001248404815,0.56789767101468,0.16096258986611567,Pass
EOG77B0HB|Glossina_morsitans|JSM_5716_II_S12_SPM|NODE_976_length_597_cov_1.887234_S,0.22799063758894403,nan,nan,Fail
EOG77B0HB|Glossina_morsitans|JSM_5812_S4_SPM|NODE_649885_length_315_cov_889_AU,0.1390674616545829,0.36251953125,0.095703125,Pass
EOG77B0HB|Lucilia_sericata|JSM_5861_S5_SPM|NODE_383123_length_196_cov_332_AU,0.3615319108640938,0.9878257394084732,0.28810094781317797,Pass
EOG77B0HB|Glossina_morsitans|JSM_5907_S13_SPM|NODE_20959_length_351_cov_2.325893_R,0.20924269512850838,0.5237929545746257,0.13539515291536852,Pass
EOG77B0HB|Musca_domestica|JSM_6006_S14_SPM|NODE_53473_length_684_cov_1.786355_S,0.2532544485555598,0.4262653102452384,0.1105841773556766,Pass
EOG77B0HB|Stomoxys_calcitrans|JSM_6006_S14_SPM_4|NODE_52538_length_692_cov_2.125664_S,0.4642066159907899,2.0857319366102605,0.7385710448562987,Pass
EOG77B0HB|Zeugodacus_cucurbitae|JSM_6006_S14_SPM_1|NODE_47955_length_736_cov_2.476190_S,0.3494370414997829,0.5654779138581759,0.13030191903639343,Pass
EOG77B0HB|Hermetia_illucens|JSM_6006_S14_SPM_2|NODE_21306_length_1137_cov_1.164356_S,0.31336356371631324,0.6058361037010253,0.13166976958389676,Pass
EOG77B0HB|Glossina_morsitans|JSM_6043_S6_SPM|NODE_7744_length_258_cov_535_AU,0.30074694109548533,0.7168307990209704,0.17282400816047166,Pass
EOG77B0HB|Bactrocera_dorsalis|JSM_6055_S7_SPM|NODE_41353_length_523_cov_2.237374_S,0.32068410068443676,0.7990620630422907,0.20425428970932769,Pass
EOG77B0HB|Stomoxys_calcitrans|JSM_6055_S7_SPM_1|NODE_460663_length_236_cov_591_AU,0.20568404589482417,0.38903273487634293,0.07044487706395558,Pass
EOG77B0HB|Stomoxys_calcitrans|JSM_6055_S7_SPM_2|NODE_84130_length_494_cov_1.280654_R,0.481612177921679,0.7090153938581133,0.14531475270691258,Pass
EOG77B0HB|Hermetia_illucens|JSM_6055_S7_SPM_3|NODE_937290_length_183_cov_592_AU,0.11008328493039163,0.3452987967914437,0.10030748663101596,Pass
EOG77B0HB|Glossina_morsitans|JSM_6055_S7_SPM_4|NODE_125359_length_178_cov_403_AU,0.22094772439881183,0.4956509124734232,0.12696226080793765,Pass
EOG77B0HB|Stomoxys_calcitrans|JSM_6145_S8_SPM|NODE_26155_length_520_cov_2.078880_R,0.30743410199489446,0.641682036348994,0.1729291710495377,Pass
EOG77B0HB|Hermetia_illucens|JSM_6145_S8_SPM_3|NODE_16106_length_485_cov_1.173184_R,0.1738424076202184,0.35997466840016823,0.049998947818660766,Pass
EOG77B0HB|Hermetia_illucens|JSM_6145_S8_SPM_2|NODE_239729_length_204_cov_498_AU,0.12827410680957488,0.3615548780487804,0.09451219512195119,Pass
EOG77B0HB|Bactrocera_oleae|JSM_6145_S8_SPM_4|NODE_897935_length_223_cov_437_AU,0.3088232168823478,0.7921568888412661,0.18887663973062002,Pass
EOG77B0HB|Lucilia_sericata|JSM_6145_S8_SPM_5|NODE_83995_length_196_cov_2.463768_R,0.2537611211899794,0.9436862049504152,0.2849713778924454,Pass
EOG77B0HB|Stomoxys_calcitrans|JSM_6152_S9_SPM|NODE_18551_length_464_cov_1.148368_R,0.22160578398220354,0.4943917400476049,0.11823552928665815,Pass
EOG77B0HB|Scaptodrosophila_lebanonensis|JSM_6152_S9_SPM_3|NODE_733508_length_294_cov_1242_AU,0.3017054199059895,0.6368215045188729,0.11410154173312065,Pass
EOG77B0HB|Hermetia_illucens|JSM_6152_S9_SPM_2|NODE_744245_length_204_cov_558_AU,0.10011741852348333,0.26385093167701856,0.0714285714285714,Pass
EOG77B0HB|Glossina_morsitans|JSM_6153_S10_SPM|NODE_28337_length_697_cov_1.363158_S,0.32867823884443953,0.7257768840588784,0.153664483285536,Pass
EOG77B0HB|Teleopsis_dalmanni|JSM_6153_S10_SPM_5|NODE_1571061_length_159_cov_421_AU,0.1333531030587758,0.37383712825278803,0.10350836431226762,Pass
EOG77B0HB|Glossina_morsitans|JSM_6153_S10_SPM_1|NODE_46933_length_569_cov_0.902715_S,0.2442325756230901,0.48301430455651534,0.11183162143681585,Pass
EOG77B0HB|Scaptodrosophila_lebanonensis|JSM_6153_S10_SPM_3|NODE_273740_length_204_cov_348_A,0.15920877465392388,0.4976224479780133,0.14337946603847662,Pass
EOG77B0HB|Lucilia_sericata|JSM_6153_S10_SPM_2|NODE_36210_length_635_cov_0.746063_S,0.35551774759437,0.8666607956900122,0.25849564857024443,Pass
EOG77B0HB|Glossina_morsitans|JSM_6153_S10_SPM_4|NODE_76485_length_262_cov_2.637037_R,0.244263430219674,0.6424044193447178,0.15568105418851685,Pass
EOG77B0HB|Stomoxys_calcitrans|JSM_6163_S11_SPM|NODE_846049_length_254_cov_554_AU,0.2762510586942491,0.5146892477452513,0.12961404746309269,Pass
EOG77B0HB|Rhagoletis_pomonella|JSM_6206_S14_SPM|NODE_120925_length_125_cov_285_A,0.3098966779694334,0.7535885362917095,0.18465587989581794,Pass
EOG77B0HB|Lucilia_sericata|JSM_6258_S12_SPM|NODE_75400_length_247_cov_434_A,0.11406369927099348,0.3496535352085725,0.1004472828166858,Pass
EOG77B0HB|Stomoxys_calcitrans|JSM_6258_S12_SPM_1|NODE_445399_length_166_cov_336_AU,0.26514388849825987,0.4981568141587258,0.10377253834859318,Pass
EOG77B0HB|Glossina_morsitans|JSM_6310_S13_SPM|NODE_50434_length_306_cov_2.050279_R,0.27838909183259186,0.6693346656552691,0.13151996034891883,Pass
EOG77B0HB|Glossina_morsitans|JSM_6310_S13_SPM_1|NODE_1788645_length_274_cov_660_AU,0.15060819768798528,0.4704621750645437,0.12673206686768818,Pass
EOG77B0HB|Hermetia_illucens|JSM_6314_S15_SPM|NODE_508240_length_274_cov_496_AU,0.09909631228984976,0.28058122717576,0.08008822359619616,Pass
EOG77B0HB|Glossina_morsitans|JSM_6314_S15_SPM_1|NODE_1287016_length_334_cov_843_AU,0.2868891359688841,0.6216369376336335,0.13471504714250732,Pass
EOG77B0HB|Lucilia_sericata|JSM_642_S1_SPM|NODE_978601_length_332_cov_1544_AU,0.2418057520989388,0.5991375088046916,0.16104394974364022,Pass
EOG77B0HB|Glossina_morsitans|JSM_642_S1_SPM_1|NODE_560_length_2325_cov_1.641037_S,0.30478851635241155,0.726540301178794,0.15103067333209896,Pass
EOG77B0HB|Stomoxys_calcitrans|JSM_642_S1_SPM_3|NODE_717442_length_384_cov_1424_AU,0.3057663395206267,0.6316995920123616,0.1529700866562106,Pass
EOG77B0HB|Glossina_morsitans|JSM_642_S1_SPM_4|NODE_1282074_length_250_cov_600_AU,0.3529588108516465,0.842333463762445,0.2006286683187687,Pass
EOG77B0HB|Glossina_morsitans|JSM_642_S1_SPM_2|NODE_34803_length_636_cov_1.055010_S,0.3975114905040036,2.1331622911694508,0.7780429594272077,Pass
EOG77B0HB|Glossina_morsitans|JSM_6608_S1_SPM|NODE_430889_length_250_cov_440_AU,0.25514893715006987,0.5821855331757005,0.14803294401741196,Pass
EOG77B0HB|Glossina_morsitans|JSM_6608_S1_SPM_1|NODE_79658_length_244_cov_428_AU,0.37555490105396533,0.9276877215339657,0.2211642206933,Pass
EOG77B0HB|Hermetia_illucens|JSM_6704_S2_SPM|NODE_364951_length_172_cov_284_AU,0.11495178198358741,0.47728131606765334,0.14937896405919665,Pass
EOG77B0HB|Hermetia_illucens|JSM_6712_S3_SPM|NODE_1822330_length_149_cov_482_AU,0.1086734693877551,0.28407589903181196,0.0918914246196404,Pass
EOG77B0HB|Teleopsis_dalmanni|JSM_6713_S4_SPM|NODE_168258_length_200_cov_340_AU,0.17246893941830047,0.42837754957406693,0.10362872248444388,Pass
EOG77B0HB|Glossina_morsitans|JSM_6892_S6_SPM|NODE_233414_length_160_cov_260_AU,0.23282424185972514,0.45706025120452154,0.08354020066230206,Pass
EOG77B0HB|Scaptodrosophila_lebanonensis|JSM_6897_S6_SPM|NODE_10241_length_444_cov_1.858044_R,0.22216713105941538,nan,nan,Fail
EOG77B0HB|Musca_domestica|JSM_7174_S7_SPM|NODE_1081191_length_186_cov_312_AU,0.24749267732748562,0.29116597642561326,0.060369544440904754,Pass
EOG77B0HB|Rhagoletis_pomonella|JSM_7192_S14_SPM|NODE_1245066_length_137_cov_214_AU,0.10390513533407676,0.29814641744548287,0.08722741433021808,Pass
EOG77B0HB|Glossina_morsitans|JSM_7334_S8_SPM|NODE_33632_length_195_cov_330_AU,0.40789319424370907,0.9018134516602879,0.18492524349157846,Pass
EOG77B0HB|Glossina_morsitans|JSM_7567_II_S15_SPM|NODE_3694_length_259_cov_458_AU,0.30943554138191437,0.6827483571530171,0.13959875195302512,Pass
EOG77B0HB|Glossina_morsitans|JSM_7804_S15_SPM_1|NODE_8367_length_671_cov_1.189338_S,0.29532103148820676,0.7399287529245052,0.15753164491966204,Pass
EOG77B0HB|Glossina_morsitans|JSM_7804_S15_SPM_2|NODE_1135368_length_232_cov_404_AU,0.26458727436881924,0.7116721523139322,0.1620155014275998,Pass
EOG77B0HB|Lucilia_sericata|JSM_7821_S9_SPM|NODE_33563_length_582_cov_2.028571_S,0.19082595182406922,0.4993294838685227,0.13409239798376837,Pass
EOG77B0HB|Glossina_morsitans|JSM_7821_S9_SPM_1|NODE_30948_length_670_cov_2.609576_R,0.34039662679762767,0.7259084740760705,0.14258750996993597,Pass
EOG77B0HB|Stomoxys_calcitrans|JSM_7821_S9_SPM_2|NODE_2008491_length_368_cov_892_AU,0.2651128283922011,0.5475331529551664,0.1474064680248967,Pass
EOG77B0HB|Glossina_morsitans|JSM_7821_S9_SPM_3|NODE_2306148_length_252_cov_444_AU,0.3823974842983673,2.078948598130841,0.7406542056074766,Pass
EOG77B0HB|Lucilia_sericata|JSM_8315_S13_SPM|NODE_51923_length_319_cov_728_AU,0.14115454302619773,0.3918670394532465,0.10826343584964282,Pass
EOG77B0HB|Stomoxys_calcitrans|JSM_8315_S13_SPM_1|NODE_164027_length_291_cov_704_AU,0.39867529531043816,2.0660250622214504,0.7352781154135556,Pass
EOG77B0HB|Hermetia_illucens|JSM_8315_S13_SPM_2|NODE_18485_length_571_cov_2.137387_S,0.23705454101908396,0.5032109191780341,0.07528785459219955,Pass
EOG77B0HB|Hermetia_illucens|JSM_8384_S2_SPM|NODE_872443_length_286_cov_528_AU,0.11825454248659292,0.3114551967855934,0.08830420680640949,Pass
EOG77B0HB|Glossina_morsitans|JSM_8384_S2_SPM_1|NODE_1050652_length_211_cov_362_AU,0.22222645251266418,0.44350118415877704,0.08422788857792651,Pass
EOG77B0HB|Glossina_morsitans|JSM_8398_S11_SPM|NODE_97629_length_156_cov_252_AU,0.16843432479915968,0.48379687246724995,0.1402156469953701,Pass
EOG77B0HB|Teleopsis_dalmanni|JSM_8601_S5_SPM|NODE_901761_length_237_cov_414_AU,0.12774963682721777,0.35007733658961093,0.08955464791500001,Pass
EOG77B0HB|Musca_domestica|JSM_8601_S5_SPM_3|NODE_1749824_length_278_cov_496_AU,0.23105013203838012,0.48175894537982794,0.06397504813806842,Pass
EOG77B0HB|Glossina_morsitans|JSM_8601_S5_SPM_1|NODE_3532_length_337_cov_2.052381_R,0.1384052012256103,0.4285193559742365,0.10443156195592546,Pass
EOG77B0HB|Glossina_morsitans|JSM_8601_S5_SPM_2|NODE_65560_length_370_cov_2.699588_R,0.2956774658780291,0.6538355950936964,0.15178994405960933,Pass
EOG77B0HB|Glossina_morsitans|JSM_8931_S10_SPM|NODE_3966_length_508_cov_2.721785_R,0.2965261326144493,0.6074245999005662,0.11581272976343016,Pass
EOG77B0HB|Glossina_morsitans|JSM_8931_S10_SPM_1|NODE_671145_length_224_cov_388_AU,0.312592763551961,0.8398835352205217,0.21270804052665188,Pass
EOG77B0HB|Scaptodrosophila_lebanonensis|JSM_8931_S10_SPM_2|NODE_572656_length_280_cov_500_AU,0.30952809160727746,0.6275112811695284,0.11231524310012192,Pass
EOG77B0HB|Glossina_morsitans|JSM_9082_S6_SPM|NODE_10278_length_442_cov_2.488889_S,0.46575238704366356,nan,nan,Fail
EOG77B0HB|Teleopsis_dalmanni|JSM_9082_S6_SPM_1|NODE_620999_length_166_cov_272_AU,0.10974271489027354,0.299667608369383,0.07115741149465882,Pass
EOG77B0HB|Glossina_morsitans|JSM_9156_S14_SPM|NODE_29495_length_442_cov_0.933333_R,0.36762500133561404,0.8705232802840516,0.19862490883631423,Pass
EOG77B0HB|Glossina_morsitans|JSM_9163_II_S3_SPM|NODE_163182_length_201_cov_342_AU,0.24683082140468776,0.6159965127949267,0.1495426544340555,Pass
EOG77B0HB|Glossina_morsitans|JSM_9171_S15_SPM|NODE_223172_length_207_cov_354_AU,0.3145661438783606,0.6984166065948085,0.15167626327592276,Pass
EOG77B0HB|Glossina_morsitans|JSM_9724_S16_SPM|NODE_1739_length_939_cov_1.039409_S,0.42625312256365133,nan,nan,Fail
EOG77B0HB|Musca_domestica|JSM_9724_S16_SPM_2|NODE_469640_length_221_cov_492_AU,0.2528477684704444,0.5143636595304663,0.08049997192112934,Pass
EOG77B0HB|Glossina_morsitans|JSM_9724_S16_SPM_1|NODE_2456715_length_358_cov_1004_AU,0.25525492552155626,0.6942856370336756,0.16689726280831635,Pass
EOG77B0HB|Glossina_morsitans|JSS13123_S6_SPM|NODE_3654_length_209_cov_716_AU,0.177834985914762,0.8768203731153933,0.2808791238141024,Pass
EOG77B0HB|Zeugodacus_cucurbitae|JSS13126_S7_SPM|NODE_3574_length_213_cov_366_A,0.23096769978104587,0.6635798591274121,0.18688801378583653,Pass
EOG77B0HB|Hermetia_illucens|JSS16852_S14_SPM|NODE_32761_length_115_cov_170_AU,0.11989264672197902,0.32304964539007086,0.09290780141843968,Pass
EOG77B0HB|Zeugodacus_cucurbitae|JSS16919_S15_SPM|NODE_57342_length_220_cov_380_AU,0.20157429021708217,0.781761153975176,0.2799396175779939,Pass
EOG77B0HB|Glossina_morsitans|JSS17021_S19_SPM|NODE_7807_length_216_cov_372_A,0.21356275303643724,0.7297168608764132,0.2220564876733539,Pass
EOG77B0HB|Glossina_morsitans|JSS17034_S75_SPM|NODE_42062_length_203_cov_346_AU,0.11198589983429146,0.2452156490126416,0.064727753449558,Pass
EOG77B0HB|Stomoxys_calcitrans|JSS17104_S21_SPM|NODE_19939_length_197_cov_334_AU,0.3065554220278648,0.6700864900143586,0.16055225912320292,Pass
EOG77B0HB|Hermetia_illucens|JSS18986_S37_SPM|NODE_123154_length_182_cov_304_AU,0.1383334033345271,0.3475605536332178,0.08352225271447311,Pass
EOG77B0HB|Rhagoletis_pomonella|JSS19037_S73_SPM|NODE_105423_length_114_cov_168_AU,0.30551968149554026,0.863655379594836,0.22235044988363778,Pass
EOG77B0HB|Hermetia_illucens|Sample_487784_S4_SPM|NODE_16372_length_780_cov_2.767228_R,0.2952933900994392,0.5271804393817578,0.13205293365374848,Pass
EOG77B0HB|Stomoxys_calcitrans|Sample_655211_S1_SPM|NODE_1736563_length_404_cov_902_AU,0.2765946478975101,0.48065130443525034,0.11958903919649627,Pass
EOG77B0HB|Lucilia_sericata|ZMFK_18031_S11_SPM|NODE_16938_length_495_cov_1.638587_R,0.40744888905687593,nan,nan,Fail
EOG77B0HB|Glossina_morsitans|JXPC01.1|JXPC01032144.1,0.3378831830514132,0.7121695613063226,0.14299622989894561,Pass
EOG77B0HB|Glossina_morsitans|JXPC01.1_3|JXPC01027521.1,0.277383886718684,0.6245978401752103,0.1279590822592649,Pass
EOG77B0HB|Glossina_morsitans|CAJNIT01_3|CAJNIT010000116.1_667,0.277383886718684,0.6245978401752103,0.1279590822592649,Pass
EOG77B0HB|Stomoxys_calcitrans|JXPC01.1_1|JXPC01034993.1_1,0.2990683605328231,0.5428856589432774,0.12366564999586177,Pass
EOG77B0HB|Glossina_morsitans|CAJZBV01|CAJZBV010000097.1_44,0.330036954476857,0.7084172814794013,0.14172525094928912,Pass
EOG77B0HB|Glossina_morsitans|CAJZLI01|CAJZLI010000593.1_582,0.33870925697412363,0.7084172814794013,0.14172525094928912,Pass
EOG77B0HB|Glossina_morsitans|CAJZLI01_4|CAJZLI010000593.1_583,0.10922192857373095,0.3293750000000001,0.09439655172413797,Pass
EOG77B0HB|Stomoxys_calcitrans|CAJZBV01_1|CAJZBV010000097.1_40,0.33595291115689846,0.5594193011385673,0.12046057401574234,Pass
EOG77B0HB|Lucilia_sericata|CAJZBV01_2|CAJZBV010000097.1_43,0.18143858619581324,0.3833671202443767,0.09164121077478482,Pass
EOG77B0HB|Glossina_morsitans|CAJZBV01_6|CAJZBV010000097.1_41,0.3569852807158168,0.878377939016644,0.22340489642816236,Pass
EOG77B0HB|Glossina_morsitans|CAJNIT01|CAJNIT010000116.1_666,0.34268029939217604,0.7653079165102284,0.1641847316137519,Pass
EOG77B0HB|Glossina_morsitans|CAJMZT01.1|CAJMZT010000025.1_464,0.25207557685978715,nan,nan,Fail
EOG77B0HB|Glossina_morsitans|CAKJUZ01.1|CAKJUZ010001344.1_58,0.24784343474859666,nan,nan,Fail
EOG77B0HB|Glossina_morsitans|CAJVQV01|CAJVQV010000632.1_1,0.25860070848222216,nan,nan,Fail
EOG77B0HB|Stomoxys_calcitrans|CAKJUZ01.1_1|CAKJUZ010001344.1_59,0.3343256037750493,0.6008198847909431,0.13454119055958058,Pass
EOG77B0HB|Stomoxys_calcitrans|CAJMZT01.1_1|CAJMZT010000025.1_465,0.33301588968045687,0.6008198847909431,0.13454119055958058,Pass
EOG77B0HB|Glossina_morsitans|CAJVCN01|CAJVCN010000750.1_124,0.26881895976990977,nan,nan,Fail
EOG77B0HB|Bradysia_coprophila|CAJVCN01_2|CAJVCN010000750.1_18,0.20919696258636203,0.45332459922106233,0.08190582694696591,Pass
EOG77B0HB|Stomoxys_calcitrans|CAJVCN01_1|CAJVCN010001329.1_11,0.35358953452060965,0.5911315086619412,0.129667842408769,Pass
EOG77B0HB|Rhagoletis_pomonella|CAKKTD01|CAKKTD010002774.1_32,0.3119518490107101,0.6279027287679614,0.12423246414499806,Pass
EOG77B0HB|Glossina_morsitans|CAKKTD01_2|CAKKTD010002774.1_31,0.24660657400240446,0.5708603967728445,0.11569743613154837,Pass
EOG77B0HB|Glossina_morsitans|CAJVQV01_3|CAJVQV010000632.1_14,0.23925620790509028,0.5050250949362171,0.10078299543684271,Pass
EOG77B0HB|Glossina_morsitans|CAKJUZ01.1_2|CAKJUZ010001344.1_56,0.22838830550160505,0.5050250949362171,0.10078299543684271,Pass
EOG77B0HB|Glossina_morsitans|CAKLPK01.1_2|CAKLPK010000191.1_32,0.21146110441289787,0.5050250949362171,0.10078299543684271,Pass
EOG77B0HB|Glossina_morsitans|CAKKXW01|CAKKXW010000002.1_30347,0.26061373940510274,nan,nan,Fail
EOG77B0HB|Stomoxys_calcitrans|CAKKXW01_1|CAKKXW010000002.1_30346,0.37215757468023747,2.0734143518518513,0.7497685185185184,Pass
EOG77B0HB|Glossina_morsitans|CAKKXW01_2|CAKKXW010000002.1_30348,0.28170025122689546,0.6134437470943745,0.1358670385867038,Pass
EOG77B0HB|Bactrocera_oleae|CAJSMD01.1|CAJSMD010000115.1_59,0.2814013830527041,nan,nan,Fail
EOG77B0HB|Stomoxys_calcitrans|CAJSMD01.1_1|CAJSMD010000115.1_58,0.28929078407641157,0.5019098527826943,0.11087685697680544,Pass
EOG77B0HB|Glossina_morsitans|CAKLPK01.1|CAKLPK010000191.1_72,0.23815020628693565,nan,nan,Fail
EOG77B0HB|Glossina_morsitans|CAJHUJ01.1|CAJHUJ010000176.1_75,0.2645424021203255,nan,nan,Fail
EOG77B0HB|Glossina_morsitans|CAJHUJ01.1_1|CAJHUJ010000176.1_76,0.2895531506388784,0.6405552995210944,0.13915079033457362,Pass
EOG77B0HB|Glossina_morsitans|CAJNIT01_1|CAJNIT010000116.1_665,0.25500040467419693,nan,nan,Fail
EOG77B0HB|Glossina_morsitans|CAJVQV01_1|CAJVQV010000298.1_13,0.3518583687285764,0.5772298674134444,0.10508079094446116,Pass
EOG77B0HB|Stomoxys_calcitrans|CAJZLI01_1|CAJZLI010000593.1_584,0.34033734250599423,0.5989803270267184,0.1296537908796055,Pass
EOG77B0HB|Glossina_morsitans|CAKAIX01.1|CAKAIX010000056.1_116,0.2602747362188258,nan,nan,Fail
EOG77B0HB|Stomoxys_calcitrans|CAKKTD01_1|CAKKTD010002774.1_33,0.34560340879640805,0.5965533549665609,0.12394880289296861,Pass
EOG77B0HB|Stomoxys_calcitrans|CAKLPK01.1_1|CAKLPK010000159.1_35,0.3174728710755709,0.566446713580982,0.13606953353699341,Pass
EOG77B0HB|Glossina_morsitans|GDDE01.1_2|GDDE01002667.1,0.38761428602379727,0.7560688562676298,0.18196150953995632,Pass
EOG77B0HB|Drosophila_ficusphila|GIFG01.1|GIFG01026562.1,0.6329607707519309,nan,nan,Fail
EOG77B0HB|Glossina_morsitans|GIFM01.1|GIFM01025773.1,0.49432037819227753,nan,nan,Fail
EOG77B0HB|Glossina_morsitans|GIGU01.1|GIGU01025605.1,0.36308192877929774,nan,nan,Fail
EOG77B0HB|Glossina_morsitans|130928_232_22|s6163_L_10239_0_a_47_9_l_4640,0.30088011806376963,nan,nan,Fail
