EOG7T4Z69|Glossina_morsitans|130501_249_44|s8248_L_22016_0_a_64_5_l_1719,0.1316673473533888,0.4943905649813611,0.15866359087752124,Pass
EOG7T4Z69|Glossina_morsitans|GIGW01.1|GIGW01020910.1,0.14361208741497786,0.4938636735763172,0.1584485331611768,Pass
EOG7T4Z69|Glossina_morsitans|GIFH01.1|GIFH01003320.1,0.1456303191369663,0.4938636735763172,0.1584485331611768,Pass
EOG7T4Z69|Glossina_morsitans|130608_189_16|C140231_a_42_0_l_1284,0.18714291620550152,0.4938636735763172,0.1584485331611768,Pass
EOG7T4Z69|Rhagoletis_pomonella|GIGP01.1|GIGP01008514.1,0.14571860365024408,0.4938636735763172,0.1584485331611768,Pass
EOG7T4Z69|Glossina_morsitans|GIFM01.1|GIFM01017050.1,0.13895872626081304,0.4938636735763172,0.1584485331611768,Pass
EOG7T4Z69|Glossina_morsitans|GIGT01.1|GIGT01022563.1,0.14033747049259676,0.4938636735763172,0.1584485331611768,Pass
EOG7T4Z69|Glossina_morsitans|GIFR01.1|GIFR01042360.1,0.13007548526173185,0.4938636735763172,0.1584485331611768,Pass
EOG7T4Z69|Glossina_morsitans|GIFS01.1|GIFS01033572.1,0.1318142774571609,0.4938636735763172,0.1584485331611768,Pass
EOG7T4Z69|Glossina_morsitans|GIFF01.1|GIFF01023352.1,0.13646150680006305,0.4938636735763172,0.1584485331611768,Pass
EOG7T4Z69|Stomoxys_calcitrans|GIFT01.1|GIFT01029736.1,0.1654102771345339,0.4938636735763172,0.1584485331611768,Pass
EOG7T4Z69|Glossina_morsitans|GCGG01.1|GCGG01018125.1,0.14931470710536174,0.4938636735763172,0.1584485331611768,Pass
EOG7T4Z69|Glossina_morsitans|GIFG01.1|GIFG01008554.1,0.14103640167590611,0.4938636735763172,0.1584485331611768,Pass
EOG7T4Z69|Glossina_morsitans|GCVD01.1|GCVD01018468.1,0.1297834275544201,0.4938636735763172,0.1584485331611768,Pass
EOG7T4Z69|Teleopsis_dalmanni|GCGQ01.1|GCGQ01036959.1,0.14780490168314656,0.4938636735763172,0.1584485331611768,Pass
EOG7T4Z69|Glossina_morsitans|GDDH01.1|GDDH01058800.1,0.1562944150540403,0.4938636735763172,0.1584485331611768,Pass
EOG7T4Z69|Glossina_morsitans|GCGH01.1|GCGH01011969.1,0.15282801307664703,0.4938636735763172,0.1584485331611768,Pass
EOG7T4Z69|Glossina_morsitans|GCMY01.1|GCMY01069354.1,0.1445233672232775,0.4938636735763172,0.1584485331611768,Pass
EOG7T4Z69|Glossina_morsitans|GIGQ01.1|GIGQ01020060.1,0.12691717761621482,0.4938636735763172,0.1584485331611768,Pass
EOG7T4Z69|Glossina_morsitans|GDDC01.1|GDDC01029677.1,0.14539718650178415,0.4938636735763172,0.1584485331611768,Pass
EOG7T4Z69|Bactrocera_dorsalis|AHE_22_S34_merged_SPM|NODE_8660_length_1589_cov_11.611111_R,0.1218415440256196,0.49424690190920506,0.1707741630530838,Pass
EOG7T4Z69|Hermetia_illucens|AHE_79_S46_merged_SPM|NODE_16099_length_1426_cov_16.918458_R,0.11802422475813948,0.49424690190920506,0.1707741630530838,Pass
EOG7T4Z69|Teleopsis_dalmanni|AHE_273_S20_SPM|NODE_93843_length_1364_cov_58.410256_R,0.12402434937833694,0.49424690190920506,0.1707741630530838,Pass
EOG7T4Z69|Hermetia_illucens|AHE_59_S33_merged_SPM|NODE_14982_length_1189_cov_8.320144_R,0.11668656533368273,0.49424690190920506,0.1707741630530838,Pass
EOG7T4Z69|Hermetia_illucens|AHE_43_S48_merged_SPM|NODE_110_length_1119_cov_18.674664_S,0.1222713589760087,0.49424690190920506,0.1707741630530838,Pass
EOG7T4Z69|Hermetia_illucens|AHE_279_S25_SPM|NODE_1065_length_1308_cov_90.154346_S,0.12287366582679204,0.49424690190920506,0.1707741630530838,Pass
EOG7T4Z69|Glossina_morsitans|131012_246_93|s5099_L_21273_0_a_35_8_l_2399,0.1260708018141154,0.49424690190920506,0.1707741630530838,Pass
EOG7T4Z69|Teleopsis_dalmanni|AHE_271_S21_SPM|NODE_833_length_1363_cov_122.050544_S,0.12017587920567249,0.49424690190920506,0.1707741630530838,Pass
EOG7T4Z69|Bactrocera_dorsalis|JSM_10551_S1_SPM|NODE_232_length_1230_cov_130.120580_S,0.1159191690805122,0.49424690190920506,0.1707741630530838,Pass
EOG7T4Z69|Teleopsis_dalmanni|MZH_Y126_S44_SPM|NODE_406_length_1079_cov_18.013655_R,0.13099129993118205,0.49424690190920506,0.1707741630530838,Pass
EOG7T4Z69|Bactrocera_dorsalis|JSM_10611_S9_SPM|NODE_38_length_2914_cov_199.030499_S,0.12016970125133457,0.49424690190920506,0.1707741630530838,Pass
EOG7T4Z69|Hermetia_illucens|AHE_85_S54_merged_SPM|NODE_172_length_1491_cov_21.006365_S,0.1284264911011747,0.49424690190920506,0.1707741630530838,Pass
EOG7T4Z69|Zeugodacus_cucurbitae|JSM_8264_S9_SPM|NODE_2923_length_1109_cov_26.827902_R,0.1218415440256196,0.49424690190920506,0.1707741630530838,Pass
EOG7T4Z69|Teleopsis_dalmanni|AHE_182_S27_merged_SPM|NODE_26523_length_1153_cov_96760_A,0.12260865904754882,0.49424690190920506,0.1707741630530838,Pass
EOG7T4Z69|Bactrocera_dorsalis|AHE_65_S28_merged_SPM|NODE_28296_length_1358_cov_22.982826_R,0.11710020798880194,0.49424690190920506,0.1707741630530838,Pass
EOG7T4Z69|Bactrocera_dorsalis|AHE_137_S51_merged_SPM|NODE_133_length_1458_cov_5.897900_S,0.1379516161518194,0.49424690190920506,0.1707741630530838,Pass
EOG7T4Z69|Hermetia_illucens|AHE_151_S53_merged_SPM|NODE_59660_length_1483_cov_37.951636_R,0.12530636848172563,0.49424690190920506,0.1707741630530838,Pass
EOG7T4Z69|Hermetia_illucens|AB59937875_S42_SPM|NODE_1506_length_1026_cov_28.468298_R,0.1218415440256196,0.49424690190920506,0.1707741630530838,Pass
EOG7T4Z69|Hermetia_illucens|JSM_7821_S9_SPM|NODE_1948_length_1537_cov_474.691489_R,0.12542147280805727,0.49424690190920506,0.1707741630530838,Pass
EOG7T4Z69|Bactrocera_dorsalis|AHE_48_S52_merged_SPM|NODE_1050_length_1283_cov_15.987562_S,0.1374909353969587,0.49424690190920506,0.1707741630530838,Pass
EOG7T4Z69|Zeugodacus_cucurbitae|CNC452105_S5_SPM|NODE_546_length_1112_cov_25.952284_R,0.12280518751992528,0.49424690190920506,0.1707741630530838,Pass
EOG7T4Z69|Zeugodacus_cucurbitae|AHE_208_S54_merged_SPM|NODE_10481_length_1242_cov_11.304721_R,0.11845447519027866,0.49424690190920506,0.1707741630530838,Pass
EOG7T4Z69|Bactrocera_dorsalis|CNC1584451_S52_SPM|NODE_1537_length_994_cov_10.874279_R,0.12077049080970133,0.49424690190920506,0.1707741630530838,Pass
EOG7T4Z69|Hermetia_illucens|JSM_4904_S2_SPM|NODE_65_length_1506_cov_61.509790_S,0.13742215784687764,0.49424690190920506,0.1707741630530838,Pass
EOG7T4Z69|Zeugodacus_cucurbitae|AHE_50_S50_merged_SPM|NODE_169_length_1462_cov_41.731408_S,0.11694627196404095,0.49424690190920506,0.1707741630530838,Pass
EOG7T4Z69|Zeugodacus_cucurbitae|AHE_77_S24_merged_SPM|NODE_351_length_1411_cov_31.182159_S,0.12305488448924909,0.49424690190920506,0.1707741630530838,Pass
EOG7T4Z69|Bactrocera_dorsalis|CAJMZT01.1|CAJMZT010000004.1_2035,0.11710020798880194,0.49424690190920506,0.1707741630530838,Pass
EOG7T4Z69|Contarinia_nasturtii|JSM_9639_II_S16_SPM|NODE_96_length_1056_cov_97.480086_S,0.12477611324336595,0.49424690190920506,0.1707741630530838,Pass
EOG7T4Z69|Bactrocera_dorsalis|AHE_20_S56_merged_SPM|NODE_383_length_1430_cov_24.292683_S,0.1218415440256196,0.49424690190920506,0.1707741630530838,Pass
EOG7T4Z69|Bactrocera_dorsalis|AHE_196_S62_merged_SPM|NODE_95_length_1393_cov_33.114742_S,0.11998665243028697,0.49424690190920506,0.1707741630530838,Pass
EOG7T4Z69|Hermetia_illucens|AHE_81_S53_merged_SPM|NODE_291_length_1422_cov_13.253532_S,0.11812829729554837,0.49424690190920506,0.1707741630530838,Pass
EOG7T4Z69|Hermetia_illucens|CAKKTD01|CAKKTD010002423.1_213,0.12587718477052526,0.49424690190920506,0.1707741630530838,Pass
EOG7T4Z69|Bactrocera_dorsalis|JSM_6206_S14_SPM|NODE_241_length_1295_cov_122.132705_S,0.11363881446946977,0.49424690190920506,0.1707741630530838,Pass
EOG7T4Z69|Zeugodacus_cucurbitae|AHE_14_S48_merged_SPM|NODE_194_length_1280_cov_24.361596_S,0.12851978834009753,0.49424690190920506,0.1707741630530838,Pass
EOG7T4Z69|Hermetia_illucens|JSM_9156_S14_SPM|NODE_135_length_1589_cov_281.950752_S,0.1259519296608195,0.49424690190920506,0.1707741630530838,Pass
EOG7T4Z69|Bactrocera_dorsalis|AHE_53_S32_merged_SPM|NODE_240_length_1516_cov_41.361362_S,0.11710020798880194,0.49424690190920506,0.1707741630530838,Pass
EOG7T4Z69|Hermetia_illucens|AHE_193_S55_merged_SPM|NODE_210_length_1523_cov_43.504841_S,0.12316241635748551,0.49424690190920506,0.1707741630530838,Pass
EOG7T4Z69|Bactrocera_dorsalis|AHE_49_S59_merged_SPM|NODE_204_length_1489_cov_18.349858_S,0.12870013545036263,0.49424690190920506,0.1707741630530838,Pass
EOG7T4Z69|Hermetia_illucens|AHE_74_S51_merged_SPM|NODE_155958_length_1053_cov_46462_A,0.11710020798880194,0.49424690190920506,0.1707741630530838,Pass
EOG7T4Z69|Hermetia_illucens|AHE_215_S30_merged_SPM|NODE_212_length_1533_cov_15.918956_S,0.12227049303839609,0.49424690190920506,0.1707741630530838,Pass
EOG7T4Z69|Bactrocera_dorsalis|JSM_10502_S4_SPM|NODE_27250_length_1650_cov_87.660538_R,0.1304819405096985,0.49424690190920506,0.1707741630530838,Pass
EOG7T4Z69|Bactrocera_dorsalis|CNC482858_S92_SPM|NODE_56_length_1092_cov_5.647668_S,0.1222451280874295,0.49424690190920506,0.1707741630530838,Pass
EOG7T4Z69|Bactrocera_dorsalis|AHE_82_S29_merged_SPM|NODE_1757_length_1307_cov_16.973984_R,0.12724138739780583,0.49424690190920506,0.1707741630530838,Pass
EOG7T4Z69|Hermetia_illucens|CNC1042823_S29_SPM|NODE_132_length_1128_cov_13.381618_R,0.11588340163343129,0.49424690190920506,0.1707741630530838,Pass
EOG7T4Z69|Teleopsis_dalmanni|AHE_201_S72_merged_SPM|NODE_80299_length_1309_cov_43.287338_R,0.12582294759181106,0.49424690190920506,0.1707741630530838,Pass
EOG7T4Z69|Hermetia_illucens|KMM1404_S64_SPM|NODE_589_length_1013_cov_13.954853_R,0.1218139965537776,0.49424690190920506,0.1707741630530838,Pass
EOG7T4Z69|Teleopsis_dalmanni|AHE_121_S5_merged_SPM|NODE_78558_length_1345_cov_52.308360_R,0.12673960175200996,0.49424690190920506,0.1707741630530838,Pass
EOG7T4Z69|Zeugodacus_cucurbitae|CAKAJG01.1|CAKAJG010000265.1_131,0.1218415440256196,0.49424690190920506,0.1707741630530838,Pass
EOG7T4Z69|Teleopsis_dalmanni|AHE_159_S64_merged_SPM|NODE_7746_length_1514_cov_20.663883_R,0.12673960175200996,0.49424690190920506,0.1707741630530838,Pass
EOG7T4Z69|Hermetia_illucens|JSM_3555_S6_SPM|NODE_382_length_1172_cov_30.967464_R,0.12651133149168417,0.49424690190920506,0.1707741630530838,Pass
EOG7T4Z69|Bactrocera_dorsalis|CNC482918_S17_SPM_1|NODE_1888_length_1001_cov_11.454233_R,0.12033114380329867,0.49424690190920506,0.1707741630530838,Pass
EOG7T4Z69|Hermetia_illucens|AHE_194_S22_merged_SPM|NODE_10057_length_1929_cov_62.441145_R,0.11839656603163595,0.49424690190920506,0.1707741630530838,Pass
EOG7T4Z69|Bactrocera_dorsalis|AHE_57_S9_merged_SPM|NODE_483_length_1310_cov_23.553122_S,0.11983547780204029,0.49424690190920506,0.1707741630530838,Pass
EOG7T4Z69|Teleopsis_dalmanni|AHE_277_S24_SPM|NODE_95290_length_1279_cov_67.245424_R,0.12316241635748551,0.49424690190920506,0.1707741630530838,Pass
EOG7T4Z69|Bactrocera_oleae|AHE_58_S43_merged_SPM|NODE_589_length_1281_cov_11.653654_S,0.12150936296213782,0.49424690190920506,0.1707741630530838,Pass
EOG7T4Z69|Bactrocera_dorsalis|AHE_30_S57_merged_SPM|NODE_153_length_1598_cov_28.330703_S,0.1232335218348581,0.49424690190920506,0.1707741630530838,Pass
EOG7T4Z69|Glossina_morsitans|120126_283_11|s7277_L_19334_0_a_39_1_l_995,0.12316241635748551,0.49424690190920506,0.1707741630530838,Pass
EOG7T4Z69|Contarinia_nasturtii|Sample_655211_S1_SPM|NODE_428_length_1401_cov_304.432496_S,0.11877551127852684,0.49424690190920506,0.1707741630530838,Pass
EOG7T4Z69|Hermetia_illucens|JSM_6314_S15_SPM|NODE_189_length_1387_cov_670.150794_S,0.1218415440256196,0.49424690190920506,0.1707741630530838,Pass
EOG7T4Z69|Bactrocera_dorsalis|KMM1400_S62_SPM|NODE_1642_length_987_cov_8.362791_R,0.12305458925275858,0.49424690190920506,0.1707741630530838,Pass
EOG7T4Z69|Teleopsis_dalmanni|AHE_136_S35_merged_SPM|NODE_367_length_1407_cov_32.192481_S,0.1203756886651407,0.49424690190920506,0.1707741630530838,Pass
EOG7T4Z69|Bactrocera_dorsalis|AHE_181_S51_merged_SPM|NODE_22321_length_1083_cov_94061_A,0.1243908425241592,0.49424690190920506,0.1707741630530838,Pass
EOG7T4Z69|Hermetia_illucens|AHE_76_S32_merged_SPM|NODE_303_length_1421_cov_30.486607_S,0.11275123792526176,0.49424690190920506,0.1707741630530838,Pass
EOG7T4Z69|Bactrocera_dorsalis|AHE_24_S40_merged_SPM|NODE_168_length_1677_cov_23.743125_S,0.1259519296608195,0.49424690190920506,0.1707741630530838,Pass
EOG7T4Z69|Hermetia_illucens|AHE_206_S46_merged_SPM|NODE_121_length_1315_cov_21.308562_S,0.12641506624345658,0.49424690190920506,0.1707741630530838,Pass
EOG7T4Z69|Bactrocera_dorsalis|AHE_54_S60_merged_SPM|NODE_75_length_2971_cov_46.699032_S,0.11710020798880194,0.49424690190920506,0.1707741630530838,Pass
EOG7T4Z69|Bactrocera_dorsalis|CNC584400_S81_SPM|NODE_103_length_1280_cov_17.182134_S,0.1159191690805122,0.49424690190920506,0.1707741630530838,Pass
EOG7T4Z69|Glossina_morsitans|130919_247_21|C123222_a_57_0_l_1149,0.11739428104401606,0.49424690190920506,0.1707741630530838,Pass
EOG7T4Z69|Contarinia_nasturtii|AHE_4_S10_merged_SPM|NODE_50636_length_1366_cov_54.279286_R,0.11470016840323474,0.49424690190920506,0.1707741630530838,Pass
EOG7T4Z69|Hermetia_illucens|JSM_5716_II_S12_SPM|NODE_8331_length_1184_cov_78.349101_R,0.12774138153108558,0.49424690190920506,0.1707741630530838,Pass
EOG7T4Z69|Hermetia_illucens|AHE_75_S41_merged_SPM|NODE_14721_length_1659_cov_28.771176_R,0.11710020798880194,0.49424690190920506,0.1707741630530838,Pass
EOG7T4Z69|Hermetia_illucens|AHE_33_S59_merged_SPM|NODE_120_length_1257_cov_22.161864_S,0.12676204636941482,0.49424690190920506,0.1707741630530838,Pass
EOG7T4Z69|Bactrocera_dorsalis|AHE_28_S11_merged_SPM|NODE_253_length_1553_cov_73.508808_S,0.1257924277078731,0.49424690190920506,0.1707741630530838,Pass
EOG7T4Z69|Zeugodacus_cucurbitae|AHE_84_S14_merged_SPM|NODE_211_length_1378_cov_27.944658_S,0.1310133420582258,0.49424690190920506,0.1707741630530838,Pass
EOG7T4Z69|Hermetia_illucens|JSS_30548_S2_SPM|NODE_45_length_1290_cov_41.255374_S,0.13056591409616086,0.49424690190920506,0.1707741630530838,Pass
EOG7T4Z69|Bactrocera_dorsalis|AHE_213_S29_merged_SPM|NODE_40_length_2653_cov_26.701087_S,0.1232335218348581,0.49424690190920506,0.1707741630530838,Pass
EOG7T4Z69|Hermetia_illucens|AHE_211_S38_merged_SPM|NODE_33940_length_1444_cov_24.555230_R,0.12349859117524427,0.49424690190920506,0.1707741630530838,Pass
EOG7T4Z69|Hermetia_illucens|JSM_10506_S5_SPM|NODE_286768_length_1382_cov_251.876494_R,0.11710020798880194,0.49424690190920506,0.1707741630530838,Pass
EOG7T4Z69|Hermetia_illucens|ZFMK_DIP00061256_S84_SPM|NODE_165_length_994_cov_9.480969_R,0.12724138739780583,0.49424690190920506,0.1707741630530838,Pass
EOG7T4Z69|Bactrocera_dorsalis|JSM_8384_S2_SPM|NODE_45660_length_1367_cov_188.723387_R,0.11845447519027866,0.49424690190920506,0.1707741630530838,Pass
EOG7T4Z69|Bactrocera_dorsalis|CAJNIT01|CAJNIT010000174.1_121,0.1218415440256196,0.49424690190920506,0.1707741630530838,Pass
EOG7T4Z69|Teleopsis_dalmanni|AHE_63_S36_merged_SPM|NODE_99486_length_1309_cov_41.466721_R,0.1379424121552834,0.49424690190920506,0.1707741630530838,Pass
EOG7T4Z69|Bactrocera_dorsalis|JSM_10636_S14_SPM|NODE_7597_length_1311_cov_210.105574_R,0.12183894519177439,0.49424690190920506,0.1707741630530838,Pass
EOG7T4Z69|Hermetia_illucens|CAJSMD01.1|CAJSMD010000114.1_128,0.1218415440256196,0.49424690190920506,0.1707741630530838,Pass
EOG7T4Z69|Hermetia_illucens|CNC566754_S93_SPM|NODE_83_length_1049_cov_5.403471_S,0.1303232701041945,0.49424690190920506,0.1707741630530838,Pass
EOG7T4Z69|Hermetia_illucens|AHE_212_S47_merged_SPM|NODE_100_length_1617_cov_16.934416_S,0.1218415440256196,0.49424690190920506,0.1707741630530838,Pass
EOG7T4Z69|Contarinia_nasturtii|AHE_112_S42_merged_SPM|NODE_122_length_1283_cov_13.218076_S,0.1222451280874295,0.49424690190920506,0.1707741630530838,Pass
EOG7T4Z69|Hermetia_illucens|AHE_275_S22_SPM|NODE_153094_length_1389_cov_70.102134_R,0.11886893284497663,0.49424690190920506,0.1707741630530838,Pass
EOG7T4Z69|Bactrocera_dorsalis|AHE_127_S63_merged_SPM|NODE_7196_length_1318_cov_27.001612_R,0.12028587835095482,0.49424690190920506,0.1707741630530838,Pass
EOG7T4Z69|Bactrocera_dorsalis|AHE_144_S36_merged_SPM|NODE_360_length_1942_cov_27.412869_S,0.14768740601168298,0.49424690190920506,0.1707741630530838,Pass
EOG7T4Z69|Zeugodacus_cucurbitae|AHE_272_S22_SPM|NODE_679_length_1616_cov_68.583496_S,0.12041061187316004,0.49424690190920506,0.1707741630530838,Pass
EOG7T4Z69|Hermetia_illucens|AHE_36_S19_merged_SPM|NODE_116_length_2613_cov_35.846609_S,0.11968962142377974,0.49424690190920506,0.1707741630530838,Pass
EOG7T4Z69|Hermetia_illucens|AHE_122_S39_merged_SPM|NODE_37056_length_1714_cov_41.360415_R,0.12316241635748551,0.49424690190920506,0.1707741630530838,Pass
EOG7T4Z69|Hermetia_illucens|AHE_13_S26_merged_SPM|NODE_318_length_1375_cov_85.141757_S,0.12568378452697554,0.49424690190920506,0.1707741630530838,Pass
EOG7T4Z69|Bactrocera_dorsalis|JSM_8355_S10_SPM|NODE_29_length_1471_cov_28.495536_S,0.121303512124798,0.49424690190920506,0.1707741630530838,Pass
EOG7T4Z69|Bactrocera_dorsalis|CNC468289_S15_SPM|NODE_573_length_904_cov_14.012870_R,0.1257924277078731,0.49424690190920506,0.1707741630530838,Pass
EOG7T4Z69|Hermetia_illucens|AHE_132_S13_merged_SPM|NODE_90238_length_1546_cov_47.271613_R,0.12057579386672965,0.49424690190920506,0.1707741630530838,Pass
EOG7T4Z69|Bactrocera_dorsalis|AHE_250_S55_merged_SPM|NODE_128_length_1417_cov_41.543284_S,0.12165304371295996,0.49424690190920506,0.1707741630530838,Pass
EOG7T4Z69|Glossina_morsitans|130919_247_55|s6591_L_14755_0_a_45_6_l_1891,0.1218415440256196,0.49424690190920506,0.1707741630530838,Pass
EOG7T4Z69|Hermetia_illucens|JSM_8931_S10_SPM|NODE_377_length_1357_cov_196.573171_S,0.12162439000408735,0.49424690190920506,0.1707741630530838,Pass
EOG7T4Z69|Rhagoletis_pomonella|AHE_186_S45_merged_SPM|NODE_32165_length_1206_cov_46.164748_R,0.12422170050197892,0.49424690190920506,0.1707741630530838,Pass
EOG7T4Z69|Hermetia_illucens|AHE_47_S27_merged_SPM|NODE_506_length_1432_cov_62.800000_S,0.11812829729554837,0.49424690190920506,0.1707741630530838,Pass
EOG7T4Z69|Hermetia_illucens|AHE_32_S40_merged_SPM|NODE_183_length_1467_cov_40.285612_S,0.1232335218348581,0.49424690190920506,0.1707741630530838,Pass
EOG7T4Z69|Hermetia_illucens|JSM_10507_S12_SPM|NODE_3632_length_1437_cov_133.859542_R,0.11812829729554837,0.49424690190920506,0.1707741630530838,Pass
EOG7T4Z69|Zeugodacus_cucurbitae|AHE_46_S20_merged_SPM|NODE_771_length_1421_cov_22.950893_S,0.11812829729554837,0.49424690190920506,0.1707741630530838,Pass
EOG7T4Z69|Hermetia_illucens|AHE_117_S52_merged_SPM|NODE_244_length_1471_cov_40.835725_S,0.12316241635748551,0.49424690190920506,0.1707741630530838,Pass
EOG7T4Z69|Hermetia_illucens|AHE_110_S11_merged_SPM|NODE_583_length_1442_cov_71.482051_S,0.11386874709037063,0.49424690190920506,0.1707741630530838,Pass
EOG7T4Z69|Bactrocera_dorsalis|AHE_29_S32_merged_SPM|NODE_7103_length_1258_cov_16.059272_R,0.13619106844927292,0.49424690190920506,0.1707741630530838,Pass
EOG7T4Z69|Hermetia_illucens|AHE_135_S42_merged_SPM|NODE_12591_length_1538_cov_33.082136_R,0.12165304371295996,0.49424690190920506,0.1707741630530838,Pass
EOG7T4Z69|Bactrocera_dorsalis|JSBVM_26_S2_SPM|NODE_186_length_1940_cov_311.886376_S,0.1218415440256196,0.49424690190920506,0.1707741630530838,Pass
EOG7T4Z69|Zeugodacus_cucurbitae|CNC566616_S95_SPM|NODE_1055_length_1215_cov_29.888787_R,0.12365325844014517,0.49424690190920506,0.1707741630530838,Pass
EOG7T4Z69|Zeugodacus_cucurbitae|AHE_262_S21_SPM|NODE_368_length_1342_cov_34.435573_S,0.11694627196404095,0.49424690190920506,0.1707741630530838,Pass
EOG7T4Z69|Contarinia_nasturtii|AHE_184_S38_merged_SPM|NODE_146_length_1844_cov_51.406904_S,0.12165304371295996,0.49424690190920506,0.1707741630530838,Pass
EOG7T4Z69|Hermetia_illucens|JSM7636_S58_SPM|NODE_181_length_1014_cov_161.426156_S,0.121303512124798,0.49424690190920506,0.1707741630530838,Pass
EOG7T4Z69|Hermetia_illucens|JSM_6892_S6_SPM|NODE_16124_length_1345_cov_45.839080_R,0.11983547780204029,0.49424690190920506,0.1707741630530838,Pass
EOG7T4Z69|Bactrocera_dorsalis|JSM_4774_S13_SPM|NODE_114_length_1153_cov_159.735867_S,0.12402346962955937,0.49424690190920506,0.1707741630530838,Pass
EOG7T4Z69|Hermetia_illucens|AHE_119_S48_merged_SPM|NODE_658_length_1370_cov_42.694509_S,0.12332336919830315,0.49424690190920506,0.1707741630530838,Pass
EOG7T4Z69|Hermetia_illucens|JSM_6897_S6_SPM|NODE_173_length_1343_cov_186.885691_S,0.1302743530749022,0.49424690190920506,0.1707741630530838,Pass
EOG7T4Z69|Bactrocera_dorsalis|JSM_5000_S11_SPM|NODE_118_length_1169_cov_43.489443_S,0.13062087432352767,0.49424690190920506,0.1707741630530838,Pass
EOG7T4Z69|Hermetia_illucens|AHE_3_S23_merged_SPM|NODE_152_length_2061_cov_19.382560_S,0.12466304815669826,0.49424690190920506,0.1707741630530838,Pass
EOG7T4Z69|Bactrocera_dorsalis|AHE_164_S19_merged_SPM|NODE_29609_length_1253_cov_23.794218_R,0.12125654598980165,0.49424690190920506,0.1707741630530838,Pass
EOG7T4Z69|Contarinia_nasturtii|CNC569435_S94_SPM|NODE_63_length_1833_cov_19.038687_S,0.12332336919830315,0.49424690190920506,0.1707741630530838,Pass
EOG7T4Z69|Drosophila_ficusphila|CAKJUZ01.1|CAKJUZ010002317.1_14,0.1159191690805122,0.49424690190920506,0.1707741630530838,Pass
EOG7T4Z69|Bactrocera_dorsalis|JSM_10051_S8_SPM|NODE_6458_length_1035_cov_55.938326_R,0.12022362437102978,0.49424690190920506,0.1707741630530838,Pass
EOG7T4Z69|Hermetia_illucens|AHE_31_S49_merged_SPM|NODE_151_length_1517_cov_31.818750_S,0.12077049080970133,0.49424690190920506,0.1707741630530838,Pass
EOG7T4Z69|Bactrocera_dorsalis|AHE_209_S39_merged_SPM|NODE_209_length_1379_cov_23.480031_S,0.12173413430400701,0.49424690190920506,0.1707741630530838,Pass
EOG7T4Z69|Hermetia_illucens|AHE_205_S52_merged_SPM|NODE_287_length_1524_cov_32.044229_S,0.11832517290257216,0.49424690190920506,0.1707741630530838,Pass
EOG7T4Z69|Zeugodacus_cucurbitae|AHE_16_S58_merged_SPM|NODE_190_length_1227_cov_24.520870_S,0.12146686021434654,0.49424690190920506,0.1707741630530838,Pass
EOG7T4Z69|Zeugodacus_cucurbitae|JSM_2977_S7_SPM|NODE_115_length_1230_cov_63.061650_S,0.12041061187316004,0.49424690190920506,0.1707741630530838,Pass
EOG7T4Z69|Hermetia_illucens|JSM_8424_S12_SPM|NODE_98459_length_1426_cov_398.593533_R,0.12129506057788193,0.49424690190920506,0.1707741630530838,Pass
EOG7T4Z69|Hermetia_illucens|JSM_8601_S5_SPM|NODE_52600_length_1607_cov_482.559459_R,0.1232335218348581,0.49424690190920506,0.1707741630530838,Pass
EOG7T4Z69|Hermetia_illucens|AHE_172_S16_merged_SPM|NODE_841_length_1528_cov_64.494831_S,0.12735290280810665,0.49424690190920506,0.1707741630530838,Pass
EOG7T4Z69|Lucilia_sericata|AB48933026_S24_SPM|NODE_596_length_1034_cov_17.646086_R,0.1260708018141154,0.49424690190920506,0.1707741630530838,Pass
EOG7T4Z69|Hermetia_illucens|AHE_15_S51_merged_SPM|NODE_688_length_1400_cov_17.544218_S,0.1285281449175793,0.49424690190920506,0.1707741630530838,Pass
EOG7T4Z69|Bactrocera_dorsalis|ZMFK_18031_S11_SPM|NODE_15224_length_1491_cov_102.278592_R,0.1148041656864432,0.49424690190920506,0.1707741630530838,Pass
EOG7T4Z69|Bactrocera_dorsalis|CNC1178158_S85_SPM|NODE_1403_length_1472_cov_8.109294_R,0.11994465261854467,0.49424690190920506,0.1707741630530838,Pass
EOG7T4Z69|Hermetia_illucens|AHE_6_S42_merged_SPM|NODE_731_length_1342_cov_38.566798_S,0.11639117250245974,0.49424690190920506,0.1707741630530838,Pass
EOG7T4Z69|Teleopsis_dalmanni|CAJHUG01.1|CAJHUG010000045.1_8966,0.1260708018141154,0.49424690190920506,0.1707741630530838,Pass
EOG7T4Z69|Hermetia_illucens|AHE_115_S22_merged_SPM|NODE_905_length_1321_cov_18.831190_S,0.12332336919830315,0.49424690190920506,0.1707741630530838,Pass
EOG7T4Z69|Zeugodacus_cucurbitae|JSS42569_S72_SPM|NODE_5_length_1010_cov_8.453001_g4_i0_R,0.12467705425401117,0.49424690190920506,0.1707741630530838,Pass
EOG7T4Z69|Bactrocera_dorsalis|JSM_9163_II_S3_SPM|NODE_189_length_1194_cov_117.875351_S,0.12435768198297044,0.49424690190920506,0.1707741630530838,Pass
EOG7T4Z69|Zeugodacus_cucurbitae|AHE_61_S61_merged_SPM|NODE_33799_length_1377_cov_13.787692_R,0.11694627196404095,0.49424690190920506,0.1707741630530838,Pass
EOG7T4Z69|Hermetia_illucens|AHE_178_S61_merged_SPM|NODE_10744_length_1390_cov_10.380046_R,0.12165304371295996,0.49424690190920506,0.1707741630530838,Pass
EOG7T4Z69|Bactrocera_dorsalis|CNC944366_S48_SPM|NODE_237_length_1167_cov_146.939423_S,0.12111444582484657,0.49424690190920506,0.1707741630530838,Pass
EOG7T4Z69|Hermetia_illucens|AHE_143_S57_merged_SPM|NODE_393_length_1481_cov_43.800570_S,0.12028587835095482,0.49424690190920506,0.1707741630530838,Pass
EOG7T4Z69|Drosophila_ficusphila|AHE_51_S42_merged_SPM|NODE_15540_length_1717_cov_22.964024_R,0.1159191690805122,0.49424690190920506,0.1707741630530838,Pass
EOG7T4Z69|Hermetia_illucens|AHE_97_S49_merged_SPM|NODE_233_length_1339_cov_24.812203_S,0.12609720276319045,0.49424690190920506,0.1707741630530838,Pass
EOG7T4Z69|Bactrocera_dorsalis|JSM_6704_S2_SPM|NODE_305_length_1393_cov_100.554502_S,0.11212179009892126,0.49424690190920506,0.1707741630530838,Pass
EOG7T4Z69|Bactrocera_dorsalis|AHE_130_S26_merged_SPM|NODE_381_length_1497_cov_31.331690_S,0.12028587835095482,0.49424690190920506,0.1707741630530838,Pass
EOG7T4Z69|Zeugodacus_cucurbitae|JSBVM_8_S11_SPM|NODE_867_length_1228_cov_70.371480_R,0.1159191690805122,0.49424690190920506,0.1707741630530838,Pass
EOG7T4Z69|Bactrocera_dorsalis|AHE_55_S43_merged_SPM|NODE_94_length_1811_cov_29.427912_S,0.1159191690805122,0.49424690190920506,0.1707741630530838,Pass
EOG7T4Z69|Drosophila_ficusphila|AHE_5_S56_merged_SPM|NODE_5061_length_1138_cov_2.902922_R,0.12493540109570084,0.49424690190920506,0.1707741630530838,Pass
EOG7T4Z69|Bactrocera_dorsalis|AHE_10_S47_merged_SPM|NODE_157_length_1747_cov_19.361078_S,0.1204423646725799,0.49424690190920506,0.1707741630530838,Pass
EOG7T4Z69|Teleopsis_dalmanni|AHE_183_S63_merged_SPM|NODE_484_length_1426_cov_27.771683_S,0.13171280190205345,0.49424690190920506,0.1707741630530838,Pass
EOG7T4Z69|Glossina_morsitans|130928_232_126|C127547_a_33_0_l_917,0.15539483764147713,0.49424690190920506,0.1707741630530838,Pass
EOG7T4Z69|Zeugodacus_cucurbitae|JSM_7334_S8_SPM|NODE_77_length_1222_cov_72.180822_S,0.12210937461514688,0.49424690190920506,0.1707741630530838,Pass
EOG7T4Z69|Hermetia_illucens|AHE_8_S50_merged_SPM|NODE_12176_length_1540_cov_40.296651_R,0.11890979938471834,0.49424690190920506,0.1707741630530838,Pass
EOG7T4Z69|Hermetia_illucens|AHE_23_S35_merged_SPM|NODE_261_length_1564_cov_37.125757_S,0.11771500212904085,0.49424690190920506,0.1707741630530838,Pass
EOG7T4Z69|Hermetia_illucens|AHE_12_S18_merged_SPM|NODE_631_length_1537_cov_21.193836_S,0.121303512124798,0.49424690190920506,0.1707741630530838,Pass
EOG7T4Z69|Hermetia_illucens|AHE_156_S45_merged_SPM|NODE_339_length_1320_cov_27.846340_S,0.12587718477052526,0.49424690190920506,0.1707741630530838,Pass
EOG7T4Z69|Teleopsis_dalmanni|AHE_158_S43_merged_SPM|NODE_158_length_1299_cov_23.136661_S,0.12316241635748551,0.49424690190920506,0.1707741630530838,Pass
EOG7T4Z69|Bactrocera_dorsalis|AHE_200_S63_merged_SPM|NODE_176_length_1170_cov_7.166514_S,0.11877551127852684,0.49424690190920506,0.1707741630530838,Pass
EOG7T4Z69|Zeugodacus_cucurbitae|AHE_78_S12_merged_SPM|NODE_784_length_1364_cov_38.908314_S,0.12041061187316004,0.49424690190920506,0.1707741630530838,Pass
EOG7T4Z69|Zeugodacus_cucurbitae|JSM_10050_S14_SPM|NODE_6374_length_1272_cov_65.782533_R,0.11812829729554837,0.49424690190920506,0.1707741630530838,Pass
EOG7T4Z69|Hermetia_illucens|AHE_118_S50_merged_SPM|NODE_5541_length_980_cov_7.409745_R,0.12332336919830315,0.49424690190920506,0.1707741630530838,Pass
EOG7T4Z69|Rhagoletis_pomonella|AHE_207_S65_merged_SPM|NODE_1_length_13886_cov_29.194873_S,0.1290587686584563,0.49424690190920506,0.1707741630530838,Pass
EOG7T4Z69|Hermetia_illucens|AHE_70_S45_merged_SPM|NODE_80597_length_1269_cov_21.707215_R,0.121303512124798,0.49424690190920506,0.1707741630530838,Pass
EOG7T4Z69|Zeugodacus_cucurbitae|CNC254466_S52_SPM|NODE_48_length_1025_cov_14.405345_S,0.11812829729554837,0.49424690190920506,0.1707741630530838,Pass
EOG7T4Z69|Bactrocera_dorsalis|AHE_69_S34_merged_SPM|NODE_61_length_1501_cov_15.736657_S,0.11710020798880194,0.49424690190920506,0.1707741630530838,Pass
EOG7T4Z69|Hermetia_illucens|AB49104653_S38_SPM|NODE_33_length_1032_cov_13.096133_S,0.12450411863974853,0.49424690190920506,0.1707741630530838,Pass
EOG7T4Z69|Rhagoletis_pomonella|AHE_162_S18_merged_SPM|NODE_115_length_2509_cov_23.962582_S,0.1525726554712062,0.49424690190920506,0.1707741630530838,Pass
EOG7T4Z69|Bactrocera_dorsalis|AHE_67_S40_merged_SPM|NODE_84_length_1275_cov_13.881469_S,0.11812829729554837,0.49424690190920506,0.1707741630530838,Pass
EOG7T4Z69|Hermetia_illucens|AHE_124_S16_merged_SPM|NODE_24667_length_1294_cov_35.479047_R,0.12028587835095482,0.49424690190920506,0.1707741630530838,Pass
EOG7T4Z69|Glossina_morsitans|130919_247_37|C89362_a_58_0_l_1104,0.12580161560549255,0.49424690190920506,0.1707741630530838,Pass
EOG7T4Z69|Hermetia_illucens|AHE_203_S73_merged_SPM|NODE_4309_length_1350_cov_26.010998_R,0.11694627196404095,0.49424690190920506,0.1707741630530838,Pass
EOG7T4Z69|Hermetia_illucens|AHE_177_S46_merged_SPM|NODE_14801_length_1340_cov_25.625495_R,0.12514557954400454,0.49424690190920506,0.1707741630530838,Pass
EOG7T4Z69|Hermetia_illucens|AHE_214_S47_merged_SPM|NODE_131_length_1268_cov_13.261125_S,0.14299747925818054,0.49424690190920506,0.1707741630530838,Pass
EOG7T4Z69|Hermetia_illucens|AHE_123_S56_merged_SPM|NODE_187_length_2503_cov_43.250618_S,0.13300328253205915,0.49424690190920506,0.1707741630530838,Pass
EOG7T4Z69|Hermetia_illucens|AHE_72_S37_merged_SPM|NODE_137742_length_1428_cov_51762_A,0.11550398937111506,0.49424690190920506,0.1707741630530838,Pass
EOG7T4Z69|Hermetia_illucens|AHE_251_S46_merged_SPM|NODE_433_length_1407_cov_26.909774_S,0.12456300246174008,0.49424690190920506,0.1707741630530838,Pass
EOG7T4Z69|Teleopsis_dalmanni|AHE_129_S7_merged_SPM|NODE_685_length_1435_cov_66.870398_S,0.12332336919830315,0.49424690190920506,0.1707741630530838,Pass
EOG7T4Z69|Glossina_morsitans|130919_247_71|C71984_a_36_0_l_1269,0.1825275383843711,0.4938636735763172,0.1584485331611768,Pass
EOG7T4Z69|Glossina_morsitans|130928_232_71|s6557_L_14834_0_a_89_0_l_1160,0.17854184862664957,0.4938636735763172,0.1584485331611768,Pass
EOG7T4Z69|Glossina_morsitans|AHE_128_S38_merged_SPM|NODE_78_length_1464_cov_23.374189_S,0.18661416051026536,0.4938636735763172,0.1584485331611768,Pass
EOG7T4Z69|Glossina_morsitans|GCGW01.1|GCGW01031710.1,0.17350632251531356,0.4938636735763172,0.1584485331611768,Pass
EOG7T4Z69|Glossina_morsitans|130928_232_84|C51452_a_32_0_l_1041,0.18311141792982835,0.4938636735763172,0.1584485331611768,Pass
EOG7T4Z69|Bactrocera_oleae|130314_269_33|s2001_L_2903_0_a_41_3_l_1223,0.13808361201755556,0.5006004472565028,0.1619396239732367,Pass
EOG7T4Z69|Bactrocera_dorsalis|AHE_111_S34_merged_SPM|NODE_11156_length_1164_cov_15.594296_R,0.09149506166906765,0.43085881464703657,0.15764131247062807,Pass
EOG7T4Z69|Zeugodacus_cucurbitae|CNC464828_S13_SPM|NODE_41_length_998_cov_9.404133_S,0.09567475092506095,0.43085881464703657,0.15764131247062807,Pass
EOG7T4Z69|Zeugodacus_cucurbitae|AHE_266_S26_SPM|NODE_469_length_2161_cov_82.823417_S,0.09025116192005048,0.43085881464703657,0.15764131247062807,Pass
EOG7T4Z69|Bactrocera_dorsalis|AHE_256_S19_SPM|NODE_350_length_1216_cov_7.497805_S,0.09363635150448839,0.43085881464703657,0.15764131247062807,Pass
EOG7T4Z69|Glossina_morsitans|130919_247_17|C76540_a_17_0_l_1288,0.0978901155353419,0.43085881464703657,0.15764131247062807,Pass
EOG7T4Z69|Hermetia_illucens|CNC485641_S95_SPM|NODE_319_length_748_cov_38.415459_S,0.1006120576221775,0.43085881464703657,0.15764131247062807,Pass
EOG7T4Z69|Glossina_morsitans|120823_263_57|C140834_a_48_0_l_1110,0.09363635150448839,0.43085881464703657,0.15764131247062807,Pass
EOG7T4Z69|Hermetia_illucens|CNC451875_S3_SPM|NODE_2591_length_1001_cov_6.728833_R,0.09568067290453591,0.43085881464703657,0.15764131247062807,Pass
EOG7T4Z69|Bactrocera_dorsalis|AHE_254_S17_SPM|NODE_488_length_1366_cov_19.224205_S,0.09235366740565723,0.43085881464703657,0.15764131247062807,Pass
EOG7T4Z69|Bactrocera_dorsalis|AHE_114_S60_merged_SPM|NODE_133_length_1214_cov_14.143360_S,0.09611580578861474,0.43085881464703657,0.15764131247062807,Pass
EOG7T4Z69|Bactrocera_oleae|AHE_253_S20_SPM|NODE_33993_length_1660_cov_15.628553_R,0.1056296307440277,0.43085881464703657,0.15764131247062807,Pass
EOG7T4Z69|Zeugodacus_cucurbitae|JSM_6713_S4_SPM|NODE_127_length_1279_cov_44.531250_S,0.09139823499684063,0.43085881464703657,0.15764131247062807,Pass
EOG7T4Z69|Bactrocera_dorsalis|AHE_252_S17_SPM|NODE_252_length_1505_cov_25.774510_S,0.09363635150448839,0.43085881464703657,0.15764131247062807,Pass
EOG7T4Z69|Bactrocera_dorsalis|AHE_255_S18_SPM|NODE_76451_length_1495_cov_17.438646_R,0.09363635150448839,0.43085881464703657,0.15764131247062807,Pass
EOG7T4Z69|Zeugodacus_cucurbitae|AHE_264_S21_SPM|NODE_309_length_1630_cov_27.447521_S,0.09979508158339469,0.43085881464703657,0.15764131247062807,Pass
EOG7T4Z69|Bactrocera_dorsalis|AHE_220_S54_merged_SPM|NODE_99411_length_1346_cov_24672_AU,0.09149506166906765,0.43085881464703657,0.15764131247062807,Pass
EOG7T4Z69|Bactrocera_dorsalis|130928_232_37|s1462_L_1934_0_a_32_0_l_1789,0.14951763366164442,0.5072432701894318,0.17447657028913266,Pass
EOG7T4Z69|Glossina_morsitans|120707_249_19|C185266_a_57_0_l_1035,0.1582436438376652,0.5072432701894318,0.17447657028913266,Pass
EOG7T4Z69|Hermetia_illucens|CNC483064_S43_SPM|NODE_28_length_1047_cov_55.209783_S,0.14219482640535272,0.5072432701894318,0.17447657028913266,Pass
EOG7T4Z69|Hermetia_illucens|JSM_642_S1_SPM|NODE_3421_length_1352_cov_27.797551_S,0.13894736842105262,0.5072432701894318,0.17447657028913266,Pass
EOG7T4Z69|Glossina_morsitans|GIGR01.1|GIGR01018757.1,0.1497491342578233,0.5072432701894318,0.17447657028913266,Pass
EOG7T4Z69|Contarinia_nasturtii|JSM_1944_S2_SPM|NODE_15339_length_898_cov_7.958495_R,0.12598881974475265,0.5072432701894318,0.17447657028913266,Pass
EOG7T4Z69|Glossina_morsitans|130928_232_22|C69621_a_60_0_l_1285,0.14508702020612613,0.5072432701894318,0.17447657028913266,Pass
EOG7T4Z69|Zeugodacus_cucurbitae|JSS13088_S4_SPM|NODE_27_length_1258_cov_126.988506_S,0.1212197384916129,0.5072432701894318,0.17447657028913266,Pass
EOG7T4Z69|Scaptodrosophila_lebanonensis|CNC_Dip12307_S33_SPM|NODE_30_length_1180_cov_20.732194_g29_i0_R,0.12381587596325361,0.5028539404409345,0.1729862971842241,Pass
EOG7T4Z69|Glossina_morsitans|GCNJ01.1|GCNJ01006937.1,0.1553328386057464,0.5028539404409345,0.1729862971842241,Pass
EOG7T4Z69|Hermetia_illucens|JSS17128_S22_SPM|NODE_111_length_1246_cov_63.502234_g105_i0_R,0.12033454755619524,0.5028539404409345,0.1729862971842241,Pass
EOG7T4Z69|Glossina_morsitans|130919_247_44|C101406_a_71_0_l_1064,0.15344416700869232,0.5028539404409345,0.1729862971842241,Pass
EOG7T4Z69|Glossina_morsitans|GDDE01.1|GDDE01021606.1,0.15492091955162646,0.5028539404409345,0.1729862971842241,Pass
EOG7T4Z69|Hermetia_illucens|JSS17053_S20_SPM|NODE_162_length_911_cov_143.549745_S,0.13064095883272536,0.5028539404409345,0.1729862971842241,Pass
EOG7T4Z69|Scaptodrosophila_lebanonensis|CNC485132_S85_SPM|NODE_75_length_940_cov_20.477245_g74_i0_R,0.13301056796293403,0.5028539404409345,0.1729862971842241,Pass
EOG7T4Z69|Hermetia_illucens|JSS18928_S36_SPM|NODE_30_length_1106_cov_38.669050_g29_i0_R,0.1285274633561108,0.5028539404409345,0.1729862971842241,Pass
EOG7T4Z69|Hermetia_illucens|JSS18587_S35_SPM|NODE_15922_length_984_cov_31841_A,0.1285274633561108,0.5028539404409345,0.1729862971842241,Pass
EOG7T4Z69|Hermetia_illucens|CNC_Dip1455_S94_SPM|NODE_12299_length_891_cov_20128_A,0.1339683435457708,0.5028539404409345,0.1729862971842241,Pass
EOG7T4Z69|Scaptodrosophila_lebanonensis|CNC484671_S18_SPM|NODE_69_length_1243_cov_51.332437_g67_i0_R,0.12929318317996533,0.5028539404409345,0.1729862971842241,Pass
EOG7T4Z69|Lucilia_sericata|CNC_Dip1356_S82_SPM|NODE_36_length_879_cov_18.023936_g35_i0_R,0.13438709450360917,0.5028539404409345,0.1729862971842241,Pass
EOG7T4Z69|Hermetia_illucens|CNC485316_S92_SPM|NODE_26_length_894_cov_15.123859_g25_i0_R,0.1341282144823557,0.5028539404409345,0.1729862971842241,Pass
EOG7T4Z69|Hermetia_illucens|JSM_6163_S11_SPM|NODE_17273_length_1037_cov_18.483516_R,0.12231799192191259,0.5028539404409345,0.1729862971842241,Pass
EOG7T4Z69|Glossina_morsitans|120429_266_9|s7061_L_19157_0_a_51_6_l_1595,0.14905149873088966,0.5121738698788804,0.17175571797320432,Pass
EOG7T4Z69|Glossina_morsitans|GCMC01.1|GCMC01017667.1,0.18283879315368112,0.4938636735763172,0.1584485331611768,Pass
EOG7T4Z69|Glossina_morsitans|GCFU01.1|GCFU01010839.1,0.15604931447956794,0.4938636735763172,0.1584485331611768,Pass
EOG7T4Z69|Rhagoletis_pomonella|GIGV01.1|GIGV01023118.1,0.1998348132903093,0.4938636735763172,0.1584485331611768,Pass
EOG7T4Z69|Glossina_morsitans|GCGS01.1|GCGS01014559.1,0.18841467270749154,0.4938636735763172,0.1584485331611768,Pass
EOG7T4Z69|Glossina_morsitans|GCFN01.1|GCFN01025243.1,0.16615845191158762,0.4938636735763172,0.1584485331611768,Pass
EOG7T4Z69|Scaptodrosophila_lebanonensis|CNC684456_S45_SPM|NODE_183_length_973_cov_35.762411_S,0.15042730320237815,0.4938636735763172,0.1584485331611768,Pass
EOG7T4Z69|Glossina_morsitans|GIFO01.1|GIFO01044753.1,0.12712033186130922,0.4938636735763172,0.1584485331611768,Pass
EOG7T4Z69|Glossina_morsitans|GIGM01.1|GIGM01006695.1,0.16309455202222564,0.4938636735763172,0.1584485331611768,Pass
EOG7T4Z69|Glossina_morsitans|GCFJ01.1|GCFJ01003810.1,0.1301186348532838,0.4938636735763172,0.1584485331611768,Pass
EOG7T4Z69|Lucilia_sericata|GHEX01.1|GHEX01003300.1,0.12227358748959315,0.5122440549851167,0.17180412149474666,Pass
EOG7T4Z69|Lucilia_sericata|GCFF01.1|GCFF01003143.1,0.11435667438660495,0.5122440549851167,0.17180412149474666,Pass
EOG7T4Z69|Lucilia_sericata|GAVA02.1|GAVA02015425.1,0.1157001660964075,0.5122440549851167,0.17180412149474666,Pass
EOG7T4Z69|Lucilia_sericata|GCNB01.1|GCNB01007559.1,0.11446408502301136,0.5122440549851167,0.17180412149474666,Pass
EOG7T4Z69|Bactrocera_dorsalis|GCFV01.1|GCFV01002003.1,0.12281182652128107,0.5154411922089042,0.1772527825342466,Pass
EOG7T4Z69|Bactrocera_dorsalis|GAZD02.1|GAZD02028296.1,0.16777248311642862,0.4982847360282747,0.15989884448100666,Pass
EOG7T4Z69|Glossina_morsitans|GCLW01.1|GCLW01017005.1,0.10232397388139915,0.48426078028747443,0.16837782340862428,Pass
EOG7T4Z69|Bactrocera_dorsalis|GCNK01.1|GCNK01069233.1,0.20622902115226688,0.5072497004393557,0.16835973904939427,Pass
EOG7T4Z69|Hermetia_illucens|JSM_7174_S7_SPM|NODE_342_length_1253_cov_68.872114_S,0.1216083245071262,0.4773402421918119,0.16815773227137176,Pass
EOG7T4Z69|Zeugodacus_cucurbitae|AHE_260_S19_SPM|NODE_395_length_1284_cov_22.062966_S,0.12352455228547057,0.4773402421918119,0.16815773227137176,Pass
EOG7T4Z69|Zeugodacus_cucurbitae|AHE_185_S39_merged_SPM|NODE_12006_length_1009_cov_8.216738_R,0.1179114465043142,0.4773402421918119,0.16815773227137176,Pass
EOG7T4Z69|Bactrocera_dorsalis|GCMS01.1|GCMS01025370.1,0.089640090470912,0.4773402421918119,0.16815773227137176,Pass
EOG7T4Z69|Glossina_morsitans|GIGO01.1|GIGO01015824.1,0.1402838402577431,0.4938636735763172,0.1584485331611768,Pass
EOG7T4Z69|Glossina_morsitans|GIGL01.1|GIGL01015343.1,0.1454334546083035,0.4938636735763172,0.1584485331611768,Pass
EOG7T4Z69|Hermetia_illucens|CNC485197_S96_SPM|NODE_225_length_785_cov_1.509119_g221_i0_R,0.1304763026970411,0.5047519841269842,0.17361111111111116,Pass
EOG7T4Z69|Glossina_morsitans|GIGU01.1|GIGU01016471.1,0.18229262634498403,0.5047519841269842,0.17361111111111116,Pass
EOG7T4Z69|Glossina_morsitans|GHFF01.1|GHFF01004354.1,0.22099319320533384,0.5448582037001471,0.14803789770181164,Pass
EOG7T4Z69|Bactrocera_dorsalis|AHE_161_S18_merged_SPM|NODE_20601_length_1506_cov_99.802659_R,0.1281695008825519,0.4651829306855553,0.16664332694879114,Pass
EOG7T4Z69|Zeugodacus_cucurbitae|S_BOT_SPECIMEN337_S27_SPM|NODE_790_length_1135_cov_30.661706_R,0.12976502762739298,0.4651829306855553,0.16664332694879114,Pass
EOG7T4Z69|Bactrocera_dorsalis|AHE_44_S31_merged_SPM|NODE_79575_length_1230_cov_44533_A,0.10519329479345467,0.4651829306855553,0.16664332694879114,Pass
EOG7T4Z69|Bactrocera_dorsalis|CAKKXW01|CAKKXW010000002.1_11859,0.10519329479345467,0.4651829306855553,0.16664332694879114,Pass
EOG7T4Z69|Zeugodacus_cucurbitae|JSS18765_S51_SPM|NODE_5_length_963_cov_5.315789_S,0.10837584762360744,0.4651829306855553,0.16664332694879114,Pass
EOG7T4Z69|Zeugodacus_cucurbitae|CNC457425_S9_SPM|NODE_1337_length_918_cov_21.614412_R,0.10224260346230098,0.4651829306855553,0.16664332694879114,Pass
EOG7T4Z69|Zeugodacus_cucurbitae|AHE_199_S37_merged_SPM|NODE_16220_length_1534_cov_18.135896_R,0.11166388678217669,0.4651829306855553,0.16664332694879114,Pass
EOG7T4Z69|Bactrocera_dorsalis|CAJHUJ01.1|CAJHUJ010000106.1_541,0.11279201073226423,0.4651829306855553,0.16664332694879114,Pass
EOG7T4Z69|Bactrocera_dorsalis|AHE_195_S23_merged_SPM|NODE_422_length_1762_cov_77.485460_S,0.11279201073226423,0.4651829306855553,0.16664332694879114,Pass
EOG7T4Z69|Zeugodacus_cucurbitae|AHE_198_S28_merged_SPM|NODE_14338_length_1379_cov_30.151306_R,0.11631208680443732,0.4651829306855553,0.16664332694879114,Pass
EOG7T4Z69|Bactrocera_dorsalis|AHE_45_S33_merged_SPM|NODE_216_length_1326_cov_23.110488_S,0.10519329479345467,0.4651829306855553,0.16664332694879114,Pass
EOG7T4Z69|Zeugodacus_cucurbitae|AHE_173_S62_merged_SPM|NODE_409_length_1485_cov_43.822443_S,0.1083645289074418,0.4651829306855553,0.16664332694879114,Pass
EOG7T4Z69|Zeugodacus_cucurbitae|AHE_153_S15_merged_SPM|NODE_415_length_1409_cov_29.156907_S,0.11279201073226423,0.4651829306855553,0.16664332694879114,Pass
EOG7T4Z69|Zeugodacus_cucurbitae|AHE_90_S49_merged_SPM|NODE_109853_length_843_cov_20402_AU,0.1039238288492107,0.4651829306855553,0.16664332694879114,Pass
EOG7T4Z69|Zeugodacus_cucurbitae|AHE_7_S39_merged_SPM|NODE_12098_length_1556_cov_5.962813_R,0.10772521616655012,0.4651829306855553,0.16664332694879114,Pass
EOG7T4Z69|Bactrocera_dorsalis|JSM_5907_S13_SPM|NODE_410_length_1084_cov_185.138976_S,0.10821442871689424,0.4651829306855553,0.16664332694879114,Pass
EOG7T4Z69|Zeugodacus_cucurbitae|AHE_190_S36_merged_SPM|NODE_18283_length_1398_cov_51.059046_R,0.1083645289074418,0.4651829306855553,0.16664332694879114,Pass
EOG7T4Z69|Zeugodacus_cucurbitae|AHE_126_S12_merged_SPM|NODE_27868_length_1428_cov_40.384900_R,0.10676877108748857,0.4651829306855553,0.16664332694879114,Pass
EOG7T4Z69|Zeugodacus_cucurbitae|AHE_95_S21_merged_SPM|NODE_880_length_1338_cov_25.023791_S,0.1147779050788558,0.4651829306855553,0.16664332694879114,Pass
EOG7T4Z69|Glossina_morsitans|GIFE01.1|GIFE01011119.1,0.15125565581153882,0.4651829306855553,0.16664332694879114,Pass
EOG7T4Z69|Bactrocera_dorsalis|AHE_180_S71_merged_SPM|NODE_39819_length_1363_cov_42.276827_R,0.10853232352682768,0.4651829306855553,0.16664332694879114,Pass
EOG7T4Z69|Zeugodacus_cucurbitae|JSS_29946_S53_SPM|NODE_2725_length_995_cov_5.932028_R,0.10600595357565752,0.4651829306855553,0.16664332694879114,Pass
EOG7T4Z69|Zeugodacus_cucurbitae|AHE_269_S23_SPM|NODE_459_length_1497_cov_29.406338_S,0.10460435128910579,0.4651829306855553,0.16664332694879114,Pass
EOG7T4Z69|Zeugodacus_cucurbitae|AHE_89_S15_merged_SPM|NODE_526_length_1227_cov_24.646957_S,0.10035525066114304,0.4651829306855553,0.16664332694879114,Pass
EOG7T4Z69|Zeugodacus_cucurbitae|AHE_176_S44_merged_SPM|NODE_4186_length_869_cov_11.779040_R,0.11318537872990035,0.4651829306855553,0.16664332694879114,Pass
EOG7T4Z69|Zeugodacus_cucurbitae|AHE_174_S49_merged_SPM|NODE_73048_length_1648_cov_28.735201_R,0.11873644320357564,0.4651829306855553,0.16664332694879114,Pass
EOG7T4Z69|Zeugodacus_cucurbitae|AHE_91_S2_merged_SPM|NODE_19404_length_1208_cov_44.601238_R,0.11014591936873645,0.4651829306855553,0.16664332694879114,Pass
EOG7T4Z69|Zeugodacus_cucurbitae|AHE_125_S6_merged_SPM|NODE_53539_length_1557_cov_45.558784_R,0.10676877108748857,0.4651829306855553,0.16664332694879114,Pass
EOG7T4Z69|Zeugodacus_cucurbitae|AHE_175_S40_merged_SPM|NODE_44319_length_1500_cov_36.152495_R,0.10502532166915456,0.4651829306855553,0.16664332694879114,Pass
EOG7T4Z69|Zeugodacus_cucurbitae|AHE_120_S31_merged_SPM|NODE_15625_length_1717_cov_63.175610_R,0.10660079796318846,0.4651829306855553,0.16664332694879114,Pass
EOG7T4Z69|Zeugodacus_cucurbitae|AHE_99_S33_merged_SPM|NODE_14268_length_1434_cov_9.586588_R,0.10998459556591703,0.4651829306855553,0.16664332694879114,Pass
EOG7T4Z69|Bactrocera_dorsalis|AHE_148_S53_merged_SPM|NODE_2970_length_1291_cov_7.728995_R,0.13058688748552794,0.4651829306855553,0.16664332694879114,Pass
EOG7T4Z69|Zeugodacus_cucurbitae|AHE_116_S35_merged_SPM|NODE_107749_length_1523_cov_52.568465_R,0.10724105890250918,0.4651829306855553,0.16664332694879114,Pass
EOG7T4Z69|Bactrocera_dorsalis|JSM13506_S57_SPM|NODE_57_length_1224_cov_37.146764_g56_i0_R,0.10258668150056265,0.4651829306855553,0.16664332694879114,Pass
EOG7T4Z69|Hermetia_illucens|AHE_107_S69_merged_SPM|NODE_29776_length_1312_cov_15.480972_R,0.1172792185974221,0.4808936632542199,0.17071088638365883,Pass
EOG7T4Z69|Hermetia_illucens|AHE_257_S20_SPM|NODE_215_length_1446_cov_28.572681_S,0.12084440047148487,0.4808936632542199,0.17071088638365883,Pass
EOG7T4Z69|Hermetia_illucens|AHE_258_S17_SPM|NODE_92308_length_1326_cov_55.175340_R,0.11532100557731713,0.4808936632542199,0.17071088638365883,Pass
EOG7T4Z69|Hermetia_illucens|AHE_259_S18_SPM|NODE_1310_length_1286_cov_13.265509_S,0.11886421121011696,0.4808936632542199,0.17071088638365883,Pass
EOG7T4Z69|Bactrocera_dorsalis|JSM_6006_S14_SPM|NODE_3131_length_2187_cov_35.357767_S,0.143757258418143,0.4808936632542199,0.17071088638365883,Pass
EOG7T4Z69|Hermetia_illucens|AHE_93_S36_merged_SPM|NODE_156_length_1228_cov_18.204170_S,0.1065755786326201,0.4808936632542199,0.17071088638365883,Pass
EOG7T4Z69|Hermetia_illucens|AHE_261_S18_SPM|NODE_9890_length_1002_cov_5.025946_R,0.12065273250386352,0.4808936632542199,0.17071088638365883,Pass
EOG7T4Z69|Hermetia_illucens|PROBE_TW0069_S35_SPM|NODE_1203_length_825_cov_3.558739_R,0.11420059582919564,0.4808936632542199,0.17071088638365883,Pass
EOG7T4Z69|Hermetia_illucens|AHE_94_S37_merged_SPM|NODE_309_length_1138_cov_15.807729_S,0.12227726936520138,0.4808936632542199,0.17071088638365883,Pass
EOG7T4Z69|Hermetia_illucens|AHE_282_S24_SPM|NODE_106_length_1203_cov_29.225577_S,0.11600798857127842,0.4808936632542199,0.17071088638365883,Pass
EOG7T4Z69|Hermetia_illucens|CNC_Diptera246675_S43_SPM|NODE_455_length_962_cov_13.372455_S,0.1223375109716381,0.4808936632542199,0.17071088638365883,Pass
EOG7T4Z69|Hermetia_illucens|JSS50551_S55_SPM|NODE_53_length_1056_cov_160.958019_S,0.13203709048899745,0.4808936632542199,0.17071088638365883,Pass
EOG7T4Z69|Hermetia_illucens|AHE_210_S53_merged_SPM|NODE_24151_length_1372_cov_35.154440_R,0.1146290726495971,0.4808936632542199,0.17071088638365883,Pass
EOG7T4Z69|Hermetia_illucens|AHE_270_S22_SPM|NODE_510_length_1267_cov_19.252941_S,0.11886421121011696,0.4808936632542199,0.17071088638365883,Pass
EOG7T4Z69|Hermetia_illucens|JSM_7037_II_S3_SPM|NODE_6633_length_967_cov_99.717857_R,0.12224910788197114,0.4808936632542199,0.17071088638365883,Pass
EOG7T4Z69|Glossina_morsitans|GIGS01.1|GIGS01049392.1,0.11356605180111895,0.4808936632542199,0.17071088638365883,Pass
EOG7T4Z69|Hermetia_illucens|AHE_92_S10_merged_SPM|NODE_419_length_1117_cov_15.598077_S,0.11026236022682774,0.4808936632542199,0.17071088638365883,Pass
EOG7T4Z69|Hermetia_illucens|AB33593873_S12_SPM|NODE_5266_length_848_cov_50.414702_R,0.13546285650914436,0.4913667472771778,0.1671963506498113,Pass
EOG7T4Z69|Bactrocera_dorsalis|AB33593873_S12_SPM_1|NODE_2091_length_468_cov_5.093842_R,0.12174568281078309,0.47343538080333847,0.1777842983828899,Pass
EOG7T4Z69|Zeugodacus_cucurbitae|AB34950737_S20_SPM|NODE_2307_length_690_cov_17733_AU,0.10322480865520652,0.4516313026913099,0.16848046368352787,Pass
EOG7T4Z69|Hermetia_illucens|CNC_Diptera158252_S45_SPM|NODE_1599_length_647_cov_5.113462_R,0.12441474005143081,0.46753623188405813,0.155072463768116,Pass
EOG7T4Z69|Contarinia_nasturtii|INBIOCRI001146849_S51_SPM|NODE_265_length_702_cov_3.471304_R,0.11792447927529814,0.46753623188405813,0.155072463768116,Pass
EOG7T4Z69|Hermetia_illucens|CNC102312_S62_SPM|NODE_31_length_647_cov_6.238462_g30_i0_R,0.13526635522547265,0.46753623188405813,0.155072463768116,Pass
EOG7T4Z69|Hermetia_illucens|AHE_56_S48_merged_SPM|NODE_25734_length_853_cov_57796_A,0.1329647929836244,0.46753623188405813,0.155072463768116,Pass
EOG7T4Z69|Hermetia_illucens|CNC590663_S23_SPM_1|NODE_107_length_589_cov_2.235931_R,0.12441474005143081,0.46753623188405813,0.155072463768116,Pass
EOG7T4Z69|Bactrocera_dorsalis|AB59883956_S41_SPM|NODE_1553_length_932_cov_23.172671_R,0.11792447927529814,0.46753623188405813,0.155072463768116,Pass
EOG7T4Z69|Hermetia_illucens|CNC254465_S69_SPM|NODE_4_length_605_cov_1.920502_g3_i0_R,0.12441474005143081,0.46753623188405813,0.155072463768116,Pass
EOG7T4Z69|Hermetia_illucens|QM_REG_NO_T222516_S37_SPM|NODE_756_length_663_cov_8.496269_R,0.12271794516132979,0.46753623188405813,0.155072463768116,Pass
EOG7T4Z69|Hermetia_illucens|KMM1406_S69_SPM|NODE_861_length_650_cov_6.135755_R,0.12441474005143081,0.46753623188405813,0.155072463768116,Pass
EOG7T4Z69|Hermetia_illucens|JSM13170_S54_SPM|NODE_127_length_721_cov_29.673401_g126_i0_R,0.12815981559738765,0.46753623188405813,0.155072463768116,Pass
EOG7T4Z69|Hermetia_illucens|CNC_Diptera106420_S67_SPM|NODE_411_length_622_cov_2.501010_R,0.12271794516132979,0.46753623188405813,0.155072463768116,Pass
EOG7T4Z69|Hermetia_illucens|JSBVM0060_S56_SPM|NODE_5942_length_868_cov_6513_A,0.12271794516132979,0.46753623188405813,0.155072463768116,Pass
EOG7T4Z69|Hermetia_illucens|AB59940780_S66_SPM|NODE_25808_length_291_cov_5985_A,0.06356367809457053,0.34127292462010633,0.12610225316266188,Pass
EOG7T4Z69|Hermetia_illucens|AHE_152_S44_merged_SPM_2|NODE_143727_length_805_cov_32436_A,0.09897002185431923,0.4450000000000001,0.16622097114707957,Pass
EOG7T4Z69|Zeugodacus_cucurbitae|AHE_102_S3_merged_SPM|NODE_1084_length_662_cov_7.765812_S,0.0980624713084363,0.4450000000000001,0.16622097114707957,Pass
EOG7T4Z69|Hermetia_illucens|AHE_197_S33_merged_SPM|NODE_9402_length_784_cov_41.831683_R,0.09464266202170095,0.4450000000000001,0.16622097114707957,Pass
EOG7T4Z69|Aedes_aegypti|JSM_11685_S10_SPM|NODE_70722_length_560_cov_1.833718_S,0.18789216909517661,0.4450000000000001,0.16622097114707957,Pass
EOG7T4Z69|Zeugodacus_cucurbitae|AHE_39_S41_merged_SPM|NODE_1034_length_784_cov_4.489392_S,0.11517692801163301,0.4450000000000001,0.16622097114707957,Pass
EOG7T4Z69|Hermetia_illucens|JSM_11249_S5_SPM|NODE_72705_length_534_cov_1.766585_S,0.11661156286301493,0.4450000000000001,0.16622097114707957,Pass
EOG7T4Z69|Bactrocera_dorsalis|AHE_105_S55_merged_SPM|NODE_810_length_1139_cov_22.497175_S,0.08761283059320439,0.4065444957399692,0.15078203334030382,Pass
EOG7T4Z69|Zeugodacus_cucurbitae|AHE_104_S47_merged_SPM|NODE_13574_length_983_cov_17.647903_R,0.08439399411820186,0.4065444957399692,0.15078203334030382,Pass
EOG7T4Z69|Bactrocera_dorsalis|CNC482918_S17_SPM|NODE_6340_length_720_cov_17183_A,0.07997964135972227,0.4065444957399692,0.15078203334030382,Pass
EOG7T4Z69|Hermetia_illucens|CNC574532_S44_SPM|NODE_363_length_589_cov_42.088745_S,0.09261549796547235,0.4065444957399692,0.15078203334030382,Pass
EOG7T4Z69|Bactrocera_dorsalis|AHE_52_S1_merged_SPM|NODE_462_length_1157_cov_38.501852_S,0.0841620308784594,0.4065444957399692,0.15078203334030382,Pass
EOG7T4Z69|Bradysia_coprophila|CNC_Diptera50238_S49_SPM|NODE_1873_length_747_cov_6.282258_R,0.08179964413460994,0.4065444957399692,0.15078203334030382,Pass
EOG7T4Z69|Hermetia_illucens|AHE_106_S62_merged_SPM|NODE_11899_length_1247_cov_11.320513_R,0.08761283059320439,0.4065444957399692,0.15078203334030382,Pass
EOG7T4Z69|Hermetia_illucens|AHE_189_S21_merged_SPM|NODE_1794_length_1228_cov_74.637706_S,0.0914350722616798,0.4065444957399692,0.15078203334030382,Pass
EOG7T4Z69|Hermetia_illucens|JSS17021_S19_SPM|NODE_337_length_675_cov_97.025547_g335_i0_R,0.08468167779456148,0.4065444957399692,0.15078203334030382,Pass
EOG7T4Z69|Scaptodrosophila_lebanonensis|CNC_Dip12532_S77_SPM|NODE_176_length_820_cov_26.086580_g174_i0_R,0.09386852817646779,0.4065444957399692,0.15078203334030382,Pass
EOG7T4Z69|Hermetia_illucens|AHE_103_S38_merged_SPM|NODE_29275_length_1063_cov_13.191684_R,0.09296393442016691,0.4065444957399692,0.15078203334030382,Pass
EOG7T4Z69|Ceratitis_capitata|CNC485739_S30_SPM|NODE_82_length_660_cov_12.838649_S,0.08797068966866096,0.4065444957399692,0.15078203334030382,Pass
EOG7T4Z69|Hermetia_illucens|JSM_6310_S13_SPM|NODE_66112_length_258_cov_2.793893_R,0.06203433788736052,0.32753715275954426,0.1256892296381873,Pass
EOG7T4Z69|Hermetia_illucens|KMM1399_S61_SPM|NODE_801_length_246_cov_2.016807_R,0.07828711563855878,0.32753715275954426,0.1256892296381873,Pass
EOG7T4Z69|Hermetia_illucens|KMM1402_S63_SPM|NODE_5866_length_197_cov_1546_AU,0.06203433788736052,0.32753715275954426,0.1256892296381873,Pass
EOG7T4Z69|Bactrocera_oleae|JSM_6712_S3_SPM|NODE_1217595_length_249_cov_438_AU,0.08894887485597261,0.32753715275954426,0.1256892296381873,Pass
EOG7T4Z69|Bactrocera_dorsalis|AHE_133_S17_merged_SPM|NODE_548_length_1736_cov_53.893309_S,0.06278891249592494,0.32753715275954426,0.1256892296381873,Pass
EOG7T4Z69|Hermetia_illucens|JSM_11396_S7_SPM|NODE_1944990_length_210_cov_360_AU,0.06203433788736052,0.32753715275954426,0.1256892296381873,Pass
EOG7T4Z69|Bactrocera_dorsalis|AHE_168_S70_merged_SPM|NODE_415_length_1675_cov_45.721527_S,0.06278891249592494,0.32753715275954426,0.1256892296381873,Pass
EOG7T4Z69|Zeugodacus_cucurbitae|AHE_108_S50_merged_SPM|NODE_32348_length_1725_cov_22.965413_R,0.06278891249592494,0.32753715275954426,0.1256892296381873,Pass
EOG7T4Z69|Zeugodacus_cucurbitae|AHE_141_S15_merged_SPM|NODE_320_length_1657_cov_61.925949_S,0.06278891249592494,0.32753715275954426,0.1256892296381873,Pass
EOG7T4Z69|Hermetia_illucens|wvs06189_S30_SPM|NODE_1370_length_475_cov_4.232759_R,0.07828711563855878,0.32753715275954426,0.1256892296381873,Pass
EOG7T4Z69|Bactrocera_dorsalis|AHE_113_S4_merged_SPM|NODE_3828_length_597_cov_50.261538_S,0.0763457815707083,0.3796163909643285,0.14380323865453393,Pass
EOG7T4Z69|Bactrocera_dorsalis|AHE_146_S23_merged_SPM|NODE_68534_length_1405_cov_30.866717_R,0.06394120415978678,0.3334386617100372,0.12798725438130643,Pass
EOG7T4Z69|Bactrocera_dorsalis|AHE_204_S41_merged_SPM|NODE_1014_length_1498_cov_27.555947_S,0.06394120415978678,0.3334386617100372,0.12798725438130643,Pass
EOG7T4Z69|Teleopsis_dalmanni|AHE_188_S54_merged_SPM|NODE_502_length_1281_cov_40.729236_S,0.06394120415978678,0.3334386617100372,0.12798725438130643,Pass
EOG7T4Z69|Teleopsis_dalmanni|AHE_145_S52_merged_SPM|NODE_5977_length_1201_cov_4.361210_R,0.06394120415978678,0.3334386617100372,0.12798725438130643,Pass
EOG7T4Z69|Musca_domestica|AHE_131_S8_merged_SPM|NODE_394_length_1577_cov_110.968000_S,0.06394120415978678,0.3334386617100372,0.12798725438130643,Pass
EOG7T4Z69|Teleopsis_dalmanni|AHE_179_S20_merged_SPM|NODE_81463_length_1149_cov_69.335821_R,0.06394120415978678,0.3334386617100372,0.12798725438130643,Pass
EOG7T4Z69|Bactrocera_dorsalis|AHE_203_S24_merged_SPM|NODE_661_length_1580_cov_30.512974_S,0.06394120415978678,0.3334386617100372,0.12798725438130643,Pass
EOG7T4Z69|Zeugodacus_cucurbitae|JSM_6608_S1_SPM_1|NODE_3883_length_411_cov_68.510563_R,0.10915209301656098,0.5281327494027982,0.19415311113638944,Pass
EOG7T4Z69|Bactrocera_dorsalis|ZFMK_DIP_00061255_S34_SPM_1|NODE_2400_length_250_cov_440_AU,0.114360297542356,0.5281327494027982,0.19415311113638944,Pass
EOG7T4Z69|Scaptodrosophila_lebanonensis|JSM_11396_S7_SPM_1|NODE_1570269_length_316_cov_892_AU,0.11811229009754415,0.5281327494027982,0.19415311113638944,Pass
EOG7T4Z69|Hermetia_illucens|CNC590663_S23_SPM|NODE_8014_length_213_cov_1070_AU,0.10472899349247171,0.5281327494027982,0.19415311113638944,Pass
EOG7T4Z69|Bactrocera_dorsalis|JSM_4942_S10_SPM_1|NODE_5619_length_311_cov_2.505435_R,0.09502052397437118,0.5281327494027982,0.19415311113638944,Pass
EOG7T4Z69|Teleopsis_dalmanni|JSS50552_S53_SPM_1|NODE_9370_length_224_cov_464_AU,0.13682285043259143,0.5281327494027982,0.19415311113638944,Pass
EOG7T4Z69|Zeugodacus_cucurbitae|AusMusK407292_S60_SPM|NODE_2230_length_215_cov_540_AU,0.11434704735688397,0.5281327494027982,0.19415311113638944,Pass
EOG7T4Z69|Contarinia_nasturtii|JSM_10052_S7_SPM|NODE_3311_length_258_cov_3.656489_R,0.12386088630405444,0.5281327494027982,0.19415311113638944,Pass
EOG7T4Z69|Zeugodacus_cucurbitae|QM_REG_NO_T222516_S37_SPM_1|NODE_2422_length_288_cov_3.366460_R,0.10241983387574874,0.5281327494027982,0.19415311113638944,Pass
EOG7T4Z69|Bactrocera_dorsalis|AHE_133_S17_merged_SPM_1|NODE_50078_length_324_cov_0.898785_R,0.13075734704104627,0.5281327494027982,0.19415311113638944,Pass
EOG7T4Z69|Scaptodrosophila_lebanonensis|JSM_10540_S15_SPM_1|NODE_3496362_length_477_cov_12962_AU,0.07821817060279074,0.5281327494027982,0.19415311113638944,Pass
EOG7T4Z69|Hermetia_illucens|CNC566583_S21_SPM|NODE_956_length_1091_cov_25.941909_R,0.06721553769575284,0.31078669910786694,0.12027575020275749,Pass
EOG7T4Z69|Bradysia_coprophila|CAJVCN01|CAJVCN010000456.1_692,0.06721553769575284,0.31078669910786694,0.12027575020275749,Pass
EOG7T4Z69|Hermetia_illucens|AHE_159_S37_merged_SPM|NODE_28111_length_1405_cov_26.865964_R,0.06721553769575284,0.31078669910786694,0.12027575020275749,Pass
EOG7T4Z69|Bradysia_coprophila|AHE_139_S14_merged_SPM|NODE_5364_length_1754_cov_16.499702_R,0.06721553769575284,0.31078669910786694,0.12027575020275749,Pass
EOG7T4Z69|Hermetia_illucens|AHE_167_S32_merged_SPM|NODE_65996_length_1259_cov_48.405245_R,0.06721553769575284,0.31078669910786694,0.12027575020275749,Pass
EOG7T4Z69|Hermetia_illucens|AHE_134_S14_merged_SPM|NODE_58283_length_1558_cov_48.803511_R,0.06721553769575284,0.31078669910786694,0.12027575020275749,Pass
EOG7T4Z69|Hermetia_illucens|AHE_202_S45_merged_SPM|NODE_83_length_1579_cov_16.189747_S,0.06721553769575284,0.31078669910786694,0.12027575020275749,Pass
EOG7T4Z69|Hermetia_illucens|CNC_Diptera103008_S86_SPM|NODE_89170_length_207_cov_680_A,0.06721553769575284,0.31078669910786694,0.12027575020275749,Pass
EOG7T4Z69|Hermetia_illucens|CAJZLI01|CAJZLI010000667.1_350,0.06721553769575284,0.31078669910786694,0.12027575020275749,Pass
EOG7T4Z69|Bactrocera_dorsalis|AHE_138_S13_merged_SPM|NODE_9430_length_286_cov_1079_A,0.076674123324841,0.31948467966573824,0.11699164345403901,Pass
EOG7T4Z69|Hermetia_illucens|AHE_147_S43_merged_SPM|NODE_521_length_1302_cov_58.338776_S,0.09836133461577297,0.4313979148097128,0.15934419144855894,Pass
EOG7T4Z69|Contarinia_nasturtii|AHE_283_S23_SPM|NODE_109955_length_1577_cov_89.282667_R,0.07376190728232353,0.3200101739415818,0.12263866097801113,Pass
EOG7T4Z69|Contarinia_nasturtii|AHE_149_S61_merged_SPM|NODE_291_length_1771_cov_20.279221_S,0.07376190728232353,0.3200101739415818,0.12263866097801113,Pass
EOG7T4Z69|Contarinia_nasturtii|AHE_166_S24_merged_SPM|NODE_365_length_1681_cov_29.688279_S,0.07376190728232353,0.3200101739415818,0.12263866097801113,Pass
EOG7T4Z69|Hermetia_illucens|AHE_152_S44_merged_SPM|NODE_5456_length_451_cov_41.192513_S,0.07225724586640865,0.32554631828978636,0.1211401425178148,Pass
EOG7T4Z69|Hermetia_illucens|AHE_160_S17_merged_SPM|NODE_202492_length_934_cov_34613_AU,0.0890919114149881,0.4074749850466901,0.1508010634303364,Pass
EOG7T4Z69|Scaptodrosophila_lebanonensis|CNC485277_S24_SPM|NODE_369_length_752_cov_136.782400_g366_i0_R,0.09630328309052745,0.4369233007690707,0.16140927042194964,Pass
EOG7T4Z69|Musca_domestica|AHE_169_S19_merged_SPM|NODE_1239_length_1405_cov_20.057229_S,0.17774130848489314,0.4369233007690707,0.16140927042194964,Pass
EOG7T4Z69|Hermetia_illucens|AHE_171_S44_merged_SPM|NODE_1612_length_943_cov_14.854503_S,0.15752477556525446,0.4243681318681318,0.1565934065934066,Pass
EOG7T4Z69|Hermetia_illucens|AHE_187_S20_merged_SPM|NODE_8772_length_349_cov_1.687500_R,0.06158299771599146,0.23936754176610958,0.08591885441527436,Pass
EOG7T4Z69|Hermetia_illucens|JSM_4972_S8_SPM_1|NODE_251_length_325_cov_21886_A,0.06855322435622038,0.23936754176610958,0.08591885441527436,Pass
EOG7T4Z69|Bactrocera_dorsalis|AHE_191_S25_merged_SPM|NODE_74287_length_891_cov_51.455774_R,0.10045201287763258,0.4316829689298044,0.15240466648148887,Pass
EOG7T4Z69|Zeugodacus_cucurbitae|AHE_101_S25_merged_SPM|NODE_148035_length_1547_cov_44968_AU,0.12891076168610738,0.4316829689298044,0.15240466648148887,Pass
EOG7T4Z69|Glossina_morsitans|AHE_263_S22_SPM|NODE_52761_length_767_cov_6.134783_R,0.2258799010120315,0.46267636998331724,0.16814505519332468,Pass
EOG7T4Z69|Hermetia_illucens|AHE_267_S19_SPM|NODE_1593_length_958_cov_41.813848_S,0.08370943554154915,0.4255045072978685,0.1584836477110778,Pass
EOG7T4Z69|Hermetia_illucens|AHE_40_S58_merged_SPM|NODE_201_length_1667_cov_53.566038_S,0.13495378716147294,0.4956691917397421,0.16979475236890562,Pass
EOG7T4Z69|Zeugodacus_cucurbitae|AHE_60_S67_merged_SPM|NODE_98072_length_1456_cov_19.825236_R,0.11849388680658775,0.4956691917397421,0.16979475236890562,Pass
EOG7T4Z69|Hermetia_illucens|AHE_281_S27_SPM|NODE_51038_length_1336_cov_57.685465_R,0.12740456630268376,0.4956691917397421,0.16979475236890562,Pass
EOG7T4Z69|Contarinia_nasturtii|AHE_268_S20_SPM|NODE_572_length_1410_cov_37.573143_S,0.1327401864745531,0.4956691917397421,0.16979475236890562,Pass
EOG7T4Z69|Zeugodacus_cucurbitae|AHE_276_S23_SPM|NODE_153996_length_850_cov_60497_A,0.10083126208228063,0.43399671052631583,0.15361842105263157,Pass
EOG7T4Z69|Bactrocera_dorsalis|CNC_Dip103096_S49_SPM|NODE_65_length_641_cov_7.268482_g64_i0_R,0.10551783760223808,0.43399671052631583,0.15361842105263157,Pass
EOG7T4Z69|Bactrocera_dorsalis|CNC590648_S22_SPM|NODE_1682_length_811_cov_11.682749_R,0.10501797973193855,0.43399671052631583,0.15361842105263157,Pass
EOG7T4Z69|Hermetia_illucens|AHE_38_S66_merged_SPM|NODE_5231_length_896_cov_7.730159_R,0.13095575774495477,0.46123994042182603,0.16821979882663018,Pass
EOG7T4Z69|Zeugodacus_cucurbitae|AHE_66_S68_merged_SPM|NODE_236_length_1338_cov_23.926249_S,0.10286589207238177,0.46123994042182603,0.16821979882663018,Pass
EOG7T4Z69|Zeugodacus_cucurbitae|AHE_278_S24_SPM|NODE_305_length_1281_cov_31.006645_S,0.09941615378530086,0.46123994042182603,0.16821979882663018,Pass
EOG7T4Z69|Zeugodacus_cucurbitae|AHE_280_S24_SPM|NODE_29819_length_281_cov_0.725490_S,0.1791683503724815,0.4680832983801176,0.17575538766213428,Pass
EOG7T4Z69|Hermetia_illucens|JSS_42447_S54_SPM|NODE_1258_length_313_cov_830_AU,0.06914576538926244,0.3356564003372513,0.12917224619352274,Pass
EOG7T4Z69|Bactrocera_dorsalis|AHE_34_S58_merged_SPM|NODE_31001_length_1518_cov_15.022207_R,0.061769181430015176,0.3356564003372513,0.12917224619352274,Pass
EOG7T4Z69|Zeugodacus_cucurbitae|AHE_80_S13_merged_SPM|NODE_47229_length_252_cov_0.840000_R,0.06250272260001334,0.3356564003372513,0.12917224619352274,Pass
EOG7T4Z69|Hermetia_illucens|JSS_42606_S56_SPM|NODE_534_length_279_cov_3.289474_R,0.06250272260001334,0.3356564003372513,0.12917224619352274,Pass
EOG7T4Z69|Hermetia_illucens|CNC_Dip101676_S59_SPM|NODE_1093_length_245_cov_3960_AU,0.06250272260001334,0.3356564003372513,0.12917224619352274,Pass
EOG7T4Z69|Hermetia_illucens|JSM_9557_S16_SPM|NODE_4592_length_284_cov_210.121019_R,0.06250272260001334,0.3356564003372513,0.12917224619352274,Pass
EOG7T4Z69|Hermetia_illucens|JSM_7567_II_S15_SPM|NODE_4716_length_343_cov_60.245370_R,0.06250272260001334,0.3356564003372513,0.12917224619352274,Pass
EOG7T4Z69|Bactrocera_oleae|CNC485058_S23_SPM|NODE_22578_length_234_cov_408_AU,0.061769181430015176,0.3356564003372513,0.12917224619352274,Pass
EOG7T4Z69|Hermetia_illucens|LEM_0014396_S65_SPM|NODE_1783_length_338_cov_8.502370_R,0.06250272260001334,0.3356564003372513,0.12917224619352274,Pass
EOG7T4Z69|Hermetia_illucens|JSM4882_S65_SPM|NODE_3888_length_209_cov_898_AU,0.06250272260001334,0.3356564003372513,0.12917224619352274,Pass
EOG7T4Z69|Hermetia_illucens|JSS_52524_S58_SPM|NODE_306_length_257_cov_3.953846_R,0.06250272260001334,0.3356564003372513,0.12917224619352274,Pass
EOG7T4Z69|Scaptodrosophila_lebanonensis|CNC485522_S83_SPM|NODE_54266_length_255_cov_450_AU,0.061769181430015176,0.3356564003372513,0.12917224619352274,Pass
EOG7T4Z69|Scaptodrosophila_lebanonensis|CNC484244_S9_SPM|NODE_6980_length_268_cov_476_AU,0.061769181430015176,0.3356564003372513,0.12917224619352274,Pass
EOG7T4Z69|Hermetia_illucens|AHE_37_S59_merged_SPM|NODE_263_length_867_cov_10.075949_S,0.12304431078786418,0.48567016014997655,0.1670704007268492,Pass
EOG7T4Z69|Zeugodacus_cucurbitae|AHE_71_S34_merged_SPM|NODE_204_length_1201_cov_10.260676_S,0.13684623130408446,0.4967446592065108,0.17164656299956405,Pass
EOG7T4Z69|Lucilia_sericata|AHE_87_S41_merged_SPM|NODE_1616_length_369_cov_0.938356_S,0.11821971153633642,0.29820987654320985,0.10288065843621397,Pass
EOG7T4Z69|Bactrocera_dorsalis|AHE_88_S35_merged_SPM|NODE_595_length_669_cov_11.349662_S,0.08924870209789691,0.44875475120363817,0.16739574025419768,Pass
EOG7T4Z69|Hermetia_illucens|AHE_9_S57_merged_SPM|NODE_328_length_771_cov_4.413545_S,0.15115388842948357,0.4943335218702867,0.1682153630683043,Pass
EOG7T4Z69|Bactrocera_dorsalis|AustralianMuseumK405966_S60_SPM|NODE_2560_length_751_cov_7801_AU,0.08924729817015901,0.4461942098914354,0.1628468033775633,Pass
EOG7T4Z69|Zeugodacus_cucurbitae|CNC1054967_II_S79_SPM|NODE_735_length_259_cov_545_A,0.06984861702532415,0.32698109713439133,0.12535151373818565,Pass
EOG7T4Z69|Zeugodacus_cucurbitae|CNC1059087_S66_SPM|NODE_1240_length_661_cov_8.822097_R,0.14008660120753796,0.433891826528939,0.1602762747991473,Pass
EOG7T4Z69|Hermetia_illucens|CNC1059123_S33_SPM|NODE_306_length_614_cov_7.145791_S,0.10048001279225215,0.4474616710397694,0.16545505993723308,Pass
EOG7T4Z69|Hermetia_illucens|CNC106372_S63_SPM|NODE_3151_length_249_cov_1358_A,0.059885630841570815,0.3367701732150401,0.12916102151712483,Pass
EOG7T4Z69|Hermetia_illucens|CNC1531678_S31_SPM|NODE_61_length_711_cov_3.332192_S,0.11978990695449014,0.45650555352954164,0.15732223978101045,Pass
EOG7T4Z69|Hermetia_illucens|CNC451885_S4_SPM|NODE_2287_length_397_cov_5.951852_R,0.06021120513396042,0.3141863517060366,0.11548556430446189,Pass
EOG7T4Z69|Hermetia_illucens|CNC457392_S6_SPM|NODE_722_length_490_cov_3.079890_S,0.09406245380297944,0.462655117270789,0.17280383795309173,Pass
EOG7T4Z69|Hermetia_illucens|CNC457400_S90_SPM|NODE_580_length_575_cov_3.897321_S,0.11634349030470915,0.44945300462249616,0.15562403697996918,Pass
EOG7T4Z69|Stomoxys_calcitrans|CNC457410_S40_SPM|NODE_1126_length_467_cov_21.364706_S,0.08603001190753248,0.4154707190511491,0.1560415122312825,Pass
EOG7T4Z69|Bradysia_coprophila|CNC457414_S8_SPM|NODE_1226_length_137_cov_214_AU,0.06133596088419566,0.17840715883668912,0.05982102908277409,Pass
EOG7T4Z69|Hermetia_illucens|CNC457485_S10_SPM|NODE_12236_length_178_cov_296_AU,0.07256108184900757,0.29478494623655915,0.11827956989247312,Pass
EOG7T4Z69|Bactrocera_oleae|CNC464825_S42_SPM|NODE_133_length_736_cov_16.394089_g132_i0_R,0.09323224880782514,0.42176257770007763,0.15615287490287488,Pass
EOG7T4Z69|Musca_domestica|CNC482954_S16_SPM|NODE_1085_length_833_cov_8.746459_R,0.09231731358735078,0.4268706047819972,0.1561181434599156,Pass
EOG7T4Z69|Hermetia_illucens|CNC483888_S1_SPM|NODE_292_length_604_cov_159.909853_g291_i0_R,0.09838484473677493,0.4123259251876953,0.15209952827054685,Pass
EOG7T4Z69|Hermetia_illucens|CNC484017_S3_SPM|NODE_477_length_488_cov_10.927978_g476_i0_R,0.076486810485427,0.41045454545454524,0.15423197492163,Pass
EOG7T4Z69|Hermetia_illucens|CNC484132_S5_SPM|NODE_191_length_837_cov_41.894366_S,0.13026315789473686,0.5207228280941105,0.17874367274228242,Pass
EOG7T4Z69|Lucilia_sericata|CNC484134_S71_SPM|NODE_199_length_502_cov_20.024000_S,0.04939474253474636,0.3432205513784462,0.1278195488721805,Pass
EOG7T4Z69|Lucilia_sericata|CNC484138_S72_SPM|NODE_513_length_515_cov_10.162371_R,0.05088221001513896,0.3546900090650091,0.13113506863506863,Pass
EOG7T4Z69|Hermetia_illucens|CNC484528_S17_SPM|NODE_60_length_1059_cov_124.483906_S,0.1290522127574867,0.49811200300136876,0.17430820099276045,Pass
EOG7T4Z69|Hermetia_illucens|CNC485632_S93_SPM|NODE_46_length_964_cov_21.072879_S,0.12041433199161573,0.49811200300136876,0.17430820099276045,Pass
EOG7T4Z69|Hermetia_illucens|CNC485015_II_S80_SPM|NODE_2724_length_158_cov_256_A,0.09302943705742323,0.3142233009708739,0.12621359223300976,Pass
EOG7T4Z69|Ceratitis_capitata|CNC485220_S86_SPM|NODE_59608_length_281_cov_742_AU,0.0638276611302927,0.3304803073967338,0.12112027559707172,Pass
EOG7T4Z69|Lucilia_sericata|CNC485366_II_S76_SPM|NODE_751_length_574_cov_5.395973_R,0.04954439008049771,0.30224669603524246,0.11233480176211463,Pass
EOG7T4Z69|Lucilia_sericata|CNC_Diptera12811_S75_SPM|NODE_586_length_501_cov_4.877005_R,0.04954439008049771,0.30224669603524246,0.11233480176211463,Pass
EOG7T4Z69|Scaptodrosophila_lebanonensis|JSS13087_S84_SPM|NODE_123_length_974_cov_47.724911_S,0.13509179896425155,0.5191130604288497,0.17722082985240872,Pass
EOG7T4Z69|Ceratitis_capitata|CNC485506_S88_SPM|NODE_63_length_1141_cov_79.736686_S,0.14570570358561966,0.5191130604288497,0.17722082985240872,Pass
EOG7T4Z69|Scaptodrosophila_lebanonensis|JSS16848_S13_SPM|NODE_53_length_1191_cov_31.759398_S,0.16784638918622133,0.5191130604288497,0.17722082985240872,Pass
EOG7T4Z69|Scaptodrosophila_lebanonensis|CNC485613_S27_SPM|NODE_4_length_1169_cov_6.652591_S,0.13314007968412853,0.5191130604288497,0.17722082985240872,Pass
EOG7T4Z69|Hermetia_illucens|CNC485510_S91_SPM|NODE_800_length_499_cov_40.736559_g798_i0_R,0.09465621212385396,0.4596783625730995,0.17126148705096078,Pass
EOG7T4Z69|Hermetia_illucens|CNC485528_S80_SPM|NODE_3109_length_264_cov_1497_A,0.06487184015019155,0.3016767371601208,0.10876132930513593,Pass
EOG7T4Z69|Contarinia_nasturtii|CNC485542_S26_SPM|NODE_104_length_773_cov_10.667183_g102_i0_R,0.13481377863262808,0.5015510380412295,0.17155426290554188,Pass
EOG7T4Z69|Hermetia_illucens|CNC485567_S78_SPM|NODE_121_length_754_cov_26.393939_g120_i0_R,0.09189132084930708,0.4331582889971571,0.16136795290731287,Pass
EOG7T4Z69|Lucilia_sericata|CNC485624_S28_SPM|NODE_26550_length_228_cov_396_AU,0.05412530359569558,0.2880910609857979,0.11094402673350046,Pass
EOG7T4Z69|Zeugodacus_cucurbitae|JSM_9171_S15_SPM|NODE_438236_length_197_cov_384_AU,0.05412530359569558,0.2880910609857979,0.11094402673350046,Pass
EOG7T4Z69|Lucilia_sericata|JSS17803_S32_SPM|NODE_58957_length_250_cov_440_AU,0.05412530359569558,0.2880910609857979,0.11094402673350046,Pass
EOG7T4Z69|Lucilia_sericata|CNC_Dip21559_S25_SPM|NODE_41414_length_241_cov_438_AU,0.05412530359569558,0.2880910609857979,0.11094402673350046,Pass
EOG7T4Z69|Stomoxys_calcitrans|CNC485723_S29_SPM|NODE_207609_length_394_cov_1516_AU,0.09050962605233139,0.4161081397084433,0.15549281058759146,Pass
EOG7T4Z69|Ceratitis_capitata|CNC485734_S76_SPM|NODE_124_length_948_cov_24.409257_S,0.136348882246824,0.5144742063492064,0.17757936507936511,Pass
EOG7T4Z69|Hermetia_illucens|CNC485774_S81_SPM|NODE_71_length_769_cov_8.275701_g70_i0_R,0.13215418891472405,0.5178132946996901,0.1748331612286731,Pass
EOG7T4Z69|Stomoxys_calcitrans|CNC485778_S31_SPM|NODE_218_length_428_cov_5.897010_g217_i0_R,0.10863208786424573,0.4370584754108728,0.16411424028045063,Pass
EOG7T4Z69|Hermetia_illucens|JSS16399_S11_SPM|NODE_98_length_805_cov_42.578171_S,0.12042090411178115,0.48495808113455163,0.1593151946093122,Pass
EOG7T4Z69|Hermetia_illucens|CNC485778_S31_SPM_1|NODE_15_length_762_cov_3.521260_g14_i0_R,0.13758339510748704,0.48495808113455163,0.1593151946093122,Pass
EOG7T4Z69|Hermetia_illucens|CNC569384_S19_SPM|NODE_1853_length_604_cov_9.559748_R,0.10054850129536984,0.4254155755530249,0.15754379185457112,Pass
EOG7T4Z69|Bactrocera_oleae|JSM_6258_S12_SPM_1|NODE_2010_length_641_cov_13.293774_S,0.09375142799704252,0.4254155755530249,0.15754379185457112,Pass
EOG7T4Z69|Hermetia_illucens|CNC571880_S96_SPM|NODE_35_length_1099_cov_2.281893_S,0.1301889318538003,0.49506982564309,0.16870781120732647,Pass
EOG7T4Z69|Bactrocera_dorsalis|CNC590648_S22_SPM_1|NODE_10277_length_485_cov_15674_AU,0.08800664376841355,0.4543488924459133,0.17272680332524404,Pass
EOG7T4Z69|Hermetia_illucens|CNC611910_S25_SPM|NODE_1285_length_373_cov_6.219512_R,0.06934207492318473,0.3208176943699731,0.11796246648793562,Pass
EOG7T4Z69|Zeugodacus_cucurbitae|CNC866427_S83_SPM|NODE_369_length_610_cov_29.279503_R,0.07246059867259812,0.34051859099804316,0.11937377690802353,Pass
EOG7T4Z69|Hermetia_illucens|CNC942134_S46_SPM|NODE_76_length_776_cov_15.506934_g75_i0_R,0.13892078071182548,0.5007637450817976,0.17027593704700772,Pass
EOG7T4Z69|Hermetia_illucens|CNC944224_S47_SPM|NODE_687_length_575_cov_11.258929_g679_i0_R,0.08235590948010342,0.3712379840532552,0.13854045058247844,Pass
EOG7T4Z69|Scaptodrosophila_lebanonensis|CNC484014_S2_SPM|NODE_31_length_1097_cov_176.419588_S,0.12041284663075566,0.5099655850540806,0.17600786627335296,Pass
EOG7T4Z69|Ceratitis_capitata|CNC_Dip1380_S12_SPM|NODE_49_length_1155_cov_109.521401_S,0.14189827813589403,0.5099655850540806,0.17600786627335296,Pass
EOG7T4Z69|Ceratitis_capitata|JSM_11384_S6_SPM|NODE_3578_length_2040_cov_1.716153_S,0.12697123029026663,0.5099655850540806,0.17600786627335296,Pass
EOG7T4Z69|Ceratitis_capitata|JSM_5812_S4_SPM|NODE_971_length_1186_cov_40.047214_S,0.13699102851978054,0.5099655850540806,0.17600786627335296,Pass
EOG7T4Z69|Hermetia_illucens|CNC_Dip183103_S71_SPM|NODE_964_length_383_cov_2396_A,0.06444059532974081,0.2960465116279069,0.1093023255813953,Pass
EOG7T4Z69|Ceratitis_capitata|CNC_Dip208891_S34_SPM|NODE_36985_length_278_cov_496_AU,0.0716279484746959,0.41028771803632447,0.15804711382844816,Pass
EOG7T4Z69|Glossina_morsitans|CNC_Dip21559_S25_SPM_1|NODE_86_length_508_cov_1.530184_g85_i0_R,0.19794645794851382,0.5908462095605985,0.17467407049734418,Pass
EOG7T4Z69|Anopheles_stephensi|CNC_Diptera230745_S68_SPM|NODE_6152_length_115_cov_170_AU,0.060755916637230664,0.255,0.10204081632653061,Pass
EOG7T4Z69|Hermetia_illucens|USNM_ENT27989_S88_SPM_1|NODE_698_length_708_cov_10.299484_R,0.1663460475400774,0.46577712609970673,0.1539589442815249,Pass
EOG7T4Z69|Hermetia_illucens|JSM_4776_S1_SPM|NODE_360_length_652_cov_36.476190_R,0.1321620150820182,0.46577712609970673,0.1539589442815249,Pass
EOG7T4Z69|Bactrocera_dorsalis|AHE_68_S60_merged_SPM|NODE_91_length_2292_cov_9.907449_S,0.15877238051002748,0.46577712609970673,0.1539589442815249,Pass
EOG7T4Z69|Hermetia_illucens|CNC_Diptera232480_S46_SPM|NODE_1083_length_699_cov_5.727273_R,0.12960606243217668,0.46577712609970673,0.1539589442815249,Pass
EOG7T4Z69|Bactrocera_dorsalis|CNC_Diptera232480_S46_SPM_1|NODE_1119_length_204_cov_2.909091_R,0.10827259753134838,0.5577720582627926,0.20513993746663617,Pass
EOG7T4Z69|Bactrocera_dorsalis|CNC_Diptera46427_S48_SPM|NODE_641_length_144_cov_228_AU,0.053542369999757124,0.44576039583653804,0.1716146233912732,Pass
EOG7T4Z69|Hermetia_illucens|CNC_Diptera74086_S47_SPM|NODE_3475_length_486_cov_14273_AU,0.07188208616780045,0.3131050228310501,0.11643835616438347,Pass
EOG7T4Z69|Hermetia_illucens|G0464_S50_SPM|NODE_3143_length_167_cov_444_A,0.06395384802950005,0.3330303030303032,0.12770562770562777,Pass
EOG7T4Z69|Stomoxys_calcitrans|INB4400936_S70_SPM|NODE_155_length_729_cov_24.041528_g154_i0_R,0.12885940444208377,0.4832955439525071,0.17388376836544184,Pass
EOG7T4Z69|Zeugodacus_cucurbitae|JSBVM0060_S56_SPM_1|NODE_4672_length_173_cov_436_AU,0.10600106649275624,0.5462719298245614,0.2008771929824561,Pass
EOG7T4Z69|Bactrocera_dorsalis|JSM12015_S64_SPM|NODE_167464_length_325_cov_1046_AU,0.07191212555934824,0.4139353156837818,0.16190423552386735,Pass
EOG7T4Z69|Hermetia_illucens|JSM_10699_S3_SPM|NODE_3841816_length_358_cov_1128_AU,0.09492880088389777,0.4139353156837818,0.16190423552386735,Pass
EOG7T4Z69|Hermetia_illucens|JSM_2594_S5_SPM|NODE_116_length_451_cov_10.774691_R,0.06353138785363636,0.28311111111111115,0.10444444444444445,Pass
EOG7T4Z69|Hermetia_illucens|JSM_11142_S4_SPM|NODE_10879_length_474_cov_2.279539_R,0.06306869265409906,0.28311111111111115,0.10444444444444445,Pass
EOG7T4Z69|Hermetia_illucens|JSM12800_S50_SPM|NODE_216_length_572_cov_17.400000_S,0.06353138785363636,0.28311111111111115,0.10444444444444445,Pass
EOG7T4Z69|Hermetia_illucens|JSM5576_S67_SPM|NODE_466_length_415_cov_13.798611_S,0.06306869265409906,0.28311111111111115,0.10444444444444445,Pass
EOG7T4Z69|Glossina_morsitans|JSM_10540_S15_SPM|NODE_3504398_length_1034_cov_3744_AU,0.0824253726840757,0.4431660973023915,0.15749322652844866,Pass
EOG7T4Z69|Contarinia_nasturtii|JSM_10605_S1_SPM|NODE_2177963_length_226_cov_392_AU,0.08478319068847696,0.15985279441117756,0.05342885657256913,Pass
EOG7T4Z69|Hermetia_illucens|CAJSMG01|CAJSMG010001773.1_13,0.07403041687818064,0.36489269351338316,0.14118639980708947,Pass
EOG7T4Z69|Hermetia_illucens|JSS50552_S53_SPM|NODE_3750_length_202_cov_344_AU,0.07403041687818064,0.36489269351338316,0.14118639980708947,Pass
EOG7T4Z69|Hermetia_illucens|JSM_10609_S2_SPM|NODE_5969267_length_463_cov_1600_AU,0.0809445608665908,0.36489269351338316,0.14118639980708947,Pass
EOG7T4Z69|Ceratitis_capitata|JSM_11457_S8_SPM|NODE_48578_length_504_cov_1.037135_S,0.057115883880103836,0.2436205209734621,0.09000856059679585,Pass
EOG7T4Z69|Scaptodrosophila_lebanonensis|JSM_6153_S10_SPM|NODE_1661_length_1522_cov_22.522581_S,0.1734549657128819,0.5099942007102946,0.16703468032006774,Pass
EOG7T4Z69|Musca_domestica|JSM_11468_S9_SPM|NODE_6560_length_719_cov_20.116554_S,0.12895366149727883,0.5099942007102946,0.16703468032006774,Pass
EOG7T4Z69|Musca_domestica|JSM_11505_S16_SPM|NODE_4256_length_455_cov_5.759146_S,0.12547891335903824,0.4252761627906978,0.15552325581395354,Pass
EOG7T4Z69|Glossina_morsitans|JSM_11804_S12_SPM|NODE_33194_length_1040_cov_1.637459_R,0.11049097583502251,0.46536571003396665,0.15715647405600663,Pass
EOG7T4Z69|Drosophila_melanogaster|JSM_11807_S13_SPM|NODE_69669_length_939_cov_7.807882_R,0.10536717287289367,0.32193227091633464,0.1155378486055777,Pass
EOG7T4Z69|Stomoxys_calcitrans|JSM_4641_II_S8_SPM|NODE_204_length_606_cov_6.118998_S,0.22236241542136567,0.5299922814575481,0.15260455932507633,Pass
EOG7T4Z69|Zeugodacus_cucurbitae|JSM_4942_S10_SPM|NODE_364084_length_405_cov_1626_AU,0.06325862612639431,0.2770588235294117,0.1018099547511312,Pass
EOG7T4Z69|Hermetia_illucens|JSM_4972_S8_SPM|NODE_119953_length_328_cov_6231_AU,0.1145903373759744,0.5394307944307942,0.20081900081900073,Pass
EOG7T4Z69|Stomoxys_calcitrans|JSM_5861_S5_SPM|NODE_10743_length_799_cov_6.747024_R,0.12149313987108724,0.49887209302325586,0.17028792912513846,Pass
EOG7T4Z69|Stomoxys_calcitrans|JSM_6043_S6_SPM|NODE_362_length_1240_cov_6.659479_S,0.1266464405377373,0.5216823507983729,0.17725092586971036,Pass
EOG7T4Z69|Stomoxys_calcitrans|JSM_6055_S7_SPM|NODE_71999_length_829_cov_42.498575_R,0.14410046988529684,0.5171317655668595,0.17448230722450708,Pass
EOG7T4Z69|Hermetia_illucens|JSM_6145_S8_SPM|NODE_2418_length_987_cov_48.701163_S,0.12203594484755201,0.5179872833364095,0.17801755960870513,Pass
EOG7T4Z69|Lucilia_sericata|JSM_6152_S9_SPM|NODE_26180_length_322_cov_2.394872_R,0.08825609285927714,0.3976705444155314,0.1485279861217409,Pass
EOG7T4Z69|Zeugodacus_cucurbitae|JSM_6608_S1_SPM|NODE_776_length_964_cov_64.052569_S,0.10401329141783222,0.4708628451380553,0.1710384153661465,Pass
EOG7T4Z69|Zeugodacus_cucurbitae|JSM_7192_S14_SPM|NODE_702053_length_212_cov_370_AU,0.09307523616734142,0.3752857142857142,0.13714285714285712,Pass
EOG7T4Z69|Lucilia_sericata|CAKLPK01.1|CAKLPK010000031.1_388,0.11544310751263973,0.5068575738078818,0.16865914878698096,Pass
EOG7T4Z69|Zeugodacus_cucurbitae|JSM_7804_S15_SPM|NODE_2279_length_947_cov_21.700000_S,0.12204565093093116,0.5068575738078818,0.16865914878698096,Pass
EOG7T4Z69|Teleopsis_dalmanni|JSM_8315_S13_SPM|NODE_12_length_2540_cov_199.254869_S,0.052174568255939066,0.29666666666666675,0.11904761904761907,Pass
EOG7T4Z69|Zeugodacus_cucurbitae|JSM_8398_S11_SPM|NODE_97_length_1310_cov_103.164835_S,0.13373356905907458,0.503629557941048,0.17379133350945963,Pass
EOG7T4Z69|Hermetia_illucens|JSM_9082_S6_SPM|NODE_5404_length_1560_cov_51.222610_R,0.08783271176162283,0.4436006487878563,0.16476735259886588,Pass
EOG7T4Z69|Zeugodacus_cucurbitae|JSM_9724_S16_SPM|NODE_734630_length_171_cov_282_AU,0.05452657714819437,0.3595475460122698,0.13450920245398768,Pass
EOG7T4Z69|Ceratitis_capitata|JSS10153_S74_SPM|NODE_24_length_871_cov_27.509409_g23_i0_R,0.13464662193299345,0.5211564228609044,0.17911707560491363,Pass
EOG7T4Z69|Hermetia_illucens|JSS_26307_S77_SPM|NODE_122_length_379_cov_4.551587_R,0.09882490145648042,0.35760320251758587,0.13832839689004062,Pass
EOG7T4Z69|Hermetia_illucens|JSS13113_S90_SPM|NODE_18263_length_286_cov_620_A,0.0889145613052839,0.35760320251758587,0.13832839689004062,Pass
EOG7T4Z69|Hermetia_illucens|JSS13123_S6_SPM|NODE_419_length_574_cov_60.353468_g417_i0_R,0.09422047724654793,0.4152711720877913,0.15319864255967242,Pass
EOG7T4Z69|Lucilia_sericata|JSS13126_S7_SPM|NODE_215_length_624_cov_26.523139_g214_i0_R,0.11219094192966657,0.4218091168091168,0.15384615384615385,Pass
EOG7T4Z69|Hermetia_illucens|JSS31229_S39_SPM|NODE_102_length_692_cov_2.279646_S,0.08687254153880686,0.36508547008547,0.1316239316239316,Pass
EOG7T4Z69|Hermetia_illucens|JSS13866_S8_SPM|NODE_367_length_559_cov_7.849537_g364_i0_R,0.08687254153880686,0.36508547008547,0.1316239316239316,Pass
EOG7T4Z69|Hermetia_illucens|JSS15410_S10_SPM|NODE_2979_length_403_cov_16122_A,0.068699439576001,0.29336405529953924,0.10829493087557607,Pass
EOG7T4Z69|Ceratitis_capitata|JSS16852_S14_SPM|NODE_3239_length_732_cov_114088_A,0.10300533607473249,0.4280251812955399,0.15943355759570021,Pass
EOG7T4Z69|Zeugodacus_cucurbitae|JSM_9049_S13_SPM|NODE_3623_length_904_cov_27.185328_R,0.08935907719525424,0.4329336386182835,0.1583028573830617,Pass
EOG7T4Z69|Scaptodrosophila_lebanonensis|JSS16919_S15_SPM|NODE_64_length_870_cov_43.860027_g63_i0_R,0.09142203750819322,0.4329336386182835,0.1583028573830617,Pass
EOG7T4Z69|Lucilia_sericata|JSS16944_S16_SPM|NODE_287_length_545_cov_102.913876_g286_i0_R,0.0844799225399742,0.379723655019412,0.14138380476982804,Pass
EOG7T4Z69|Ceratitis_capitata|JSS17034_S75_SPM|NODE_33_length_1448_cov_35.979561_g31_i0_R,0.1398056797231968,0.5228964576761302,0.17949855415352256,Pass
EOG7T4Z69|Scaptodrosophila_lebanonensis|JSS17104_S21_SPM|NODE_229_length_1172_cov_138.887081_S,0.14233691909232524,0.5142712570490076,0.17328918426537798,Pass
EOG7T4Z69|Hermetia_illucens|JSS17490_S89_SPM|NODE_7414_length_377_cov_7391_A,0.09013011841605476,0.44296650717703334,0.1641148325358851,Pass
EOG7T4Z69|Hermetia_illucens|JSS18974_S87_SPM|NODE_910_length_446_cov_4.589342_S,0.1002620280607375,0.42047181274010537,0.15714107031180202,Pass
EOG7T4Z69|Hermetia_illucens|JSS18986_S37_SPM|NODE_49_length_753_cov_11.196486_g47_i0_R,0.13344708081550186,0.5146858079014734,0.17385630360155246,Pass
EOG7T4Z69|Hermetia_illucens|JSS19037_S73_SPM|NODE_95_length_916_cov_50.306717_g93_i0_R,0.12311164916318128,0.49561188827803143,0.16950382749428605,Pass
EOG7T4Z69|Hermetia_illucens|JSS19038_S79_SPM|NODE_372_length_690_cov_0.596803_S,0.16070092292342228,0.46593035260149557,0.16922941339398867,Pass
EOG7T4Z69|Scaptodrosophila_lebanonensis|JSS30087_S38_SPM|NODE_338_length_545_cov_19.954545_S,0.08854191021277286,0.43158672238695894,0.1601263363980957,Pass
EOG7T4Z69|Bactrocera_dorsalis|JSS_29956_S1_SPM|NODE_1013_length_503_cov_25.582447_S,0.06474805046220822,0.3019135802469137,0.11111111111111116,Pass
EOG7T4Z69|Hermetia_illucens|JSS_42618_S57_SPM|NODE_2537_length_644_cov_6968_AU,0.07780123437054313,0.3615857885615252,0.12998266897746968,Pass
EOG7T4Z69|Hermetia_illucens|QM_REG_NO_T221129_S36_SPM|NODE_1194_length_108_cov_156_AU,0.05820433436532507,0.269071856287425,0.10778443113772451,Pass
EOG7T4Z69|Bactrocera_oleae|QM_REG_NO_T221365_S87_SPM|NODE_3762_length_117_cov_174_AU,0.10710906575803487,0.5829799896498188,0.2206313610488183,Pass
EOG7T4Z69|Bradysia_coprophila|Sample_10PROBE_16560_S18_SPM|NODE_12377_length_233_cov_406_AU,0.06726984720908258,0.30447735191637637,0.10801393728222997,Pass
EOG7T4Z69|Ceratitis_capitata|Sample_487784_S4_SPM|NODE_15571_length_1095_cov_117.623967_R,0.13493433904835894,0.4831486628092394,0.1698163925463574,Pass
EOG7T4Z69|Hermetia_illucens|Sample_519660_S4_SPM|NODE_2309_length_518_cov_56.225064_R,0.08726858484681324,0.38031194295900184,0.14081996434937616,Pass
EOG7T4Z69|Hermetia_illucens|Sander_Bot_Spec_74_S41_SPM|NODE_85_length_812_cov_37.119708_g83_i0_R,0.13143323424841172,0.49883369642405784,0.1706161308570947,Pass
EOG7T4Z69|Zeugodacus_cucurbitae|USNM_ENT27989_S88_SPM|NODE_54_length_852_cov_8.011034_R,0.10362433028679484,0.43057625740808736,0.16039492316567894,Pass
EOG7T4Z69|Contarinia_nasturtii|ZFMK_DIP00061254_S91_SPM|NODE_402_length_573_cov_1.242152_R,0.24050989148259883,0.5857704334439793,0.17344975224900172,Pass
EOG7T4Z69|Hermetia_illucens|ZFMK_DIP_00061255_S34_SPM|NODE_336_length_506_cov_3.485488_R,0.07526108940479091,0.36483455882352933,0.13786764705882348,Pass
EOG7T4Z69|Bradysia_coprophila|ZMFK_18025_S5_SPM|NODE_471_length_880_cov_44.686587_R,0.08876550066944969,0.4300088110065019,0.1572207494020177,Pass
EOG7T4Z69|Zeugodacus_cucurbitae|AHE_155_S16_merged_SPM|NODE_9234_length_998_cov_4.312704_R,0.10953755370218386,0.4300088110065019,0.1572207494020177,Pass
EOG7T4Z69|Zeugodacus_cucurbitae|wvs03588_S89_SPM|NODE_733_length_178_cov_296_AU,0.1202381851802942,0.5876109315310021,0.216230776765599,Pass
EOG7T4Z69|Bactrocera_dorsalis|CAKAIX01.1|CAKAIX010000064.1_238,0.084951826799607,0.42968646274159616,0.1597185059210937,Pass
EOG7T4Z69|Hermetia_illucens|CAJZBV01|CAJZBV010000042.1_472,0.13235038927866372,0.4599167927382751,0.16036308623298023,Pass
EOG7T4Z69|Ceratitis_capitata|CAJVQV01|CAJVQV010001431.1_243,0.1040315251921248,0.4626996441575637,0.16804452168156236,Pass
EOG7T4Z69|Zeugodacus_cucurbitae|JSM_6602_S10_SPM|NODE_153_length_1575_cov_76.264503_S,0.14402315102809832,0.4771706582824021,0.16692172369356795,Pass
EOG7T4Z69|Teleopsis_dalmanni|AHE_64_S44_merged_SPM|NODE_203_length_1771_cov_33.950413_S,0.10412379038630028,0.32359243697479,0.11974789915966388,Pass
EOG7T4Z69|Teleopsis_dalmanni|AHE_265_S23_SPM|NODE_212608_length_858_cov_100861_A,0.09788492579012827,0.413080469636973,0.1532356769030544,Pass
EOG7T4Z69|Bactrocera_dorsalis|AHE_157_S17_merged_SPM|NODE_78253_length_1193_cov_29.474014_R,0.1858829888958519,0.4292608300233861,0.156728428778245,Pass
EOG7T4Z69|Bactrocera_dorsalis|JSBVM_75_S7_SPM|NODE_241_length_1050_cov_87.697725_S,0.17201874880116944,0.4292608300233861,0.156728428778245,Pass
EOG7T4Z69|Zeugodacus_cucurbitae|AHE_100_S30_merged_SPM|NODE_27063_length_935_cov_35.620047_R,0.08604974114995008,0.41478005727430634,0.15353739261067556,Pass
EOG7T4Z69|Bactrocera_oleae|JSM_6258_S12_SPM|NODE_3433_length_560_cov_12.965358_R,0.0945973434689833,0.42779998155024107,0.15823897050344782,Pass
EOG7T4Z69|Musca_domestica|AHE_274_S21_SPM|NODE_434_length_1373_cov_52.626543_S,0.17193944331229916,0.4938636735763172,0.1584485331611768,Pass
