EOG77TBQD|Zeugodacus_cucurbitae|130501_249_44|C87938_a_8_0_l_477,0.16441582951243117,0.4057768559960549,0.10827293894392531,Pass
EOG77TBQD|Teleopsis_dalmanni|130501_249_44_1|C80099_a_7_0_l_368,0.18657783552981283,0.41794781144781135,0.09356902356902352,Pass
EOG77TBQD|Rhagoletis_pomonella|130608_189_16|s5471_L_11742_3_a_6_1_l_2439,0.25416707717134257,0.4231112019623875,0.1005723630417007,Pass
EOG77TBQD|Rhagoletis_pomonella|130919_247_37|s4615_L_7176_0_a_8_4_l_2292,0.21042092914374436,0.4272723571202341,0.10305783305923777,Pass
EOG77TBQD|Zeugodacus_cucurbitae|CAJHUG01.1|CAJHUG010000116.1_218,0.19570334277781853,0.42507327366227926,0.10301289663082047,Pass
EOG77TBQD|Rhagoletis_pomonella|CAJVCN01|CAJVCN010000343.1_195,0.2081446264626301,0.42507327366227926,0.10301289663082047,Pass
EOG77TBQD|Zeugodacus_cucurbitae|CAJSMG01|CAJSMG010000464.1_480,0.2141487986745015,0.42507327366227926,0.10301289663082047,Pass
EOG77TBQD|Zeugodacus_cucurbitae|CAKJUZ01.1|CAKJUZ010000974.1_375,0.20727779618326087,0.42507327366227926,0.10301289663082047,Pass
EOG77TBQD|Bactrocera_oleae|130919_247_55|C108170_a_16_0_l_2775,0.20171221309102888,0.42507327366227926,0.10301289663082047,Pass
EOG77TBQD|Rhagoletis_pomonella|130928_232_71|C100853_a_18_0_l_3051,0.19469264629690367,0.42507327366227926,0.10301289663082047,Pass
EOG77TBQD|Rhagoletis_pomonella|GAZD02.1|GAZD02022706.1,0.21976783729612595,0.42507327366227926,0.10301289663082047,Pass
EOG77TBQD|Rhagoletis_pomonella|CAJNIT01|CAJNIT010000020.1_667,0.20034492411879398,0.42507327366227926,0.10301289663082047,Pass
EOG77TBQD|Rhagoletis_pomonella|GCGG01.1|GCGG01016220.1,0.197016675518755,0.42507327366227926,0.10301289663082047,Pass
EOG77TBQD|Rhagoletis_pomonella|130314_269_33|C69492_a_6_0_l_1331,0.13776974955117113,0.365646740373479,0.08999909787672988,Pass
EOG77TBQD|Teleopsis_dalmanni|120823_263_57|C148362_a_10_0_l_1656,0.17181896178155065,0.3499171513147179,0.08121500439592277,Pass
EOG77TBQD|Hermetia_illucens|130919_247_21|C118514_a_4_0_l_878,0.2218228026486952,0.46574359686085987,0.11227308117451007,Pass
EOG77TBQD|Hermetia_illucens|130919_247_21_1|C108049_a_11_0_l_542,0.16259454467704612,0.27338774530632803,0.05554112962875535,Pass
EOG77TBQD|Rhagoletis_pomonella|130928_232_22|s3042_L_3192_0_a_70_2_l_2510,0.22134181817247567,0.42085689015166383,0.10106668121100659,Pass
EOG77TBQD|Aedes_aegypti|130919_247_44|C88428_a_4_0_l_548,0.20996085278742083,0.29231983749485596,0.06213333460938475,Pass
EOG77TBQD|Bactrocera_oleae|130928_232_84|C44701_a_3_0_l_653,0.22058664769499703,0.49431865739169784,0.13023696414432762,Pass
EOG77TBQD|Zeugodacus_cucurbitae|130928_232_37|C112652_a_6_0_l_1596,0.1935671369203934,0.5153079328505594,0.13436142198815004,Pass
EOG77TBQD|Rhagoletis_pomonella|130928_232_37_1|C100872_a_9_0_l_812,0.13585745350037085,0.2597138102761575,0.04857836275929184,Pass
EOG77TBQD|Rhagoletis_pomonella|130919_247_71|C75583_a_25_0_l_1682,0.20336266107042197,0.4285167709863533,0.10450331055332018,Pass
EOG77TBQD|Rhagoletis_pomonella|GIGL01.1|GIGL01025681.1,0.17880753478271666,0.4285167709863533,0.10450331055332018,Pass
EOG77TBQD|Rhagoletis_pomonella|GCNJ01.1|GCNJ01026331.1,0.1591688893566063,0.4285167709863533,0.10450331055332018,Pass
EOG77TBQD|Lucilia_sericata|120429_266_9|s7655_L_23299_0_a_22_5_l_5222,0.17904270923046867,0.4285167709863533,0.10450331055332018,Pass
EOG77TBQD|Zeugodacus_cucurbitae|CAKKTD01|CAKKTD010002425.1_38,0.2086289086254398,0.4285167709863533,0.10450331055332018,Pass
EOG77TBQD|Rhagoletis_pomonella|GIFH01.1|GIFH01028207.1,0.1944438687025684,0.4285167709863533,0.10450331055332018,Pass
EOG77TBQD|Rhagoletis_pomonella|130928_232_126|C121687_a_8_0_l_677,0.2688202530782239,0.36018126701311554,0.0882826033160109,Pass
EOG77TBQD|Teleopsis_dalmanni|130928_232_126_1|C112255_a_4_0_l_467,0.23010268432111716,0.3407545842100949,0.0767674145328342,Pass
EOG77TBQD|Lucilia_sericata|130919_247_17|C58683_a_4_0_l_480,0.19247773502066978,0.41971832996797803,0.11819098317905141,Pass
EOG77TBQD|Glossina_morsitans|120126_283_11|C122083_a_7_0_l_1182,0.18356267872086784,0.38535497844099575,0.0913148697175643,Pass
EOG77TBQD|Lucilia_sericata|GCGW01.1|GCGW01031643.1,0.21383573631980407,0.42710932192761947,0.10340470618054731,Pass
EOG77TBQD|Rhagoletis_pomonella|GCFV01.1|GCFV01003580.1,0.22967593238298226,0.42710932192761947,0.10340470618054731,Pass
EOG77TBQD|Rhagoletis_pomonella|GCFU01.1|GCFU01014311.1,0.18827341739987433,0.4233062906856799,0.10217127737832021,Pass
EOG77TBQD|Lucilia_sericata|GAVA02.1|GAVA02024298.1,0.17295576591151252,0.43536518449140893,0.10383301944049605,Pass
EOG77TBQD|Lucilia_sericata|GCFF01.1|GCFF01022406.1,0.16809932422145624,0.4285761818381517,0.10059729118326899,Pass
EOG77TBQD|Lucilia_sericata|GCNB01.1|GCNB01026148.1,0.1745700020975348,0.43128095465930505,0.10224542317451901,Pass
EOG77TBQD|Zeugodacus_cucurbitae|GCGH01.1|GCGH01017743.1,0.22430117052620166,0.427508477917585,0.10378319959889704,Pass
EOG77TBQD|Musca_domestica|GCLW01.1|GCLW01009357.1,0.16378142650973979,0.3713536863159065,0.08444913606311466,Pass
EOG77TBQD|Musca_domestica|GCLW01.1_1|GCLW01000140.1,0.1854850802219223,0.5989656160458453,0.19682357756856328,Pass
EOG77TBQD|Ceratitis_capitata|GCNK01.1|GCNK01074793.1,0.14497131271223299,0.33416337506076815,0.0837536460865338,Pass
EOG77TBQD|Hermetia_illucens|GCMC01.1|GCMC01018889.1,0.20909426920915444,0.3458574938822368,0.07820867866386039,Pass
EOG77TBQD|Musca_domestica|GCFN01.1|GCFN01001047.1,0.12467045055363116,0.28089442737402354,0.05871929812918508,Pass
EOG77TBQD|Rhagoletis_pomonella|GCGQ01.1|GCGQ01035522.1,0.14435252480645913,0.32416338271092815,0.07671902802187602,Pass
EOG77TBQD|Bactrocera_oleae|GDDE01.1|GDDE01004496.1,0.2591836874069751,0.418724408694221,0.100157917653652,Pass
EOG77TBQD|Teleopsis_dalmanni|GCGS01.1|GCGS01021433.1,0.15937805747221154,0.36909481630516594,0.08743170739686601,Pass
EOG77TBQD|Scaptodrosophila_lebanonensis|GDDH01.1|GDDH01041066.1,0.18382952656890453,0.4290065086746311,0.10417906811810307,Pass
EOG77TBQD|Rhagoletis_pomonella|GCFJ01.1|GCFJ01026982.1,0.17209317650156225,0.3681822430875097,0.08756974671475348,Pass
EOG77TBQD|Rhagoletis_pomonella|GCMY01.1|GCMY01064942.1,0.15190368822629435,0.34807184750733144,0.08137829912023464,Pass
EOG77TBQD|Teleopsis_dalmanni|GCMY01.1_1|GCMY01030829.1,0.1466703768784135,0.34397058823529414,0.09033613445378152,Pass
EOG77TBQD|Rhagoletis_pomonella|GCMS01.1|GCMS01015730.1,0.17393322961814336,0.42365639994751825,0.10206974433948113,Pass
EOG77TBQD|Zeugodacus_cucurbitae|CAJVQV01|CAJVQV010000158.1_86,0.21036763734361677,0.42365639994751825,0.10206974433948113,Pass
EOG77TBQD|Bactrocera_oleae|GIFT01.1|GIFT01015177.1,0.18093083559079154,0.4259227888716972,0.10330463100964127,Pass
EOG77TBQD|Bactrocera_oleae|GDDC01.1|GDDC01033393.1,0.16749549340151862,0.4259227888716972,0.10330463100964127,Pass
EOG77TBQD|Rhagoletis_pomonella|GIFS01.1|GIFS01034331.1,0.3157633239463463,0.4210165575057013,0.10043832145429854,Pass
EOG77TBQD|Teleopsis_dalmanni|GIGO01.1|GIGO01003171.1,0.11984947851063983,0.3456636149432525,0.08898861449358786,Pass
EOG77TBQD|Bactrocera_oleae|GIGO01.1_1|GIGO01024666.1,0.2241967808714436,0.6505445544554456,0.1743484693296916,Pass
EOG77TBQD|Musca_domestica|GIGO01.1_2|GIGO01013156.1,0.17371926144427616,0.4615947562343142,0.11945319592032899,Pass
EOG77TBQD|Drosophila_ficusphila|GIGU01.1|GIGU01007754.1,0.26255457164239576,0.42296860590894814,0.10107432139640982,Pass
EOG77TBQD|Rhagoletis_pomonella|GIFO01.1|GIFO01024198.1,0.1713174162825266,0.42320021592328383,0.10213594699295081,Pass
EOG77TBQD|Zeugodacus_cucurbitae|GIFE01.1|GIFE01026993.1,0.18311567930773173,0.4238291406582789,0.10202466820714062,Pass
EOG77TBQD|Rhagoletis_pomonella|GIGS01.1|GIGS01060086.1,0.18604332943001478,0.4222856145446987,0.10164983402449024,Pass
EOG77TBQD|Zeugodacus_cucurbitae|GIGW01.1|GIGW01012970.1,0.23595010947804493,0.5035011223602248,0.130348431396913,Pass
EOG77TBQD|Rhagoletis_pomonella|GIGM01.1|GIGM01035320.1,0.2717160593438762,0.41710502443752295,0.09961438036996029,Pass
EOG77TBQD|Rhagoletis_pomonella|GIFR01.1|GIFR01042997.1,0.23449499293898107,0.42365639994751825,0.10206974433948113,Pass
EOG77TBQD|Bactrocera_oleae|GIFM01.1|GIFM01019172.1,0.16493527031676183,0.42365639994751825,0.10206974433948113,Pass
EOG77TBQD|Hermetia_illucens|GIGR01.1|GIGR01005017.1,0.19403712520334362,0.40476769700242227,0.10128658007944258,Pass
EOG77TBQD|Rhagoletis_pomonella|GIGR01.1_1|GIGR01005018.1,0.18835228198974965,0.28079364494068254,0.05166251222977725,Pass
EOG77TBQD|Scaptodrosophila_lebanonensis|GIFF01.1|GIFF01015689.1,0.15548348544179502,0.4146169047341566,0.11554169432438322,Pass
EOG77TBQD|Scaptodrosophila_lebanonensis|GIFF01.1_2|GIFF01015685.1,0.23399060774515656,0.8252044025157231,0.2783018867924528,Pass
EOG77TBQD|Drosophila_melanogaster|GIFF01.1_1|GIFF01015686.1,0.1529054517375245,0.3329243664000492,0.07814654776133134,Pass
EOG77TBQD|Musca_domestica|GIFF01.1_3|GIFF01015682.1,0.21476826156972684,0.47517939562004985,0.1148264924310054,Pass
EOG77TBQD|Zeugodacus_cucurbitae|GIGQ01.1|GIGQ01007164.1,0.2973908129131744,0.8048263444302176,0.21746158770806656,Pass
EOG77TBQD|Scaptodrosophila_lebanonensis|GIFG01.1|GIFG01049459.1,0.15103582123298906,0.36356024660466124,0.0878361896668397,Pass
EOG77TBQD|Scaptodrosophila_lebanonensis|GIFG01.1_1|GIFG01049443.1,0.22688940043847108,0.5214423076923076,0.13269230769230766,Pass
EOG77TBQD|Glossina_morsitans|AB33593873_S12_SPM|NODE_4471_length_566_cov_11.173121_R,0.1827271217565783,0.36206282752335384,0.08208589655958076,Pass
EOG77TBQD|Glossina_morsitans|AHE_97_S49_merged_SPM|NODE_11277_length_580_cov_1.131213_R,0.17229725647363328,0.36206282752335384,0.08208589655958076,Pass
EOG77TBQD|Scaptodrosophila_lebanonensis|JSM_10506_S5_SPM|NODE_5842_length_518_cov_1.488491_S,0.18186342946305323,0.36206282752335384,0.08208589655958076,Pass
EOG77TBQD|Scaptodrosophila_lebanonensis|JSM12015_S64_SPM|NODE_987_length_598_cov_15.711253_S,0.1757731465309614,0.36206282752335384,0.08208589655958076,Pass
EOG77TBQD|Teleopsis_dalmanni|AHE_29_S32_merged_SPM|NODE_1379_length_675_cov_5.740803_S,0.16643845123734874,0.36206282752335384,0.08208589655958076,Pass
EOG77TBQD|Rhagoletis_pomonella|AB34950737_S20_SPM|NODE_599_length_521_cov_9.644670_S,0.13418862818979785,0.2960870581435869,0.06732621093517599,Pass
EOG77TBQD|Glossina_morsitans|AB48933026_S24_SPM|NODE_2992_length_278_cov_2.715232_R,0.18930698734627419,0.37511875252205,0.08076324436501991,Pass
EOG77TBQD|Teleopsis_dalmanni|CNC_Diptera158252_S45_SPM|NODE_2041_length_418_cov_2.453608_R,0.12665022248841284,0.27692091536879215,0.06242653540993237,Pass
EOG77TBQD|Teleopsis_dalmanni|AHE_59_S33_merged_SPM|NODE_2364_length_426_cov_2.630372_S,0.11552872672051037,0.27692091536879215,0.06242653540993237,Pass
EOG77TBQD|Teleopsis_dalmanni|AHE_214_S47_merged_SPM|NODE_1846_length_429_cov_2.312500_S,0.17876416679393178,0.27692091536879215,0.06242653540993237,Pass
EOG77TBQD|Glossina_morsitans|ZMFK_18025_S5_SPM|NODE_1372_length_446_cov_30.887147_S,0.12097402580928818,0.27692091536879215,0.06242653540993237,Pass
EOG77TBQD|Hermetia_illucens|CNC1178158_S85_SPM|NODE_1749_length_454_cov_2.305810_R,0.12650918814698797,0.27692091536879215,0.06242653540993237,Pass
EOG77TBQD|Teleopsis_dalmanni|AB49104653_S38_SPM|NODE_2520_length_418_cov_6.604811_R,0.13678674512564876,0.27692091536879215,0.06242653540993237,Pass
EOG77TBQD|Teleopsis_dalmanni|AHE_276_S23_SPM|NODE_2945_length_445_cov_2.866848_R,0.12751755143881563,0.27692091536879215,0.06242653540993237,Pass
EOG77TBQD|Teleopsis_dalmanni|CNC452105_S5_SPM|NODE_715_length_546_cov_6.933174_R,0.17488983983114473,0.3563959390862945,0.07868020304568535,Pass
EOG77TBQD|Teleopsis_dalmanni|AB59937875_S42_SPM|NODE_837_length_493_cov_14.043716_R,0.19809477293274194,0.3563959390862945,0.07868020304568535,Pass
EOG77TBQD|Teleopsis_dalmanni|JSM_8264_S9_SPM|NODE_1269_length_510_cov_7.065274_S,0.1814060623857319,0.3563959390862945,0.07868020304568535,Pass
EOG77TBQD|Teleopsis_dalmanni|JSS_30548_S2_SPM|NODE_996_length_561_cov_15.695853_S,0.19656545787588744,0.3563959390862945,0.07868020304568535,Pass
EOG77TBQD|Glossina_morsitans|JSM_9639_II_S16_SPM|NODE_1319_length_507_cov_45.510526_S,0.19452522869813235,0.3563959390862945,0.07868020304568535,Pass
EOG77TBQD|Glossina_morsitans|JSS_29946_S53_SPM|NODE_303_length_495_cov_11.524457_R,0.18309055932187754,0.3563959390862945,0.07868020304568535,Pass
EOG77TBQD|Rhagoletis_pomonella|AHE_282_S24_SPM|NODE_45182_length_514_cov_13.897025_R,0.1718598153369472,0.3563959390862945,0.07868020304568535,Pass
EOG77TBQD|Teleopsis_dalmanni|JSM_8931_S10_SPM|NODE_25066_length_548_cov_20386_A,0.16362911496366556,0.3563959390862945,0.07868020304568535,Pass
EOG77TBQD|Scaptodrosophila_lebanonensis|AHE_31_S49_merged_SPM|NODE_1470_length_681_cov_3.036424_S,0.17716763977840672,0.3563959390862945,0.07868020304568535,Pass
EOG77TBQD|Glossina_morsitans|AB59940780_S66_SPM|NODE_14876_length_355_cov_3122_AU,0.12426062970110575,0.2882323232323232,0.06506443747823054,Pass
EOG77TBQD|Teleopsis_dalmanni|AHE_100_S30_merged_SPM|NODE_1290_length_1032_cov_34.775916_S,0.22532055514533106,0.48424686762033836,0.12209563153627168,Pass
EOG77TBQD|Rhagoletis_pomonella|AHE_100_S30_merged_SPM_1|NODE_14478_length_327_cov_1.776000_S,0.1551251061813801,0.28623961787793917,0.06032275281404231,Pass
EOG77TBQD|Glossina_morsitans|AHE_102_S3_merged_SPM|NODE_4085_length_581_cov_1.535714_R,0.21921231189923457,0.4954082836213187,0.12997000279834403,Pass
EOG77TBQD|Teleopsis_dalmanni|AHE_104_S47_merged_SPM|NODE_1789_length_832_cov_18.328477_S,0.17943467052273915,0.42978100760819216,0.111662408819034,Pass
EOG77TBQD|Bactrocera_oleae|AHE_105_S55_merged_SPM|NODE_1604_length_880_cov_23.049813_S,0.17867675127852473,0.4292396929714073,0.11159078633017405,Pass
EOG77TBQD|Teleopsis_dalmanni|AHE_106_S62_merged_SPM|NODE_55384_length_731_cov_13.634557_R,0.17318725970235657,0.38551314247446855,0.09223170935878122,Pass
EOG77TBQD|Teleopsis_dalmanni|AHE_107_S69_merged_SPM|NODE_477_length_1685_cov_10.407338_S,0.23466036218905936,0.45425403225806454,0.10903280667105553,Pass
EOG77TBQD|Bactrocera_oleae|AHE_107_S69_merged_SPM_1|NODE_41168_length_473_cov_1.217172_R,0.23733131991756887,0.46036959553695955,0.12552301255230125,Pass
EOG77TBQD|Teleopsis_dalmanni|AHE_108_S50_merged_SPM|NODE_905_length_998_cov_21.931596_S,0.2246545569200919,0.4643949061674185,0.11401161672844662,Pass
EOG77TBQD|Lucilia_sericata|AHE_10_S47_merged_SPM|NODE_67083_length_137_cov_214_AU,0.25845678044702225,0.442851347435526,0.09982613735149237,Pass
EOG77TBQD|Teleopsis_dalmanni|AHE_110_S11_merged_SPM|NODE_3144_length_767_cov_10.739130_R,0.16914952842084324,0.40605274822695026,0.10109549138804452,Pass
EOG77TBQD|Teleopsis_dalmanni|AHE_112_S42_merged_SPM|NODE_1153_length_642_cov_6.194690_S,0.18917144700941882,0.3646118451324525,0.0808190363504897,Pass
EOG77TBQD|Teleopsis_dalmanni|AHE_111_S34_merged_SPM|NODE_1283_length_646_cov_16.741652_S,0.16715887987690095,0.3646118451324525,0.0808190363504897,Pass
EOG77TBQD|Teleopsis_dalmanni|AHE_46_S20_merged_SPM|NODE_4029_length_612_cov_3.407477_S,0.17887663987042993,0.3646118451324525,0.0808190363504897,Pass
EOG77TBQD|Teleopsis_dalmanni|AHE_118_S50_merged_SPM|NODE_1292_length_653_cov_5.829861_S,0.1937174033832583,0.369258286914437,0.08397863208839373,Pass
EOG77TBQD|Drosophila_ficusphila|AHE_145_S52_merged_SPM|NODE_625_length_669_cov_5.532095_S,0.1848597242420232,0.369258286914437,0.08397863208839373,Pass
EOG77TBQD|Glossina_morsitans|AHE_114_S60_merged_SPM|NODE_1144_length_616_cov_4.948052_S,0.17194970890997938,0.369258286914437,0.08397863208839373,Pass
EOG77TBQD|Glossina_morsitans|AHE_115_S22_merged_SPM|NODE_36233_length_896_cov_15.054945_R,0.18346964323741807,0.42443848174856047,0.10913410475711327,Pass
EOG77TBQD|Teleopsis_dalmanni|AHE_117_S52_merged_SPM|NODE_4168_length_934_cov_13.191365_R,0.22887069841531865,0.4766049464505846,0.11747648379776854,Pass
EOG77TBQD|Rhagoletis_pomonella|AHE_117_S52_merged_SPM_1|NODE_21779_length_280_cov_0.729064_S,0.1672601195430929,0.24966685290676255,0.04283522205082735,Pass
EOG77TBQD|Glossina_morsitans|AHE_119_S48_merged_SPM|NODE_4165_length_562_cov_1.997938_S,0.15096609106042225,0.2994500889001779,0.06343130912862815,Pass
EOG77TBQD|Teleopsis_dalmanni|AHE_120_S31_merged_SPM|NODE_6072_length_916_cov_15.266985_R,0.21108299104554942,0.45884104833219896,0.11616746085772645,Pass
EOG77TBQD|Teleopsis_dalmanni|AHE_121_S5_merged_SPM|NODE_1733_length_1006_cov_42.832078_S,0.1866999179688654,0.4207021064391481,0.10562153412778008,Pass
EOG77TBQD|Glossina_morsitans|AHE_123_S56_merged_SPM|NODE_28289_length_950_cov_22.895762_R,0.22843472392132735,0.47675757575757566,0.11636363636363634,Pass
EOG77TBQD|Glossina_morsitans|AHE_158_S43_merged_SPM|NODE_736_length_814_cov_12.862958_S,0.1923567944350961,0.37055299822183424,0.08586405440695999,Pass
EOG77TBQD|Glossina_morsitans|AHE_124_S16_merged_SPM|NODE_10640_length_819_cov_18.266846_R,0.18948202099901112,0.37055299822183424,0.08586405440695999,Pass
EOG77TBQD|Teleopsis_dalmanni|AHE_125_S6_merged_SPM|NODE_18274_length_888_cov_22.921085_R,0.20123208492538802,0.44535093356237454,0.11641970548559977,Pass
EOG77TBQD|Teleopsis_dalmanni|AHE_126_S12_merged_SPM|NODE_10639_length_970_cov_27.655095_R,0.17933290429255666,0.38544458964246575,0.09423459931921441,Pass
EOG77TBQD|Glossina_morsitans|AHE_126_S12_merged_SPM_1|NODE_36828_length_316_cov_0.928870_R,0.1890627386397344,0.3507168912038197,0.07557052469908687,Pass
EOG77TBQD|Teleopsis_dalmanni|AHE_127_S63_merged_SPM|NODE_1130_length_865_cov_17.095178_S,0.22291953278387708,0.4354577197930162,0.10018985682184545,Pass
EOG77TBQD|Glossina_morsitans|AHE_128_S38_merged_SPM|NODE_1220_length_666_cov_10.424448_S,0.1860813363691632,0.3722635993448176,0.08384711734965544,Pass
EOG77TBQD|Bactrocera_oleae|AHE_129_S7_merged_SPM|NODE_2628_length_848_cov_64.810636_S,0.18966231167675043,0.4218267993935625,0.10743847581368282,Pass
EOG77TBQD|Teleopsis_dalmanni|AHE_12_S18_merged_SPM|NODE_4325_length_598_cov_3.971209_S,0.16439112752750026,0.3348140374761285,0.07482935314916717,Pass
EOG77TBQD|Teleopsis_dalmanni|AHE_133_S17_merged_SPM|NODE_1072_length_1298_cov_32.131040_S,0.22510087062140657,0.4912727727781799,0.12678932186726877,Pass
EOG77TBQD|Bactrocera_dorsalis|AHE_271_S21_SPM|NODE_1032_length_1278_cov_46.540383_S,0.2259455270926293,0.4912727727781799,0.12678932186726877,Pass
EOG77TBQD|Teleopsis_dalmanni|AHE_135_S42_merged_SPM|NODE_1947_length_853_cov_15.668814_S,0.18676988488606278,0.4217332268370607,0.10782747603833864,Pass
EOG77TBQD|Teleopsis_dalmanni|AHE_136_S35_merged_SPM|NODE_1761_length_779_cov_21.891738_S,0.1650692295636225,0.3603958387478701,0.08572150509688403,Pass
EOG77TBQD|Teleopsis_dalmanni|AHE_137_S51_merged_SPM|NODE_921_length_718_cov_5.488300_S,0.17945482394023346,0.3438237002915331,0.07610984883853633,Pass
EOG77TBQD|Bactrocera_oleae|AHE_138_S13_merged_SPM|NODE_34210_length_1002_cov_16.804324_R,0.19045154853717156,0.41238991986240753,0.10419257948328076,Pass
EOG77TBQD|Glossina_morsitans|AHE_138_S13_merged_SPM_1|NODE_5067_length_522_cov_0.750562_S,0.1902934470411542,0.33455199349831827,0.07285729316706635,Pass
EOG77TBQD|Teleopsis_dalmanni|AHE_139_S14_merged_SPM|NODE_2720_length_818_cov_17.998650_S,0.18732380933666481,0.3754499781298601,0.08899567457231727,Pass
EOG77TBQD|Teleopsis_dalmanni|AHE_13_S26_merged_SPM|NODE_45678_length_748_cov_4.339791_R,0.17353516837218952,0.35099463931747565,0.0795145585556627,Pass
EOG77TBQD|Teleopsis_dalmanni|AHE_141_S15_merged_SPM|NODE_679_length_1288_cov_52.340215_S,0.20921638277869417,0.441374896075582,0.1128298912082133,Pass
EOG77TBQD|Hermetia_illucens|AHE_141_S15_merged_SPM_1|NODE_23997_length_363_cov_1.031469_S,0.2103457247613429,0.47353281853281864,0.11401780789535898,Pass
EOG77TBQD|Bactrocera_dorsalis|AHE_143_S57_merged_SPM|NODE_727_length_1158_cov_24.201665_S,0.17336486182337524,0.3633530459741674,0.08983025684168855,Pass
EOG77TBQD|Teleopsis_dalmanni|AHE_144_S36_merged_SPM|NODE_36353_length_1035_cov_22.317328_R,0.2062951231290554,0.44145724456562907,0.11028554116488676,Pass
EOG77TBQD|Teleopsis_dalmanni|AHE_146_S23_merged_SPM|NODE_128529_length_1042_cov_19.335751_R,0.2299497587859246,0.5173195524284505,0.13579037095854607,Pass
EOG77TBQD|Teleopsis_dalmanni|AHE_147_S43_merged_SPM|NODE_1345_length_921_cov_32.946682_S,0.2278382594130454,0.4732446735078919,0.1227048916294694,Pass
EOG77TBQD|Teleopsis_dalmanni|AHE_148_S53_merged_SPM|NODE_763_length_919_cov_17.763658_S,0.199359200803688,0.43669108023759173,0.11303231652068857,Pass
EOG77TBQD|Bactrocera_oleae|AHE_153_S15_merged_SPM|NODE_24391_length_928_cov_12.010576_R,0.19526243163010046,0.43669108023759173,0.11303231652068857,Pass
EOG77TBQD|Teleopsis_dalmanni|AHE_149_S61_merged_SPM|NODE_31100_length_1098_cov_15.047992_R,0.19197500236378462,0.39092023265475695,0.09830809564058851,Pass
EOG77TBQD|Glossina_morsitans|AHE_14_S48_merged_SPM|NODE_17927_length_505_cov_2.997664_R,0.18844353057682808,0.3586398467432952,0.07918263090676891,Pass
EOG77TBQD|Teleopsis_dalmanni|AHE_57_S9_merged_SPM|NODE_30581_length_521_cov_3.795045_R,0.17307640556750087,0.3586398467432952,0.07918263090676891,Pass
EOG77TBQD|Glossina_morsitans|AHE_275_S22_SPM|NODE_30910_length_459_cov_3.096859_S,0.17888138537149278,0.3586398467432952,0.07918263090676891,Pass
EOG77TBQD|Teleopsis_dalmanni|AHE_81_S53_merged_SPM|NODE_11865_length_559_cov_3.267635_R,0.17723587564713447,0.3586398467432952,0.07918263090676891,Pass
EOG77TBQD|Scaptodrosophila_lebanonensis|CNC482954_S16_SPM|NODE_669_length_547_cov_21.954762_S,0.16735601897136393,0.3586398467432952,0.07918263090676891,Pass
EOG77TBQD|Teleopsis_dalmanni|CNC566583_S21_SPM|NODE_3789_length_550_cov_32.475177_R,0.17602020928771703,0.3586398467432952,0.07918263090676891,Pass
EOG77TBQD|Teleopsis_dalmanni|CNC451885_S4_SPM|NODE_3030_length_496_cov_24.520325_R,0.17143518906908167,0.3586398467432952,0.07918263090676891,Pass
EOG77TBQD|Teleopsis_dalmanni|AHE_61_S61_merged_SPM|NODE_2781_length_532_cov_1.736264_S,0.17319611721756326,0.3586398467432952,0.07918263090676891,Pass
EOG77TBQD|Teleopsis_dalmanni|AHE_87_S41_merged_SPM|NODE_873_length_512_cov_0.777011_S,0.237927560805873,0.3586398467432952,0.07918263090676891,Pass
EOG77TBQD|Teleopsis_dalmanni|AHE_155_S16_merged_SPM|NODE_1135_length_512_cov_4.356322_S,0.17602020928771703,0.3586398467432952,0.07918263090676891,Pass
EOG77TBQD|Rhagoletis_pomonella|JSS50551_S55_SPM|NODE_913_length_518_cov_54.890026_S,0.19809087055154087,0.3586398467432952,0.07918263090676891,Pass
EOG77TBQD|Rhagoletis_pomonella|AHE_14_S48_merged_SPM_1|NODE_32288_length_236_cov_1.861635_R,0.16250339137043493,0.3049522199759167,0.05487798141826583,Pass
EOG77TBQD|Scaptodrosophila_lebanonensis|AHE_28_S11_merged_SPM|NODE_1637_length_808_cov_20.051984_S,0.18893131420351478,0.4038467717258262,0.10036173282042316,Pass
EOG77TBQD|Bactrocera_oleae|AHE_151_S53_merged_SPM|NODE_1930_length_817_cov_33.470270_S,0.1823996082015611,0.4038467717258262,0.10036173282042316,Pass
EOG77TBQD|Bactrocera_oleae|CNC866427_S83_SPM|NODE_516_length_825_cov_10.277937_R,0.17758332367281923,0.4038467717258262,0.10036173282042316,Pass
EOG77TBQD|Teleopsis_dalmanni|AHE_152_S44_merged_SPM|NODE_1318_length_1103_cov_19.238791_S,0.23310284328051506,0.4963497669897856,0.12714026607423345,Pass
EOG77TBQD|Teleopsis_dalmanni|AHE_156_S45_merged_SPM|NODE_9934_length_910_cov_17.186074_R,0.1802409633033156,0.4263614334402591,0.11116730503753014,Pass
EOG77TBQD|Teleopsis_dalmanni|JSM_5000_S11_SPM|NODE_928_length_616_cov_6.126789_S,0.17467616150138268,0.3292717447246526,0.07143592382913022,Pass
EOG77TBQD|Teleopsis_dalmanni|AHE_159_S64_merged_SPM|NODE_47300_length_599_cov_1.963602_R,0.1656960576605396,0.3292717447246526,0.07143592382913022,Pass
EOG77TBQD|Teleopsis_dalmanni|AHE_70_S45_merged_SPM|NODE_41412_length_628_cov_8.613430_R,0.17153378634230723,0.36604848063094425,0.08260595818007099,Pass
EOG77TBQD|Glossina_morsitans|AHE_15_S51_merged_SPM|NODE_22737_length_633_cov_5.066547_R,0.18377896894697834,0.36604848063094425,0.08260595818007099,Pass
EOG77TBQD|Teleopsis_dalmanni|AHE_39_S41_merged_SPM|NODE_1422_length_639_cov_2.521352_S,0.1811423923285432,0.36604848063094425,0.08260595818007099,Pass
EOG77TBQD|Teleopsis_dalmanni|AHE_281_S27_SPM|NODE_69578_length_651_cov_13.391986_R,0.18111835052793682,0.36604848063094425,0.08260595818007099,Pass
EOG77TBQD|Bactrocera_oleae|AHE_15_S51_merged_SPM_1|NODE_2195_length_849_cov_1.599741_S,0.29518851520420714,0.4059069437883797,0.12309872461029758,Pass
EOG77TBQD|Bactrocera_oleae|AHE_162_S18_merged_SPM|NODE_1591_length_917_cov_24.571429_S,0.19423005012095615,0.43579373192675586,0.11228956946041757,Pass
EOG77TBQD|Teleopsis_dalmanni|AHE_164_S19_merged_SPM|NODE_2595_length_785_cov_30.699153_S,0.19298151361907206,0.43883291529043633,0.11391461991208685,Pass
EOG77TBQD|Teleopsis_dalmanni|AHE_166_S24_merged_SPM|NODE_2072_length_919_cov_15.372922_S,0.22101188821365392,0.47028432111808693,0.11519032806202079,Pass
EOG77TBQD|Bactrocera_oleae|AHE_166_S24_merged_SPM_1|NODE_81722_length_239_cov_0.765432_S,0.2495923937724659,0.5239826302729527,0.1662531017369726,Pass
EOG77TBQD|Teleopsis_dalmanni|AHE_168_S70_merged_SPM|NODE_1568_length_1006_cov_28.546825_S,0.20183898959869534,0.41080685095499814,0.10378462208195027,Pass
EOG77TBQD|Rhagoletis_pomonella|AHE_169_S19_merged_SPM|NODE_1090_length_1477_cov_36.287143_S,0.2177782241967526,0.4376513626421863,0.10744514996253773,Pass
EOG77TBQD|Glossina_morsitans|AHE_16_S58_merged_SPM|NODE_6091_length_290_cov_0.638498_S,0.1778291827096153,0.35028248115272365,0.08114208414396884,Pass
EOG77TBQD|Glossina_morsitans|CNC1531678_S31_SPM|NODE_23963_length_301_cov_1002_AU,0.15653150812940428,0.35028248115272365,0.08114208414396884,Pass
EOG77TBQD|Teleopsis_dalmanni|AHE_193_S55_merged_SPM|NODE_719_length_997_cov_15.471739_S,0.20735970558422767,0.4210117878192535,0.10805500982318272,Pass
EOG77TBQD|Teleopsis_dalmanni|AHE_171_S44_merged_SPM|NODE_1309_length_1016_cov_29.411076_S,0.19417279396758605,0.4210117878192535,0.10805500982318272,Pass
EOG77TBQD|Teleopsis_dalmanni|AHE_179_S20_merged_SPM|NODE_1442_length_1037_cov_37.945833_S,0.1986123396514966,0.4210117878192535,0.10805500982318272,Pass
EOG77TBQD|Teleopsis_dalmanni|AHE_172_S16_merged_SPM|NODE_2124_length_1036_cov_45.491137_S,0.22021306251822506,0.5226328366444019,0.13782000598158084,Pass
EOG77TBQD|Teleopsis_dalmanni|AHE_173_S62_merged_SPM|NODE_786_length_1190_cov_21.655885_S,0.2359208140685599,0.5263777231681391,0.1405808125134086,Pass
EOG77TBQD|Teleopsis_dalmanni|AHE_175_S40_merged_SPM|NODE_1705_length_960_cov_23.306908_S,0.2124025953282155,0.4725349979697805,0.12266255744516608,Pass
EOG77TBQD|Teleopsis_dalmanni|JSBVM_8_S11_SPM|NODE_1574_length_553_cov_14.769953_S,0.1807672413562793,0.36741020921253476,0.08373739187692675,Pass
EOG77TBQD|Teleopsis_dalmanni|AHE_176_S44_merged_SPM|NODE_1506_length_579_cov_7.426295_S,0.1733991342806021,0.36741020921253476,0.08373739187692675,Pass
EOG77TBQD|Teleopsis_dalmanni|AHE_177_S46_merged_SPM|NODE_1253_length_838_cov_16.055191_S,0.19268033106073956,0.37086310080027685,0.08551370846943251,Pass
EOG77TBQD|Zeugodacus_cucurbitae|AHE_178_S61_merged_SPM|NODE_1278_length_727_cov_11.636923_S,0.16135341370059147,0.352594316104371,0.0810611430877819,Pass
EOG77TBQD|Glossina_morsitans|AHE_180_S71_merged_SPM|NODE_102987_length_654_cov_17163_A,0.17818033036931405,0.3598481628184073,0.08128705427983529,Pass
EOG77TBQD|Glossina_morsitans|AHE_182_S27_merged_SPM|NODE_1443_length_845_cov_33.705729_S,0.19702669523641492,0.43647242199165037,0.10898535556501421,Pass
EOG77TBQD|Bactrocera_oleae|AHE_183_S63_merged_SPM|NODE_10314_length_824_cov_9.854083_R,0.1877814040364898,0.36950514553767894,0.0853961602825104,Pass
EOG77TBQD|Teleopsis_dalmanni|AHE_185_S39_merged_SPM|NODE_1696_length_623_cov_5.630037_S,0.1619820956518505,0.32199593729342685,0.07126865491601975,Pass
EOG77TBQD|Scaptodrosophila_lebanonensis|AHE_186_S45_merged_SPM|NODE_1429_length_826_cov_16.360481_S,0.19270095917442437,0.36803712344747125,0.08505357265392943,Pass
EOG77TBQD|Teleopsis_dalmanni|AHE_188_S54_merged_SPM|NODE_1513_length_783_cov_23.437677_S,0.1685178202171537,0.3540472347820145,0.08211329003940848,Pass
EOG77TBQD|Teleopsis_dalmanni|AHE_190_S36_merged_SPM|NODE_2650_length_855_cov_19.901028_R,0.17973020880688828,0.42626348228043154,0.1109399075500771,Pass
EOG77TBQD|Glossina_morsitans|AHE_44_S31_merged_SPM|NODE_1378_length_865_cov_14.274112_S,0.17272453412648842,0.42626348228043154,0.1109399075500771,Pass
EOG77TBQD|Bactrocera_oleae|AHE_191_S25_merged_SPM|NODE_630_length_1435_cov_20.645803_S,0.22374137233744068,0.4802082724491984,0.12375246667724316,Pass
EOG77TBQD|Glossina_morsitans|AHE_191_S25_merged_SPM_1|NODE_80581_length_280_cov_0.729064_S,0.21561184610052045,0.39507763038890553,0.0933825746156165,Pass
EOG77TBQD|Teleopsis_dalmanni|AHE_194_S22_merged_SPM|NODE_89137_length_642_cov_10.201770_R,0.16440175929402295,0.3405590717299578,0.07573839662447257,Pass
EOG77TBQD|Glossina_morsitans|AHE_194_S22_merged_SPM_1|NODE_67095_length_324_cov_1.129555_R,0.17784079115792292,0.2460552888010169,0.04579155486513209,Pass
EOG77TBQD|Glossina_morsitans|AHE_196_S62_merged_SPM|NODE_11130_length_289_cov_0.575472_S,0.18616492175436758,0.3487590494611771,0.07966841668969327,Pass
EOG77TBQD|Teleopsis_dalmanni|AHE_197_S33_merged_SPM|NODE_456_length_1405_cov_26.835090_S,0.21151761935803337,0.4690366603093876,0.12053824962915871,Pass
EOG77TBQD|Bactrocera_oleae|AHE_199_S37_merged_SPM|NODE_1614_length_806_cov_10.869684_S,0.1743999205567184,0.35525576779148077,0.0819953792587289,Pass
EOG77TBQD|Teleopsis_dalmanni|CNC_Diptera74086_S47_SPM|NODE_1773_length_432_cov_1.626230_R,0.12040330884986246,0.2790254866448022,0.06291709497935938,Pass
EOG77TBQD|Glossina_morsitans|S_BOT_SPECIMEN337_S27_SPM|NODE_5342_length_362_cov_6.489362_R,0.12341367404164176,0.2790254866448022,0.06291709497935938,Pass
EOG77TBQD|Glossina_morsitans|JSM_3555_S6_SPM|NODE_1190_length_443_cov_38.658228_S,0.13061277018752349,0.2790254866448022,0.06291709497935938,Pass
EOG77TBQD|Glossina_morsitans|KMM1404_S64_SPM|NODE_1996_length_436_cov_8.831715_R,0.12040330884986246,0.2790254866448022,0.06291709497935938,Pass
EOG77TBQD|Teleopsis_dalmanni|JSM_4942_S10_SPM|NODE_32706_length_443_cov_21.145570_R,0.12171314042672553,0.2790254866448022,0.06291709497935938,Pass
EOG77TBQD|Teleopsis_dalmanni|AHE_200_S63_merged_SPM|NODE_1788_length_456_cov_4.168865_S,0.1279237954025777,0.2790254866448022,0.06291709497935938,Pass
EOG77TBQD|Teleopsis_dalmanni|AHE_201_S72_merged_SPM|NODE_1717_length_902_cov_37.927273_S,0.19107870830544785,0.4347164106581731,0.11234727252489451,Pass
EOG77TBQD|Teleopsis_dalmanni|AHE_202_S45_merged_SPM|NODE_1170_length_714_cov_7.489796_S,0.17583107189672836,0.3470553824145506,0.07684935440622809,Pass
EOG77TBQD|Teleopsis_dalmanni|AHE_203_S24_merged_SPM|NODE_1748_length_1006_cov_24.227126_S,0.22595706034634944,0.473356760524174,0.11877978865592731,Pass
EOG77TBQD|Teleopsis_dalmanni|AHE_203_S73_merged_SPM|NODE_1682_length_819_cov_6.532345_S,0.2024929609697739,0.4115383846461417,0.09534186325469818,Pass
EOG77TBQD|Rhagoletis_pomonella|AHE_204_S41_merged_SPM|NODE_957_length_1546_cov_131.847515_S,0.1923081334107571,0.3636483143126631,0.09366219092439954,Pass
EOG77TBQD|Teleopsis_dalmanni|AHE_205_S52_merged_SPM|NODE_29800_length_885_cov_5.837871_R,0.23027940685405665,0.44593098293325006,0.10291902229238503,Pass
EOG77TBQD|Rhagoletis_pomonella|AHE_205_S52_merged_SPM_1|NODE_33444_length_233_cov_1.403846_R,0.1737119151863541,0.2784755807311499,0.05100437928408219,Pass
EOG77TBQD|Teleopsis_dalmanni|AHE_206_S46_merged_SPM|NODE_3513_length_589_cov_1.072266_R,0.17298821919432214,0.34020694331016843,0.0752962386550996,Pass
EOG77TBQD|Teleopsis_dalmanni|AHE_207_S65_merged_SPM|NODE_2167_length_773_cov_6.244253_S,0.17092834451846114,0.42172306661320974,0.1075106491686918,Pass
EOG77TBQD|Glossina_morsitans|AHE_30_S57_merged_SPM|NODE_1592_length_790_cov_2.768583_S,0.18481947546195188,0.36257405947552873,0.08625946223180447,Pass
EOG77TBQD|Teleopsis_dalmanni|AHE_208_S54_merged_SPM|NODE_694_length_819_cov_5.900270_S,0.19984087901611658,0.36257405947552873,0.08625946223180447,Pass
EOG77TBQD|Bactrocera_oleae|AHE_209_S39_merged_SPM|NODE_1178_length_815_cov_12.551491_S,0.16880137088331562,0.35738935074058886,0.08250395175926462,Pass
EOG77TBQD|Glossina_morsitans|AHE_20_S56_merged_SPM|NODE_28269_length_789_cov_9.620787_R,0.18101590057616226,0.42861815860075625,0.11166377447036357,Pass
EOG77TBQD|Teleopsis_dalmanni|AHE_210_S53_merged_SPM|NODE_1363_length_821_cov_10.366935_S,0.16907053854396603,0.3625821949368462,0.08184935219818945,Pass
EOG77TBQD|Drosophila_ficusphila|JSM_7804_S15_SPM|NODE_7157_length_699_cov_3.115385_S,0.16998913234331858,0.3625821949368462,0.08184935219818945,Pass
EOG77TBQD|Glossina_morsitans|AHE_211_S38_merged_SPM|NODE_1930_length_652_cov_8.516522_S,0.18728142733662373,0.33930185195882756,0.07737931733701786,Pass
EOG77TBQD|Teleopsis_dalmanni|AHE_212_S47_merged_SPM|NODE_5968_length_516_cov_1.728929_R,0.19181124341817926,0.3440832813372303,0.07541624248793144,Pass
EOG77TBQD|Bactrocera_oleae|AHE_213_S29_merged_SPM|NODE_1521_length_873_cov_9.829146_S,0.192117577486175,0.4239609630668537,0.11096306685366997,Pass
EOG77TBQD|Teleopsis_dalmanni|AHE_215_S30_merged_SPM|NODE_1762_length_620_cov_2.200737_S,0.1636665304960613,0.349031540516689,0.07717815737617717,Pass
EOG77TBQD|Teleopsis_dalmanni|AHE_278_S24_SPM|NODE_1585_length_737_cov_14.006061_S,0.17452652024375281,0.3613295707095779,0.08011868303077052,Pass
EOG77TBQD|Glossina_morsitans|AHE_220_S54_merged_SPM|NODE_13750_length_681_cov_12.089404_R,0.1828752613170749,0.3613295707095779,0.08011868303077052,Pass
EOG77TBQD|Teleopsis_dalmanni|AHE_22_S34_merged_SPM|NODE_1398_length_795_cov_15.601671_S,0.1951805665847566,0.4310450706895689,0.11186304998696539,Pass
EOG77TBQD|Glossina_morsitans|AHE_24_S40_merged_SPM|NODE_1630_length_707_cov_4.185714_S,0.18045462268406212,0.3420116213659261,0.07731596307755251,Pass
EOG77TBQD|Teleopsis_dalmanni|AHE_250_S55_merged_SPM|NODE_1503_length_638_cov_26.090909_S,0.15555730674053908,0.33181880344890335,0.07464797825946601,Pass
EOG77TBQD|Glossina_morsitans|AHE_251_S46_merged_SPM|NODE_1451_length_892_cov_8.436810_S,0.1927858496326337,0.3812183414918978,0.09044377889362698,Pass
EOG77TBQD|Zeugodacus_cucurbitae|AHE_252_S17_SPM|NODE_1466_length_910_cov_36.457383_S,0.18988380932320484,0.4195238718116416,0.10782210595160235,Pass
EOG77TBQD|Teleopsis_dalmanni|AHE_253_S20_SPM|NODE_1697_length_851_cov_17.344961_S,0.1802093579870371,0.43152125107864214,0.11337443142761028,Pass
EOG77TBQD|Rhagoletis_pomonella|AHE_254_S17_SPM|NODE_1450_length_897_cov_27.087805_S,0.20970123163152912,0.4685801977200644,0.12147744724190335,Pass
EOG77TBQD|Teleopsis_dalmanni|AHE_255_S18_SPM|NODE_126485_length_937_cov_21.579070_R,0.2089114058767313,0.48084907561538615,0.120760207121972,Pass
EOG77TBQD|Drosophila_melanogaster|AHE_256_S19_SPM|NODE_47363_length_925_cov_12.002358_R,0.18352587295127396,0.40532573850948533,0.10095968745314021,Pass
EOG77TBQD|Teleopsis_dalmanni|AHE_257_S20_SPM|NODE_1669_length_695_cov_27.572816_S,0.16120075062825007,0.3801870928915321,0.09286675162843383,Pass
EOG77TBQD|Hermetia_illucens|AHE_258_S17_SPM_1|NODE_180833_length_229_cov_0.973684_S,0.16408973256444687,0.23932849082589186,0.064418676973655,Pass
EOG77TBQD|Scaptodrosophila_lebanonensis|AHE_260_S19_SPM|NODE_985_length_923_cov_24.945626_S,0.1881459580441535,0.4449343713198526,0.11716701877725899,Pass
EOG77TBQD|Teleopsis_dalmanni|AHE_261_S18_SPM|NODE_26662_length_701_cov_5.496795_R,0.16401690749896053,0.356923347893476,0.08285190925743269,Pass
EOG77TBQD|Teleopsis_dalmanni|AHE_262_S21_SPM|NODE_2161_length_674_cov_11.994975_S,0.15899489005755935,0.349297352342159,0.07942973523421593,Pass
EOG77TBQD|Teleopsis_dalmanni|AHE_263_S22_SPM|NODE_1660_length_741_cov_6.459337_S,0.17710785491681164,0.350465267937653,0.07905287904160763,Pass
EOG77TBQD|Teleopsis_dalmanni|AHE_264_S21_SPM|NODE_1310_length_1025_cov_26.022152_S,0.20422364212825578,0.4412119615990052,0.11035154628750643,Pass
EOG77TBQD|Teleopsis_dalmanni|AHE_264_S21_SPM_1|NODE_70664_length_1090_cov_21.618954_R,0.1834819831614745,0.3953633588460832,0.09919142212368248,Pass
EOG77TBQD|Teleopsis_dalmanni|AHE_265_S23_SPM|NODE_112429_length_856_cov_22.459564_R,0.22743034308858767,0.4435388666354893,0.10170826712987302,Pass
EOG77TBQD|Zeugodacus_cucurbitae|AHE_266_S26_SPM|NODE_1333_length_1527_cov_62.003448_S,0.20152846226063656,0.4503783420344882,0.11766650846385063,Pass
EOG77TBQD|Musca_domestica|AHE_267_S19_SPM_1|NODE_35586_length_276_cov_1.115578_R,0.18002321044008257,0.3914361364789445,0.09249746321664121,Pass
EOG77TBQD|Teleopsis_dalmanni|AHE_268_S20_SPM|NODE_3781_length_359_cov_0.936170_R,0.2121387441373914,0.43023679518609315,0.10067974147537329,Pass
EOG77TBQD|Bactrocera_oleae|AHE_269_S23_SPM|NODE_1369_length_935_cov_10.332168_S,0.17571297929800248,0.3966234995463124,0.09778971379025259,Pass
EOG77TBQD|Hermetia_illucens|AHE_269_S23_SPM_1|NODE_20082_length_275_cov_0.747475_S,0.1523207875919188,0.2558534962522693,0.043960902856608364,Pass
EOG77TBQD|Musca_domestica|AHE_270_S22_SPM|NODE_60471_length_743_cov_21.153153_R,0.16882607513037715,0.3679768138184225,0.08759441485360053,Pass
EOG77TBQD|Glossina_morsitans|CNC944366_S48_SPM|NODE_957_length_736_cov_28.617406_g928_i0_R,0.16028743293277992,0.3509379921833985,0.08030683077641021,Pass
EOG77TBQD|Glossina_morsitans|AHE_272_S22_SPM|NODE_106626_length_729_cov_19.296012_R,0.16014018995488513,0.3509379921833985,0.08030683077641021,Pass
EOG77TBQD|Bactrocera_oleae|AHE_273_S20_SPM|NODE_10676_length_844_cov_30.825293_R,0.188582508647693,0.4267748240813134,0.1102423768569194,Pass
EOG77TBQD|Zeugodacus_cucurbitae|AHE_274_S21_SPM|NODE_1034_length_940_cov_10.220162_S,0.1935130828701535,0.3554503049651558,0.07587483385299565,Pass
EOG77TBQD|Scaptodrosophila_lebanonensis|Sample_655211_S1_SPM|NODE_2572_length_838_cov_52.188467_S,0.20520421014119888,0.3554503049651558,0.07587483385299565,Pass
EOG77TBQD|Rhagoletis_pomonella|AHE_275_S22_SPM_1|NODE_98318_length_349_cov_1.073529_R,0.13800687750739893,0.2973540086849438,0.06270011018212451,Pass
EOG77TBQD|Zeugodacus_cucurbitae|AHE_277_S24_SPM_1|NODE_47406_length_273_cov_0.755102_S,0.09621123845195052,0.17571187449338693,0.0428376478796646,Pass
EOG77TBQD|Teleopsis_dalmanni|AHE_279_S25_SPM|NODE_60397_length_746_cov_34.596413_R,0.1701447863066215,0.41852035821900013,0.10793297542024205,Pass
EOG77TBQD|Teleopsis_dalmanni|AHE_280_S24_SPM|NODE_78108_length_764_cov_20.487627_R,0.17463380130679398,0.3749016245644117,0.09087155535976776,Pass
EOG77TBQD|Bactrocera_oleae|AHE_283_S23_SPM|NODE_357052_length_595_cov_18456_A,0.18516620105993756,0.35251515151515167,0.08000000000000007,Pass
EOG77TBQD|Glossina_morsitans|AHE_32_S40_merged_SPM|NODE_1249_length_823_cov_2.175603_S,0.23986821853248783,0.4907460615370843,0.11848361671487051,Pass
EOG77TBQD|Teleopsis_dalmanni|AHE_33_S59_merged_SPM|NODE_1547_length_549_cov_4.919492_S,0.18631646393849935,0.35634803921568614,0.0808823529411764,Pass
EOG77TBQD|Teleopsis_dalmanni|AHE_34_S58_merged_SPM|NODE_113057_length_603_cov_5527_A,0.18688496299770094,0.3783907476963534,0.08527499698784136,Pass
EOG77TBQD|Teleopsis_dalmanni|AHE_36_S19_merged_SPM|NODE_67524_length_980_cov_6.425249_R,0.22013933345690556,0.5041451871599365,0.13043104297327446,Pass
EOG77TBQD|Glossina_morsitans|AHE_37_S59_merged_SPM|NODE_5391_length_306_cov_0.659389_S,0.18610222087566372,0.33270608324643886,0.07919030354050871,Pass
EOG77TBQD|Glossina_morsitans|AHE_38_S66_merged_SPM|NODE_4200_length_426_cov_1.498567_S,0.14038210832493483,0.2932262534989483,0.069008530224276,Pass
EOG77TBQD|Teleopsis_dalmanni|AHE_3_S23_merged_SPM|NODE_18351_length_950_cov_12.040092_R,0.21770425565766324,0.5259106017567078,0.13842995584917706,Pass
EOG77TBQD|Teleopsis_dalmanni|AHE_40_S58_merged_SPM|NODE_4539_length_395_cov_1.770440_S,0.23397550644903709,0.29478991596638654,0.06614645858343338,Pass
EOG77TBQD|Glossina_morsitans|AHE_43_S48_merged_SPM|NODE_567_length_704_cov_2.990431_S,0.18247484403722197,0.35287378544238124,0.08143328586732401,Pass
EOG77TBQD|Scaptodrosophila_lebanonensis|AHE_45_S33_merged_SPM|NODE_1282_length_721_cov_6.240683_S,0.17662337399372824,0.353668496402344,0.07951932349232249,Pass
EOG77TBQD|Teleopsis_dalmanni|AHE_47_S27_merged_SPM|NODE_909_length_1147_cov_8.794393_S,0.25359979561407703,0.5295370287047756,0.13770794505881223,Pass
EOG77TBQD|Teleopsis_dalmanni|AHE_48_S52_merged_SPM|NODE_3529_length_689_cov_4.171569_S,0.18826265619747826,0.4301236314592478,0.11166499180197809,Pass
EOG77TBQD|Bactrocera_oleae|AHE_49_S59_merged_SPM|NODE_1131_length_832_cov_4.104636_S,0.19186983659611073,0.42462431514939714,0.10767388652110466,Pass
EOG77TBQD|Teleopsis_dalmanni|AHE_4_S10_merged_SPM|NODE_54318_length_762_cov_7.703650_R,0.17330979376546535,0.42592862688553673,0.1098768855368234,Pass
EOG77TBQD|Hermetia_illucens|AHE_4_S10_merged_SPM_1|NODE_75130_length_296_cov_1.374429_S,0.14888690376441244,0.2553444930852651,0.04431328794576228,Pass
EOG77TBQD|Teleopsis_dalmanni|AHE_50_S50_merged_SPM|NODE_1156_length_830_cov_5.084993_S,0.1715777969916286,0.3974798218130712,0.09937789295890864,Pass
EOG77TBQD|Glossina_morsitans|AHE_52_S1_merged_SPM|NODE_4131_length_479_cov_4.728856_S,0.18710503911290932,0.3609125964010283,0.07969151670951158,Pass
EOG77TBQD|Teleopsis_dalmanni|AHE_52_S1_merged_SPM_1|NODE_33387_length_248_cov_0.865497_R,0.35389150320968643,0.6495609531792044,0.15510116178901545,Pass
EOG77TBQD|Teleopsis_dalmanni|JSM_10611_S9_SPM|NODE_14974_length_1120_cov_96.578046_R,0.21898476210716852,0.5208366739754747,0.13785224395177653,Pass
EOG77TBQD|Teleopsis_dalmanni|AHE_53_S32_merged_SPM|NODE_630_length_1137_cov_10.569811_S,0.24310835604327763,0.5208366739754747,0.13785224395177653,Pass
EOG77TBQD|Teleopsis_dalmanni|CAJMZT01.1_1|CAJMZT010000089.1_1215,0.2589088685505113,0.5208366739754747,0.13785224395177653,Pass
EOG77TBQD|Hermetia_illucens|AHE_131_S8_merged_SPM|NODE_1089_length_1063_cov_70.888438_S,0.20831144196178872,0.5208366739754747,0.13785224395177653,Pass
EOG77TBQD|Hermetia_illucens|AHE_54_S60_merged_SPM|NODE_1159_length_1172_cov_14.071233_S,0.22323330476348757,0.4708810791684285,0.11970008276323274,Pass
EOG77TBQD|Rhagoletis_pomonella|AHE_54_S60_merged_SPM_1|NODE_139097_length_235_cov_0.778481_R,0.1326744205127049,0.2768204488778055,0.04987531172069826,Pass
EOG77TBQD|Teleopsis_dalmanni|AHE_55_S43_merged_SPM|NODE_573_length_1078_cov_10.001998_S,0.22528543089174882,0.4708376137450485,0.1173836243290105,Pass
EOG77TBQD|Teleopsis_dalmanni|AHE_56_S48_merged_SPM|NODE_27816_length_1014_cov_9.271078_R,0.22529652574139813,0.5043592174835941,0.13053186292030372,Pass
EOG77TBQD|Scaptodrosophila_lebanonensis|AHE_58_S43_merged_SPM|NODE_4074_length_515_cov_5.442922_S,0.19377756274532304,0.38454936360509107,0.09047127622979012,Pass
EOG77TBQD|Bactrocera_dorsalis|AHE_5_S56_merged_SPM|NODE_1584_length_473_cov_3.654040_S,0.20372947964227778,0.3836152808358566,0.08558283719819759,Pass
EOG77TBQD|Bactrocera_oleae|AHE_60_S67_merged_SPM|NODE_18121_length_284_cov_0.995169_R,0.1844711955668029,0.43863522412301614,0.13173737266740815,Pass
EOG77TBQD|Stomoxys_calcitrans|AHE_60_S67_merged_SPM_1|NODE_96665_length_306_cov_1.196507_R,0.17011917156010817,0.32672897196261685,0.07409879839786382,Pass
EOG77TBQD|Teleopsis_dalmanni|AHE_63_S36_merged_SPM|NODE_18002_length_974_cov_7.917503_R,0.1884770827813293,0.4220335057497807,0.10767884357825708,Pass
EOG77TBQD|Contarinia_nasturtii|AHE_64_S44_merged_SPM_1|NODE_59373_length_276_cov_0.673367_S,0.16549980696243874,0.26858075927353214,0.05100689709689532,Pass
EOG77TBQD|Hermetia_illucens|AHE_64_S44_merged_SPM_2|NODE_51490_length_280_cov_1.492611_R,0.15658160541467922,0.2464002215305408,0.07017196462936948,Pass
EOG77TBQD|Teleopsis_dalmanni|AHE_65_S28_merged_SPM|NODE_13976_length_723_cov_1.182663_R,0.157133108053974,0.35371311058344646,0.08179274084124832,Pass
EOG77TBQD|Teleopsis_dalmanni|AHE_66_S68_merged_SPM|NODE_2832_length_636_cov_12.391771_S,0.15247006587221754,0.3316202338775611,0.07603622129177712,Pass
EOG77TBQD|Teleopsis_dalmanni|AHE_67_S40_merged_SPM|NODE_1531_length_492_cov_1.308434_S,0.12166078527490613,0.27776207989956225,0.06565880118465106,Pass
EOG77TBQD|Scaptodrosophila_lebanonensis|AHE_68_S60_merged_SPM|NODE_982_length_913_cov_4.151914_S,0.212571201093172,0.4705678308386791,0.12200047517224999,Pass
EOG77TBQD|Teleopsis_dalmanni|AHE_69_S34_merged_SPM|NODE_1526_length_557_cov_6.629167_S,0.17465342945857418,0.37256639058699803,0.08406578959724298,Pass
EOG77TBQD|Glossina_morsitans|AHE_6_S42_merged_SPM|NODE_16103_length_388_cov_3.684887_S,0.21439815510263807,0.44840239601701076,0.10223524530650352,Pass
EOG77TBQD|Teleopsis_dalmanni|AHE_72_S37_merged_SPM|NODE_43670_length_891_cov_4.584767_R,0.20746251466892632,0.4322186839407382,0.1097184798091142,Pass
EOG77TBQD|Scaptodrosophila_lebanonensis|AHE_74_S51_merged_SPM|NODE_25384_length_261_cov_0.804348_R,0.2207180334531593,0.5213461890922421,0.16426570313931876,Pass
EOG77TBQD|Teleopsis_dalmanni|AHE_76_S32_merged_SPM|NODE_1398_length_820_cov_39.405114_S,0.18079938768266987,0.431224256307983,0.11127626253542144,Pass
EOG77TBQD|Teleopsis_dalmanni|AHE_77_S24_merged_SPM|NODE_8832_length_724_cov_5.415765_R,0.1738749219924035,0.3406524993761955,0.07538442475052065,Pass
EOG77TBQD|Bactrocera_oleae|AHE_77_S24_merged_SPM_1|NODE_23892_length_237_cov_0.925000_R,0.18753593098713506,0.5358375634517766,0.1700507614213198,Pass
EOG77TBQD|Zeugodacus_cucurbitae|AHE_78_S12_merged_SPM_1|NODE_48633_length_273_cov_0.755102_S,0.16671850201195954,0.1665044247787612,0.04424778761061954,Fail
EOG77TBQD|Scaptodrosophila_lebanonensis|AHE_79_S46_merged_SPM|NODE_2653_length_639_cov_5.316726_S,0.16803598696945193,0.3640902153212504,0.08218975242156668,Pass
EOG77TBQD|Zeugodacus_cucurbitae|AHE_7_S39_merged_SPM|NODE_365_length_1107_cov_5.957282_S,0.20455976249577115,0.3777519906045249,0.09369887145911804,Pass
EOG77TBQD|Teleopsis_dalmanni|AHE_80_S13_merged_SPM|NODE_2254_length_612_cov_7.953271_S,0.1588735148640343,0.34230291744258223,0.07702023081113263,Pass
EOG77TBQD|Teleopsis_dalmanni|AHE_82_S29_merged_SPM|NODE_1638_length_693_cov_3.938312_S,0.1843825720108471,0.3473747099380643,0.07772407806213577,Pass
EOG77TBQD|Teleopsis_dalmanni|AHE_84_S14_merged_SPM|NODE_9942_length_814_cov_9.476255_R,0.18906918818477872,0.43851408563111066,0.11630685114760075,Pass
EOG77TBQD|Teleopsis_dalmanni|AHE_85_S54_merged_SPM|NODE_1064_length_826_cov_3.967957_S,0.19155575525300786,0.42384211718142345,0.1081354969106153,Pass
EOG77TBQD|Teleopsis_dalmanni|AHE_89_S15_merged_SPM|NODE_30379_length_789_cov_13.554775_R,0.1836329942895547,0.363672324715667,0.08103511776107952,Pass
EOG77TBQD|Teleopsis_dalmanni|AHE_8_S50_merged_SPM|NODE_94005_length_816_cov_11.346414_R,0.17524894828034723,0.3706052971128557,0.08496962377034845,Pass
EOG77TBQD|Teleopsis_dalmanni|AHE_90_S49_merged_SPM|NODE_983_length_925_cov_12.314858_S,0.22080992379327039,0.4897281579027289,0.12431779582816471,Pass
EOG77TBQD|Glossina_morsitans|AHE_91_S2_merged_SPM|NODE_1823_length_938_cov_31.881533_S,0.2201472458794563,0.49060466062296615,0.1228091585309159,Pass
EOG77TBQD|Glossina_morsitans|AHE_92_S10_merged_SPM|NODE_1207_length_762_cov_3.918248_S,0.1900446348837329,0.4010822468703378,0.09983413486040449,Pass
EOG77TBQD|Glossina_morsitans|AHE_93_S36_merged_SPM|NODE_9010_length_246_cov_0.940828_R,0.17534840596944348,0.38422631479020314,0.09062084678184923,Pass
EOG77TBQD|Teleopsis_dalmanni|AHE_94_S37_merged_SPM|NODE_1976_length_591_cov_7.070039_S,0.17445819573311658,0.35506157635467983,0.08004926108374388,Pass
EOG77TBQD|Glossina_morsitans|AHE_95_S21_merged_SPM|NODE_1051_length_1226_cov_22.015666_S,0.23743568999000694,0.5261818181818182,0.14,Pass
EOG77TBQD|Teleopsis_dalmanni|AHE_99_S33_merged_SPM|NODE_943_length_992_cov_7.442623_S,0.20536903906718396,0.47440491083966474,0.12448343904671944,Pass
EOG77TBQD|Teleopsis_dalmanni|AHE_277_S24_SPM|NODE_2010_length_914_cov_32.816010_S,0.22759173448469278,0.47440491083966474,0.12448343904671944,Pass
EOG77TBQD|Bactrocera_oleae|AHE_78_S12_merged_SPM|NODE_1838_length_977_cov_19.264444_S,0.21430232987180028,0.47440491083966474,0.12448343904671944,Pass
EOG77TBQD|Glossina_morsitans|AHE_9_S57_merged_SPM|NODE_1337_length_475_cov_1.542714_S,0.21066955842559987,0.4029003155595111,0.09037948054049671,Pass
EOG77TBQD|Glossina_morsitans|AusMusK407292_S60_SPM|NODE_2074_length_161_cov_304_AU,0.24339264601689578,0.48250247551985925,0.10997909561007813,Pass
EOG77TBQD|Glossina_morsitans|CNC106372_S63_SPM|NODE_249_length_163_cov_285_A,0.21329732983926553,0.48250247551985925,0.10997909561007813,Pass
EOG77TBQD|Teleopsis_dalmanni|CNC102312_S62_SPM|NODE_8856_length_238_cov_866_A,0.1946365365537041,0.4188855438325139,0.09869082472518365,Pass
EOG77TBQD|Teleopsis_dalmanni|CNC1042823_S29_SPM|NODE_1217_length_587_cov_15.054348_R,0.16857373903865885,0.3395299760191846,0.07438848920863306,Pass
EOG77TBQD|Teleopsis_dalmanni|CNC1059087_S66_SPM|NODE_643_length_841_cov_24.331933_S,0.1694787618423157,0.4293667364529697,0.11200278885058124,Pass
EOG77TBQD|Glossina_morsitans|CNC571880_S96_SPM|NODE_484_length_574_cov_1.476510_R,0.17015518021203094,0.3600046549591256,0.0804045350779865,Pass
EOG77TBQD|Teleopsis_dalmanni|CNC1059123_S33_SPM|NODE_403_length_571_cov_16.011261_S,0.17450867931174524,0.3600046549591256,0.0804045350779865,Pass
EOG77TBQD|Glossina_morsitans|CNC1584451_S52_SPM|NODE_369_length_492_cov_1.860274_R,0.1510027956011871,0.305033167495854,0.06898839137645107,Pass
EOG77TBQD|Glossina_morsitans|CNC254465_S69_SPM|NODE_9575_length_201_cov_476_AU,0.1436290647885914,0.4199758940456614,0.1097128538989004,Pass
EOG77TBQD|Teleopsis_dalmanni|CNC254466_S52_SPM|NODE_10275_length_368_cov_6134_A,0.20543619926985368,0.43411253976670194,0.10355112078107287,Pass
EOG77TBQD|Hermetia_illucens|CNC451875_S3_SPM|NODE_1904_length_695_cov_24.647887_R,0.16584422916030145,0.40472060252672504,0.10325558794946554,Pass
EOG77TBQD|Scaptodrosophila_lebanonensis|CNC457392_S6_SPM|NODE_246_length_477_cov_16.682857_R,0.17298798260943551,0.36838582677165366,0.0813648293963255,Pass
EOG77TBQD|Teleopsis_dalmanni|CNC457400_S90_SPM|NODE_455_length_612_cov_9.175258_S,0.17232609028545348,0.37083683318597105,0.08434644857058649,Pass
EOG77TBQD|Teleopsis_dalmanni|CNC566754_S93_SPM|NODE_2224_length_891_cov_2.981675_R,0.18358526476418893,0.37083683318597105,0.08434644857058649,Pass
EOG77TBQD|Drosophila_ficusphila|CNC457410_S40_SPM|NODE_60767_length_107_cov_154_AU,0.07526871997615896,0.3363194444444446,0.10972222222222228,Pass
EOG77TBQD|Teleopsis_dalmanni|CNC457425_S9_SPM|NODE_1238_length_369_cov_7.008264_R,0.20318198255118525,0.4136156548591374,0.09672402604667807,Pass
EOG77TBQD|Hermetia_illucens|CNC457425_S9_SPM_1|NODE_109820_length_221_cov_382_AU,0.12939193102857763,0.17683934245061472,0.0422848459732007,Pass
EOG77TBQD|Glossina_morsitans|CNC464825_S42_SPM|NODE_60708_length_128_cov_196_AU,0.18814250198944002,0.5800000000000002,0.16666666666666674,Pass
EOG77TBQD|Teleopsis_dalmanni|CNC464828_S13_SPM|NODE_553_length_544_cov_26.642686_S,0.15944897272183814,0.3379043964174568,0.07402166684420086,Pass
EOG77TBQD|Glossina_morsitans|CNC468289_S15_SPM|NODE_1192_length_339_cov_6.084906_R,0.1359462772775921,0.28732891613924055,0.06485363924050636,Pass
EOG77TBQD|Glossina_morsitans|JSS_42618_S57_SPM|NODE_1178_length_354_cov_2.167401_R,0.12577058331018312,0.2914402856176215,0.06581313769832087,Pass
EOG77TBQD|Glossina_morsitans|CNC482858_S92_SPM|NODE_1187_length_368_cov_3.456432_R,0.16244504488650088,0.2914402856176215,0.06581313769832087,Pass
EOG77TBQD|Hermetia_illucens|CNC482918_S17_SPM|NODE_869_length_200_cov_2.383562_R,0.20918969699700377,0.42569064524890377,0.0997477980832654,Pass
EOG77TBQD|Hermetia_illucens|CNC484244_S9_SPM|NODE_13164_length_137_cov_214_AU,0.12763618276567254,0.36223529411764704,0.12420168067226889,Pass
EOG77TBQD|Bactrocera_dorsalis|CNC485277_S24_SPM|NODE_32277_length_117_cov_261_A,0.05467212727933043,0.12026548672566362,0.03982300884955747,Pass
EOG77TBQD|Hermetia_illucens|CNC485506_S88_SPM|NODE_4733_length_139_cov_218_A,0.21289655018313886,0.40646198830409347,0.09941520467836251,Pass
EOG77TBQD|Rhagoletis_pomonella|CNC485567_S78_SPM|NODE_66346_length_217_cov_374_AU,0.3074025237021956,0.43290028732910224,0.10108300969341033,Pass
EOG77TBQD|Hermetia_illucens|CNC485641_S95_SPM|NODE_28216_length_260_cov_460_A,0.19073407557242056,0.4035490262094684,0.1033228012016989,Pass
EOG77TBQD|Hermetia_illucens|CNC485774_S81_SPM|NODE_58162_length_134_cov_208_AU,0.21175335742444137,0.3747964449541284,0.11267201834862384,Pass
EOG77TBQD|Glossina_morsitans|CNC566616_S95_SPM|NODE_902_length_762_cov_7.340157_S,0.166963727072684,0.3605727417658833,0.08504460499983046,Pass
EOG77TBQD|Teleopsis_dalmanni|CNC569384_S19_SPM|NODE_3235_length_689_cov_20.330961_R,0.1627864576272634,0.3467294432926604,0.0767747585210038,Pass
EOG77TBQD|Teleopsis_dalmanni|CNC590648_S22_SPM|NODE_2232_length_270_cov_2.811189_R,0.1781800493295682,0.36147889942368483,0.0836586726157279,Pass
EOG77TBQD|Teleopsis_dalmanni|CNC590663_S23_SPM|NODE_23099_length_148_cov_236_AU,0.18182310258735274,0.5396399085950169,0.14790653103346596,Pass
EOG77TBQD|Glossina_morsitans|CNC611910_S25_SPM|NODE_2092_length_124_cov_373_AU,0.21340946591006724,0.6147309483332103,0.17510532929263067,Pass
EOG77TBQD|Scaptodrosophila_lebanonensis|CNC684456_S45_SPM|NODE_101775_length_119_cov_178_AU,0.2257410192379851,0.6077102516881523,0.18704726826273788,Pass
EOG77TBQD|Glossina_morsitans|CNC_Dip101676_S59_SPM|NODE_1173_length_159_cov_1288_AU,0.21199666797541242,0.48448012305917415,0.11212325145411717,Pass
EOG77TBQD|Glossina_morsitans|CNC_Dip103096_S49_SPM|NODE_24115_length_187_cov_314_AU,0.19348007081587604,0.40977207977207974,0.09249435111504078,Pass
EOG77TBQD|Glossina_morsitans|CNC_Dip183103_S71_SPM|NODE_6583_length_151_cov_524_A,0.2449608205836119,0.5270823735116983,0.11842580000555081,Pass
EOG77TBQD|Glossina_morsitans|CNC_Diptera103008_S86_SPM|NODE_115046_length_132_cov_204_AU,0.18169177476874612,0.4369617269984917,0.10228129713423828,Pass
EOG77TBQD|Glossina_morsitans|CNC_Diptera232480_S46_SPM|NODE_1413_length_217_cov_2.733333_R,0.19182490174981365,0.41840520833333344,0.09752083333333339,Pass
EOG77TBQD|Teleopsis_dalmanni|CNC_Diptera246675_S43_SPM|NODE_257_length_1118_cov_16.262361_S,0.19830449589903082,0.403365484450267,0.09832047734270899,Pass
EOG77TBQD|Teleopsis_dalmanni|CNC_Diptera50238_S49_SPM|NODE_1891_length_383_cov_3.675781_R,0.13514509730682012,0.28553927887808117,0.06443611078557754,Pass
EOG77TBQD|Glossina_morsitans|G0464_S50_SPM|NODE_374_length_215_cov_2.659091_R,0.18612596163645007,0.4116793893129772,0.09796437659033086,Pass
EOG77TBQD|Glossina_morsitans|INBIOCRI001146849_S51_SPM|NODE_1072_length_233_cov_3.433962_R,0.18886232871171243,0.40070554717613555,0.09410088821853535,Pass
EOG77TBQD|Glossina_morsitans|JSBVM0060_S56_SPM|NODE_53000_length_305_cov_2046_AU,0.1417735964343546,0.3251058804159225,0.07368567701407092,Pass
EOG77TBQD|Teleopsis_dalmanni|JSBVM_26_S2_SPM|NODE_961_length_1085_cov_108.421712_S,0.17382433886585608,0.3627788439058087,0.08882656682912482,Pass
EOG77TBQD|Teleopsis_dalmanni|JSBVM_75_S7_SPM|NODE_291_length_1012_cov_5.001130_S,0.23039787727722116,0.4473558228926003,0.09925668088166939,Pass
EOG77TBQD|Teleopsis_dalmanni|JSM13170_S54_SPM|NODE_393_length_568_cov_27.002268_g392_i0_R,0.19494990127401474,0.35908413314274046,0.08305376469558623,Pass
EOG77TBQD|Glossina_morsitans|JSM4882_S65_SPM|NODE_26116_length_311_cov_2918_AU,0.24091879664067725,0.49914768538526066,0.11876223402903119,Pass
EOG77TBQD|Teleopsis_dalmanni|JSM5576_S67_SPM|NODE_11979_length_270_cov_4109_AU,0.16354983903490336,0.38087347900322027,0.08861656832868658,Pass
EOG77TBQD|Glossina_morsitans|JSM_10050_S14_SPM|NODE_721_length_699_cov_4.937063_R,0.21084250903584761,0.4347753015715843,0.1143429653368302,Pass
EOG77TBQD|Teleopsis_dalmanni|JSM_10051_S8_SPM|NODE_2268_length_438_cov_7.620579_S,0.1909583744651949,0.3740877515578711,0.08785371335172132,Pass
EOG77TBQD|Glossina_morsitans|JSM_10502_S4_SPM|NODE_10795_length_304_cov_4.016949_R,0.14147059228682132,0.3148893323657476,0.07180696661828745,Pass
EOG77TBQD|Teleopsis_dalmanni|JSM_10507_S12_SPM|NODE_7833_length_983_cov_19.920561_R,0.22934829394261577,0.48711249096276654,0.11758032379116246,Pass
EOG77TBQD|Lucilia_sericata|JSM_10540_S15_SPM|NODE_114338_length_765_cov_1.172414_R,0.18662699897687826,0.4696177599681307,0.10877136116372488,Pass
EOG77TBQD|Teleopsis_dalmanni|JSM_10551_S1_SPM|NODE_21709_length_666_cov_29.751391_R,0.16689138325202288,0.34597964658607133,0.07783290989593095,Pass
EOG77TBQD|Teleopsis_dalmanni|JSM_10605_S1_SPM|NODE_31302_length_396_cov_2.215613_R,0.223421954057674,0.549357417066312,0.1624893525163067,Pass
EOG77TBQD|Glossina_morsitans|JSM_10609_S2_SPM|NODE_7866977_length_356_cov_940_AU,0.22753713121837188,0.2850271475425946,0.05953542078691021,Pass
EOG77TBQD|Teleopsis_dalmanni|JSM_10636_S14_SPM|NODE_2797_length_741_cov_76.309446_R,0.18002835390989055,0.3669932278330891,0.08698448513894042,Pass
EOG77TBQD|Hermetia_illucens|JSM_10699_S3_SPM|NODE_1646903_length_358_cov_1201_AU,0.17362199571576573,0.32399047584294255,0.06819077506933291,Pass
EOG77TBQD|Hermetia_illucens|JSM_10699_S3_SPM_1|NODE_209364_length_518_cov_1.112532_R,0.21503581981557296,0.5270775233298384,0.1389762635022358,Pass
EOG77TBQD|Teleopsis_dalmanni|JSM_10699_S3_SPM_2|NODE_270385_length_295_cov_2.154762_R,0.29223455965426676,0.5536731236414781,0.13221455056898102,Pass
EOG77TBQD|Drosophila_ficusphila|JSM_10699_S3_SPM_3|NODE_107598_length_221_cov_2.382979_R,0.23801321085452753,0.3049656160458454,0.07682357756856328,Pass
EOG77TBQD|Rhagoletis_pomonella|JSM_11142_S4_SPM|NODE_6595_length_880_cov_1.653386_S,0.17713054635484451,0.3394718590238213,0.08339675358764853,Pass
EOG77TBQD|Rhagoletis_pomonella|JSM_11142_S4_SPM_1|NODE_1379078_length_355_cov_1179_AU,0.10685101815161795,0.18893892539621182,0.04367993815229998,Pass
EOG77TBQD|Rhagoletis_pomonella|JSM_11249_S5_SPM|NODE_17015_length_873_cov_3.081769_S,0.3110569952642583,0.345629122272958,0.08311951873595713,Pass
EOG77TBQD|Aedes_aegypti|JSM_11249_S5_SPM_1|NODE_17107_length_872_cov_1.893960_S,0.3428382470613965,0.37989717749795326,0.08918755604070017,Pass
EOG77TBQD|Rhagoletis_pomonella|JSM_11384_S6_SPM|NODE_25532_length_1003_cov_1.835616_S,0.160744347888096,0.3403544776119404,0.08395522388059706,Pass
EOG77TBQD|Zeugodacus_cucurbitae|JSM_11384_S6_SPM_1|NODE_70639_length_539_cov_1.349515_S,0.28586863342256147,0.5806152344961322,0.15554724033424439,Pass
EOG77TBQD|Stomoxys_calcitrans|JSM_11457_S8_SPM|NODE_39840_length_233_cov_2.169811_R,0.2082257427020832,0.3906858633985487,0.09270126059693362,Pass
EOG77TBQD|Musca_domestica|JSM_11468_S9_SPM|NODE_175949_length_242_cov_424_AU,0.1594912665209718,0.31734629299415573,0.06931116585411101,Pass
EOG77TBQD|Stomoxys_calcitrans|JSM_11468_S9_SPM_1|NODE_71619_length_432_cov_1.416393_R,0.3284329582762177,0.7734054870375032,0.18850454855992238,Pass
EOG77TBQD|Hermetia_illucens|JSM_11505_S16_SPM|NODE_7265_length_429_cov_2.102649_R,0.16759068596374718,0.3406311959465565,0.07833043349326863,Pass
EOG77TBQD|Aedes_aegypti|JSM_11685_S10_SPM|NODE_129320_length_441_cov_1.828025_S,0.16923741282956617,0.27990968801313626,0.05681444991789819,Pass
EOG77TBQD|Anopheles_stephensi|JSM_11685_S10_SPM_1|NODE_1451495_length_197_cov_358_AU,0.23391843719843783,0.42161464037970076,0.09505293902884271,Pass
EOG77TBQD|Musca_domestica|JSM_11709_S11_SPM|NODE_1612160_length_350_cov_751_AU,0.17261612951421276,0.23644303036376405,0.040230197700886206,Pass
EOG77TBQD|Musca_domestica|JSM_11804_S12_SPM|NODE_15375_length_903_cov_1.978093_S,0.1722713124899406,0.3495241081815059,0.08770517931585509,Pass
EOG77TBQD|Lucilia_sericata|JSM_11804_S12_SPM_2|NODE_161745_length_298_cov_814_AU,0.3158220477054033,0.7468765247123456,0.20098349949096217,Pass
EOG77TBQD|Teleopsis_dalmanni|JSM_11804_S12_SPM_1|NODE_1460379_length_389_cov_1730_AU,0.17295838946633113,0.30243386807098716,0.06757785151136952,Pass
EOG77TBQD|Zeugodacus_cucurbitae|JSM_11807_S13_SPM|NODE_80679_length_508_cov_1.530184_R,0.25936631315309466,0.5479279279279278,0.14548630262915974,Pass
EOG77TBQD|Scaptodrosophila_lebanonensis|JSM_1944_S2_SPM|NODE_1645750_length_129_cov_198_AU,0.1197778017919194,0.4683795582948125,0.15202876219825368,Pass
EOG77TBQD|Glossina_morsitans|JSM_2594_S5_SPM|NODE_3657_length_191_cov_4.000000_R,0.15897546546158733,0.38517916290274024,0.1004215597711533,Pass
EOG77TBQD|Teleopsis_dalmanni|JSM_4641_II_S8_SPM|NODE_14501_length_336_cov_13.741627_R,0.1384105673246403,0.3311449738875646,0.07669567321684934,Pass
EOG77TBQD|Glossina_morsitans|JSM_4774_S13_SPM|NODE_142329_length_210_cov_488_AU,0.2073176588141952,0.4017493687406021,0.09193690243141261,Pass
EOG77TBQD|Glossina_morsitans|JSM_4776_S1_SPM|NODE_1370_length_137_cov_88.200000_R,0.18716618114723904,0.5846474358974361,0.16987179487179493,Pass
EOG77TBQD|Bactrocera_dorsalis|JSM_4904_S2_SPM|NODE_541_length_864_cov_28.770692_S,0.2133102475293751,0.43889623803668587,0.11224926361959642,Pass
EOG77TBQD|Teleopsis_dalmanni|JSM_4972_S8_SPM|NODE_95481_length_405_cov_778_AU,0.18778181475374509,0.3797361299052775,0.08391372787274587,Pass
EOG77TBQD|Teleopsis_dalmanni|JSM_5716_II_S12_SPM|NODE_153678_length_162_cov_264_AU,0.18052040687620122,0.45594764714079994,0.12351930134250011,Pass
EOG77TBQD|Zeugodacus_cucurbitae|JSM_5812_S4_SPM|NODE_299406_length_192_cov_552_AU,0.0732600339754957,0.19608883106280933,0.05597224348181029,Pass
EOG77TBQD|Glossina_morsitans|JSM_5907_S13_SPM|NODE_78789_length_275_cov_4.655405_R,0.16676311842863256,0.36398887868584856,0.0858075706560556,Pass
EOG77TBQD|Hermetia_illucens|JSM_6006_S14_SPM|NODE_41467_length_805_cov_3.404130_S,0.20925115828907007,0.36795999999999995,0.08479999999999999,Pass
EOG77TBQD|Anopheles_stephensi|JSM_6006_S14_SPM_1|NODE_122841_length_236_cov_2.412844_R,0.14914137247808618,0.236825230055793,0.06373451199188462,Pass
EOG77TBQD|Ceratitis_capitata|JSM_6006_S14_SPM_2|NODE_794930_length_164_cov_352_AU,0.18672260727133141,0.3618835673921557,0.07880042522240249,Pass
EOG77TBQD|Hermetia_illucens|JSM_6043_S6_SPM|NODE_280136_length_303_cov_936_AU,0.3088879262815432,0.3789922480620155,0.08715393133997784,Pass
EOG77TBQD|Ceratitis_capitata|JSM_6055_S7_SPM|NODE_739545_length_426_cov_1630_AU,0.27709405425468087,0.4128999604326035,0.0926602479556845,Pass
EOG77TBQD|Aedes_aegypti|JSM_6055_S7_SPM_1|NODE_11585_length_279_cov_2.394737_R,0.1904569505885888,0.22937981714357036,0.041376727930851565,Pass
EOG77TBQD|Bactrocera_oleae|JSM_6055_S7_SPM_2|NODE_84048_length_253_cov_2.285714_R,0.21023823791034255,0.5284335839598998,0.16740126177512749,Pass
EOG77TBQD|Zeugodacus_cucurbitae|JSM_6055_S7_SPM_3|NODE_351833_length_370_cov_777_A,0.3755449337486334,0.7336164420527963,0.20059685381843584,Pass
EOG77TBQD|Glossina_morsitans|JSM_6055_S7_SPM_4|NODE_1072182_length_230_cov_674_AU,0.31355299506526185,0.5633333333333332,0.14102564102564097,Pass
EOG77TBQD|Teleopsis_dalmanni|JSM_6145_S8_SPM|NODE_2828_length_426_cov_7.959866_R,0.12510962595430783,0.3061983565396028,0.0750970098151107,Pass
EOG77TBQD|Hermetia_illucens|JSM_6145_S8_SPM_2|NODE_2078667_length_383_cov_1224_AU,0.14591306589038647,0.264788510427086,0.05347456153832586,Pass
EOG77TBQD|Teleopsis_dalmanni|JSM_6152_S9_SPM|NODE_2740331_length_204_cov_348_AU,0.059456182294466864,0.13546511627906976,0.041860465116279055,Pass
EOG77TBQD|Bactrocera_oleae|JSM_6153_S10_SPM_1|NODE_287891_length_223_cov_762_AU,0.18839058247619767,0.4560983095042774,0.13681442634477903,Pass
EOG77TBQD|Stomoxys_calcitrans|JSM_6153_S10_SPM_2|NODE_1664962_length_209_cov_883_AU,0.23186173545587196,0.28282066807952366,0.05111514784539306,Pass
EOG77TBQD|Hermetia_illucens|JSM_6163_S11_SPM|NODE_8974_length_645_cov_0.567568_S,0.21586180186590873,0.35979961630090657,0.08485514458520416,Pass
EOG77TBQD|Bradysia_coprophila|JSM_6163_S11_SPM_1|NODE_584044_length_177_cov_294_AU,0.07319889229657521,0.19639589838804983,0.05269884137299119,Pass
EOG77TBQD|Teleopsis_dalmanni|JSM_6206_S14_SPM|NODE_1487_length_631_cov_21.607143_S,0.1637114849620146,0.33225042884396505,0.0757009795277106,Pass
EOG77TBQD|Bactrocera_oleae|JSM_6258_S12_SPM|NODE_286585_length_225_cov_390_AU,0.1957446236359375,0.56125,0.17819148936170215,Pass
EOG77TBQD|Bactrocera_oleae|JSM_6310_S13_SPM|NODE_3688_length_391_cov_2.246212_R,0.13822503904168762,0.3003615006315681,0.08032456832156754,Pass
EOG77TBQD|Teleopsis_dalmanni|JSM_6310_S13_SPM_1|NODE_1456313_length_183_cov_306_AU,0.20367899561010397,0.3925037257824144,0.09259101554183524,Pass
EOG77TBQD|Teleopsis_dalmanni|JSM_6314_S15_SPM|NODE_131180_length_587_cov_35.493478_R,0.17612328751074438,0.3690613600274665,0.0824589073430324,Pass
EOG77TBQD|Hermetia_illucens|JSM_6314_S15_SPM_1|NODE_81297_length_262_cov_3.311111_R,0.3547723752138401,0.7453067142415272,0.19988621801953077,Pass
EOG77TBQD|Bactrocera_oleae|JSM_642_S1_SPM|NODE_278380_length_265_cov_570_AU,0.18465254816979254,0.5063205199115045,0.15946981668773708,Pass
EOG77TBQD|Hermetia_illucens|JSM_642_S1_SPM_1|NODE_1350400_length_276_cov_818_AU,0.19820985880792233,0.3990615772103527,0.09719223802079457,Pass
EOG77TBQD|Teleopsis_dalmanni|JSM_6602_S10_SPM|NODE_20915_length_638_cov_49.816047_R,0.1643301802104354,0.34234661542610567,0.07567631030762934,Pass
EOG77TBQD|Teleopsis_dalmanni|JSM_6608_S1_SPM|NODE_13677_length_692_cov_47.353982_R,0.1772273722366746,0.35126064181697914,0.08091961293230687,Pass
EOG77TBQD|Teleopsis_dalmanni|JSM_6704_S2_SPM|NODE_14879_length_730_cov_38.064677_R,0.18669084333766184,0.43135894871175806,0.11507950194874628,Pass
EOG77TBQD|Teleopsis_dalmanni|JSM_6712_S3_SPM|NODE_527_length_1150_cov_246.673509_S,0.23584744753005168,0.5123207914830953,0.13523678183364052,Pass
EOG77TBQD|Teleopsis_dalmanni|JSM_6713_S4_SPM|NODE_779_length_775_cov_38.263889_S,0.1789185841206317,0.4058553512051766,0.10087197671049541,Pass
EOG77TBQD|Teleopsis_dalmanni|JSM_6892_S6_SPM|NODE_596593_length_371_cov_876_AU,0.1379130111285637,0.3112617362205524,0.07044489527010356,Pass
EOG77TBQD|Bactrocera_oleae|JSM_6892_S6_SPM_1|NODE_16411_length_217_cov_3.600000_R,0.22666890869345888,0.4525961538461539,0.11858974358974361,Pass
EOG77TBQD|Teleopsis_dalmanni|JSM_7174_S7_SPM|NODE_1561_length_777_cov_104.007692_S,0.18447362662038808,0.43054790815922067,0.11011829807354356,Pass
EOG77TBQD|Glossina_morsitans|JSM_7567_II_S15_SPM|NODE_2541_length_449_cov_9.245342_R,0.11979960164145871,0.2793233618233619,0.0660358160358161,Pass
EOG77TBQD|Bactrocera_oleae|JSM_7804_S15_SPM_1|NODE_887495_length_316_cov_1231_AU,0.14341847462636292,0.43747270371201047,0.13331126134304505,Pass
EOG77TBQD|Teleopsis_dalmanni|JSM_7821_S9_SPM|NODE_15861_length_417_cov_2.931034_R,0.2337650952185274,0.4295719605632998,0.0965300269664845,Pass
EOG77TBQD|Hermetia_illucens|JSM_7821_S9_SPM_1|NODE_2122774_length_268_cov_476_AU,0.10590640512871283,0.23291513678116282,0.06431158285191552,Pass
EOG77TBQD|Zeugodacus_cucurbitae|JSM_7821_S9_SPM_2|NODE_41566_length_726_cov_1.621035_R,0.37617929736059275,0.7823098232345439,0.2070354410342098,Pass
EOG77TBQD|Glossina_morsitans|JSM_8315_S13_SPM|NODE_41685_length_344_cov_262.161290_S,0.15838034685747768,0.31987637765578514,0.07271089133805475,Pass
EOG77TBQD|Rhagoletis_pomonella|JSM_8315_S13_SPM_4|NODE_973491_length_190_cov_320_AU,0.185621632556292,0.4689112166605772,0.11709901351845087,Pass
EOG77TBQD|Glossina_morsitans|JSM_8315_S13_SPM_1|NODE_783254_length_247_cov_434_AU,0.1767511855054945,0.3918345266388644,0.0924400731429027,Pass
EOG77TBQD|Teleopsis_dalmanni|JSS18765_S51_SPM|NODE_13151_length_298_cov_1503_A,0.17345421713835057,0.3918345266388644,0.0924400731429027,Pass
EOG77TBQD|Lucilia_sericata|JSM_8315_S13_SPM_3|NODE_308642_length_295_cov_4887_A,0.19527058116474463,0.5553156565656566,0.1772057307771594,Pass
EOG77TBQD|Hermetia_illucens|JSM_8315_S13_SPM_2|NODE_1537_length_1064_cov_55.847385_S,0.17244303227258612,0.3939247921856886,0.09550825090648973,Pass
EOG77TBQD|Teleopsis_dalmanni|JSM_8384_S2_SPM|NODE_11987_length_758_cov_33.806656_R,0.18117043564569257,0.4353936084665375,0.11615470490138435,Pass
EOG77TBQD|Rhagoletis_pomonella|JSM_8384_S2_SPM_1|NODE_850933_length_186_cov_312_AU,0.15273091357140625,0.31413673433975364,0.056550407773728995,Pass
EOG77TBQD|Rhagoletis_pomonella|JSM_8931_S10_SPM_2|NODE_408525_length_270_cov_480_AU,0.15802058715780853,0.3767624281514634,0.09041946382343913,Pass
EOG77TBQD|Hermetia_illucens|JSM_9049_S13_SPM|NODE_3737_length_316_cov_9.333333_R,0.23630493903673286,0.4949854144692641,0.11323106056650334,Pass
EOG77TBQD|Teleopsis_dalmanni|JSM_9082_S6_SPM|NODE_1234_length_760_cov_36.729858_S,0.1824387475019606,0.3661299602781847,0.08179394803172468,Pass
EOG77TBQD|Hermetia_illucens|JSM_9082_S6_SPM_1|NODE_26036_length_307_cov_2.744444_R,0.18403045457152636,0.45789672640749124,0.1112714433741413,Pass
EOG77TBQD|Teleopsis_dalmanni|JSM_9156_S14_SPM|NODE_1276_length_820_cov_82.841270_S,0.188304123085302,0.37258530931752537,0.08567574316548321,Pass
EOG77TBQD|Hermetia_illucens|JSM_9156_S14_SPM_1|NODE_688894_length_220_cov_380_AU,0.1326744056610842,0.23996277546158418,0.06459201905896361,Pass
EOG77TBQD|Teleopsis_dalmanni|JSM_9163_II_S3_SPM|NODE_2748_length_656_cov_45.275992_R,0.1679568201003408,0.35851964618061505,0.08592513544050451,Pass
EOG77TBQD|Teleopsis_dalmanni|JSM_9171_S15_SPM|NODE_10827_length_704_cov_21.389948_R,0.17383621921628395,0.34869444711205005,0.07722451636309313,Pass
EOG77TBQD|Glossina_morsitans|JSM_9557_S16_SPM|NODE_3116_length_345_cov_16.646789_R,0.2226646771688048,0.46941868004368004,0.10710141960141961,Pass
EOG77TBQD|Glossina_morsitans|JSM_9724_S16_SPM|NODE_7788_length_611_cov_1.219008_S,0.2821680978738136,0.5083208469403001,0.12600157947535806,Pass
EOG77TBQD|Rhagoletis_pomonella|JSM_9724_S16_SPM_1|NODE_1654406_length_207_cov_354_AU,0.22856471269382436,0.3149898011218767,0.057215706272310096,Pass
EOG77TBQD|Aedes_aegypti|JSS13088_S4_SPM|NODE_83000_length_107_cov_154_AU,0.2763824626624057,0.45823647942683726,0.10090054231553813,Pass
EOG77TBQD|Hermetia_illucens|JSS13126_S7_SPM|NODE_56305_length_244_cov_428_AU,0.24131242149639068,0.3946462299333311,0.09214316040712822,Pass
EOG77TBQD|Glossina_morsitans|JSS16852_S14_SPM|NODE_97302_length_219_cov_378_AU,0.23172262235700952,0.4614178482068391,0.12073950514317489,Pass
EOG77TBQD|Hermetia_illucens|JSS17053_S20_SPM|NODE_47856_length_276_cov_492_AU,0.23785564277229568,0.45193216999718555,0.10723332395159024,Pass
EOG77TBQD|Teleopsis_dalmanni|JSS17128_S22_SPM|NODE_9541_length_141_cov_222_AU,0.1979935014925397,0.45433013658820104,0.11976169718105201,Pass
EOG77TBQD|Bactrocera_oleae|JSS17490_S89_SPM|NODE_4287_length_158_cov_256_AU,0.2629921157147754,0.4708555453970039,0.12096490611154087,Pass
EOG77TBQD|Glossina_morsitans|JSS30087_S38_SPM|NODE_41775_length_185_cov_310_AU,0.1898162709417051,0.41824051324051326,0.0944580944580945,Pass
EOG77TBQD|Teleopsis_dalmanni|JSS42569_S72_SPM|NODE_357_length_472_cov_5.339130_S,0.11719024386670904,0.28540884648672904,0.0689731856648288,Pass
EOG77TBQD|Teleopsis_dalmanni|JSS50552_S53_SPM|NODE_5_length_183_cov_1193_AU,0.1612455287707356,0.4395193194199984,0.11704203934528301,Pass
EOG77TBQD|Teleopsis_dalmanni|JSS_29956_S1_SPM|NODE_207_length_172_cov_1648_AU,0.21135489699438578,0.46382352941176486,0.10457516339869288,Pass
EOG77TBQD|Glossina_morsitans|JSS_42447_S54_SPM|NODE_2714_length_146_cov_936_AU,0.2400833262736396,0.5324216524216525,0.12108262108262113,Pass
EOG77TBQD|Glossina_morsitans|JSS_52524_S58_SPM|NODE_1558_length_226_cov_392_AU,0.14119294138617097,0.37596242111302347,0.09796328169822144,Pass
EOG77TBQD|Teleopsis_dalmanni|KMM1399_S61_SPM|NODE_19_length_270_cov_2.209790_R,0.16119825459091816,0.37881938171233565,0.0903593295192211,Pass
EOG77TBQD|Glossina_morsitans|LEM_0014396_S65_SPM|NODE_1073_length_192_cov_3658_AU,0.20535720261310575,0.47376538987688094,0.10827633378932966,Pass
EOG77TBQD|Teleopsis_dalmanni|MZH_Y126_S44_SPM|NODE_1726_length_245_cov_2.508475_R,0.12523586316525975,0.37596242111302347,0.09796328169822144,Pass
EOG77TBQD|Glossina_morsitans|PROBE_TW0069_S35_SPM|NODE_929_length_232_cov_2.419048_R,0.18163438912475657,0.37365042655976977,0.08099496351115221,Pass
EOG77TBQD|Glossina_morsitans|QM_REG_NO_T221365_S87_SPM|NODE_4430_length_119_cov_178_AU,0.20567043441736804,0.6019108669108669,0.17411477411477416,Pass
EOG77TBQD|Hermetia_illucens|Sample_519660_S4_SPM|NODE_3274_length_441_cov_27.646497_S,0.1363838711289616,0.28445279440942545,0.06622127017014035,Pass
EOG77TBQD|Rhagoletis_pomonella|Sample_655211_S1_SPM_1|NODE_1560069_length_183_cov_306_AU,0.1695990348386447,0.3270769382781108,0.061985376457413865,Pass
EOG77TBQD|Teleopsis_dalmanni|USNM_ENT27989_S88_SPM|NODE_660_length_309_cov_3.901099_R,0.1430825630339237,0.3170704937057015,0.07219939508944206,Pass
EOG77TBQD|Teleopsis_dalmanni|ZFMK_DIP00061254_S91_SPM|NODE_507_length_317_cov_2.073684_R,0.16581669312300296,0.31393394900622373,0.07107006625175671,Pass
EOG77TBQD|Glossina_morsitans|ZMFK_18031_S11_SPM|NODE_8240_length_367_cov_9.566667_R,0.14066699339680808,0.29237023468481255,0.06603022459799945,Pass
EOG77TBQD|Zeugodacus_cucurbitae|CAJHUJ01.1|CAJHUJ010000074.1_58,0.16172520038091834,0.343163928339367,0.08439617562424584,Pass
EOG77TBQD|Hermetia_illucens|CAKAIX01.1|CAKAIX010000037.1_323,0.18075800741388995,0.3910152446032642,0.0912743192694293,Pass
EOG77TBQD|Bactrocera_dorsalis|CAKAIX01.1_1|CAKAIX010000037.1_322,0.2475610360498145,0.5237828936781919,0.12885310619307644,Pass
EOG77TBQD|Rhagoletis_pomonella|CAJZLI01|CAJZLI010000476.1_994,0.1622622190531173,0.3473612799114136,0.0865169070382974,Pass
EOG77TBQD|Teleopsis_dalmanni|CAJZLI01_1|CAJZLI010000476.1_993,0.21827364129175633,0.4621628879892039,0.11285560053981114,Pass
EOG77TBQD|Hermetia_illucens|CAJMZT01.1|CAJMZT010000089.1_1214,0.1815367761667538,0.3599372266892369,0.08884992846059292,Pass
EOG77TBQD|Bactrocera_oleae|CAKKXW01|CAKKXW010000004.1_21457,0.1723721293349317,0.354651421620362,0.08213871516577997,Pass
EOG77TBQD|Bactrocera_oleae|CAJSMD01.1|CAJSMD010000460.1_7,0.20428575469349747,0.43757429669621406,0.11070984038181031,Pass
EOG77TBQD|Zeugodacus_cucurbitae|CAJHUJ01.1_1|CAJHUJ010000074.1_57,0.2406172966789821,0.4858971426895954,0.11795018398791979,Pass
EOG77TBQD|Zeugodacus_cucurbitae|CAJZBV01|CAJZBV010000076.1_1004,0.2079239420808995,0.4266302151359078,0.10298060573202894,Pass
EOG77TBQD|Teleopsis_dalmanni|CAKAJG01.1|CAKAJG010000758.1_28,0.19823420789512244,0.43062568496219344,0.10483995639874077,Pass
EOG77TBQD|Glossina_morsitans|JXPC01.1|JXPC01144143.1,0.20583223155243388,0.4432119285070918,0.11298635904893162,Pass
EOG77TBQD|Hermetia_illucens|AHE_51_S42_merged_SPM|NODE_1049_length_961_cov_18.816742_S,0.21746396612375668,0.47315482829817024,0.12310321095474286,Pass
EOG77TBQD|Hermetia_illucens|AHE_174_S49_merged_SPM|NODE_1079_length_960_cov_27.732729_S,0.21527482428115285,0.47315482829817024,0.12310321095474286,Pass
EOG77TBQD|Hermetia_illucens|AHE_130_S26_merged_SPM|NODE_10814_length_1001_cov_8.574675_R,0.22446416284261492,0.514203490419383,0.13367516082210373,Pass
EOG77TBQD|Bactrocera_oleae|AHE_23_S35_merged_SPM|NODE_1091_length_922_cov_11.192899_S,0.19788707473327052,0.42135098717683456,0.10830180672783385,Pass
EOG77TBQD|Hermetia_illucens|AHE_159_S37_merged_SPM|NODE_1118_length_1034_cov_16.297806_S,0.24777459739882465,0.4642233658493188,0.11454257917723032,Pass
EOG77TBQD|Teleopsis_dalmanni|AHE_189_S21_merged_SPM|NODE_112202_length_964_cov_68.554679_R,0.20871092321172302,0.43181717334702413,0.11188345740584549,Pass
EOG77TBQD|Zeugodacus_cucurbitae|AHE_195_S23_merged_SPM|NODE_11327_length_1492_cov_27.129329_R,0.2241104341653315,0.5015881314739646,0.1305110095028058,Pass
EOG77TBQD|Hermetia_illucens|AHE_161_S18_merged_SPM|NODE_113849_length_1156_cov_47.266914_R,0.2377664154588451,0.49664364006076656,0.12921947414250345,Pass
EOG77TBQD|Zeugodacus_cucurbitae|AHE_116_S35_merged_SPM|NODE_1192_length_1152_cov_33.879070_S,0.23454934531575383,0.5242164756516272,0.13999468059383913,Pass
EOG77TBQD|Zeugodacus_cucurbitae|AHE_258_S17_SPM|NODE_1287_length_1196_cov_27.524576_S,0.2219414305112673,0.5249781298534292,0.13940294047063828,Pass
EOG77TBQD|Hermetia_illucens|AHE_103_S38_merged_SPM|NODE_1316_length_1028_cov_17.187171_S,0.2316440505954373,0.5207303550314767,0.13789026299811458,Pass
EOG77TBQD|Glossina_morsitans|AHE_157_S17_merged_SPM|NODE_1406_length_1079_cov_45.072854_S,0.20374374806680748,0.3812679065402095,0.09405996838569453,Pass
EOG77TBQD|Teleopsis_dalmanni|AHE_184_S38_merged_SPM|NODE_1456_length_927_cov_11.182353_S,0.18047572406472115,0.41065340712484755,0.10349920930285406,Pass
EOG77TBQD|Rhagoletis_pomonella|AHE_122_S39_merged_SPM|NODE_1567_length_1131_cov_32.654649_S,0.2089179408400976,0.43741722468877686,0.10618786143044134,Pass
EOG77TBQD|Teleopsis_dalmanni|AHE_101_S25_merged_SPM|NODE_17305_length_892_cov_14.602454_R,0.17243198564084694,0.3921198536686097,0.09598181044128062,Pass
EOG77TBQD|Hermetia_illucens|JSM_8601_S5_SPM|NODE_2090_length_1073_cov_228.340381_S,0.22323382061455574,0.5197913093630001,0.13744593015314088,Pass
EOG77TBQD|Zeugodacus_cucurbitae|AHE_113_S4_merged_SPM|NODE_2117_length_885_cov_40.451733_S,0.21244196719331468,0.42326660020402473,0.10227905035704343,Pass
EOG77TBQD|Bactrocera_oleae|AHE_198_S28_merged_SPM|NODE_22335_length_950_cov_17.179840_R,0.20011059810480394,0.44277630841940735,0.11659098223080189,Pass
EOG77TBQD|Ceratitis_capitata|AHE_167_S32_merged_SPM|NODE_2269_length_903_cov_78.101695_S,0.22635737414244664,0.4562886823409568,0.1098522397504107,Pass
EOG77TBQD|Zeugodacus_cucurbitae|AHE_259_S18_SPM|NODE_2601_length_1007_cov_62.297849_S,0.22429906630147906,0.46250492373600155,0.1137131438593465,Pass
EOG77TBQD|Hermetia_illucens|AHE_132_S13_merged_SPM|NODE_3295_length_1051_cov_32.520534_R,0.2268791033161747,0.5067678491220832,0.13205877748565087,Pass
EOG77TBQD|Hermetia_illucens|JSM_8424_S12_SPM|NODE_39361_length_961_cov_74.231415_R,0.23242851512949544,0.4818332033957035,0.12051715176715183,Pass
EOG77TBQD|Bactrocera_oleae|AHE_64_S44_merged_SPM|NODE_439_length_1392_cov_7.140684_S,0.24158012561516073,0.4819438178846714,0.12070307921753642,Pass
EOG77TBQD|Hermetia_illucens|CNC569435_S94_SPM|NODE_759_length_919_cov_12.690657_S,0.22509510181804335,0.473468443806372,0.11584055220297185,Pass
EOG77TBQD|Bactrocera_oleae|AHE_160_S17_merged_SPM|NODE_865_length_958_cov_20.125993_S,0.20276817742364592,0.44867943869880156,0.11816483666681843,Pass
EOG77TBQD|Teleopsis_dalmanni|AHE_181_S51_merged_SPM|NODE_914_length_1156_cov_19.430028_S,0.2146398133970634,0.4823526289670022,0.12211225785830238,Pass
EOG77TBQD|Teleopsis_dalmanni|AHE_134_S14_merged_SPM|NODE_961_length_1249_cov_15.262799_S,0.19150846864559032,0.40385832900882196,0.09756097560975607,Pass
EOG77TBQD|Zeugodacus_cucurbitae|AHE_267_S19_SPM|NODE_96594_length_895_cov_45.343521_R,0.18221411188231992,0.4308133114872993,0.10972214851765372,Pass
