EOG7F2GC9|Musca_domestica|130501_249_44|C114193_a_12_0_l_2570,0.23358306689358604,0.5644385752102101,0.13293340074899418,Pass
EOG7F2GC9|Bactrocera_oleae|130608_189_16|C143655_a_8_0_l_1656,0.27260402522698296,0.5598642023404031,0.11568441551418085,Pass
EOG7F2GC9|Hermetia_illucens|130919_247_37|C90708_a_3_0_l_1193,0.31158667689711206,0.5454667688778013,0.1076097986032084,Pass
EOG7F2GC9|Hermetia_illucens|CAKAIX01.1_1|CAKAIX010000068.1_69,0.3162602445315269,0.5454667688778013,0.1076097986032084,Pass
EOG7F2GC9|Musca_domestica|130928_232_71|C102148_a_13_0_l_4065,0.278627912118248,0.5789384333668569,0.14041006470711015,Pass
EOG7F2GC9|Musca_domestica|130928_232_84|C60296_a_7_0_l_3097,0.26562646542997476,0.5789384333668569,0.14041006470711015,Pass
EOG7F2GC9|Bactrocera_dorsalis|130314_269_33|C48530_a_7_0_l_484,0.2562431045825885,0.5193506503250541,0.08536149822755906,Pass
EOG7F2GC9|Hermetia_illucens|120823_263_57|C150580_a_17_0_l_2023,0.30709790587022767,0.5286298398908403,0.11634578070428003,Pass
EOG7F2GC9|Hermetia_illucens|130928_232_22|C74997_a_6_0_l_2569,0.28160300546322853,0.5690541871021342,0.14569668421124438,Pass
EOG7F2GC9|Hermetia_illucens|130919_247_44|C50036_a_3_0_l_242,0.39458798769149683,0.7391891891891892,0.15405405405405403,Pass
EOG7F2GC9|Bactrocera_dorsalis|130928_232_37|s7157_L_19908_0_a_8_7_l_1194,0.30229868269219534,0.5786923306242879,0.10489912822041625,Pass
EOG7F2GC9|Musca_domestica|130928_232_37_1|C96784_a_6_0_l_679,0.20058344516341733,0.5112037003604676,0.12874985707666098,Pass
EOG7F2GC9|Bactrocera_oleae|120429_266_9|C101969_a_6_0_l_1368,0.3328796628843187,0.5635316527624595,0.10444411403286069,Pass
EOG7F2GC9|Bradysia_coprophila|130928_232_126|C104463_a_5_0_l_372,0.213999475806126,0.5586184998801823,0.18909217173569648,Pass
EOG7F2GC9|Musca_domestica|130919_247_55|C108116_a_9_0_l_2756,0.2538835457427712,0.5714527065917185,0.15318760537244824,Pass
EOG7F2GC9|Hermetia_illucens|130919_247_17|C57211_a_5_0_l_451,0.32974873585931747,0.5200134020772288,0.09894237293190478,Pass
EOG7F2GC9|Musca_domestica|131012_246_93|C83234_a_5_0_l_1091,0.2253357675429205,0.5973984995874878,0.17767099671295394,Pass
EOG7F2GC9|Bactrocera_oleae|131012_246_93_1|C85997_a_9_0_l_1383,0.3287755948184531,0.5718835933470756,0.1017722367472712,Pass
EOG7F2GC9|Scaptodrosophila_lebanonensis|120126_283_11|C73740_a_4_0_l_237,0.24716576411652624,0.5686818522208952,0.1447403437327871,Pass
EOG7F2GC9|Bradysia_coprophila|120707_249_19|s10409_L_28663_0_a_4_3_l_1036,0.41381061810269526,0.672271793590651,0.14167742293653107,Pass
EOG7F2GC9|Stomoxys_calcitrans|130919_247_71|C78349_a_13_0_l_2310,0.26760879642188734,0.56679383752582,0.1348095896540754,Pass
EOG7F2GC9|Bactrocera_dorsalis|GCVD01.1|GCVD01013605.1,0.2868102636391287,0.5717996455173008,0.11211197060807421,Pass
EOG7F2GC9|Stomoxys_calcitrans|GCGW01.1|GCGW01029593.1,0.24102331288246862,0.5230364715860898,0.12527565733672597,Pass
EOG7F2GC9|Lucilia_sericata|GCGW01.1_1|GCGW01035289.1,0.35599879756959624,0.5384201158268173,0.0913861282884546,Pass
EOG7F2GC9|Stomoxys_calcitrans|GCFU01.1|GCFU01020237.1,0.28859991164741666,0.5974281339878549,0.1447220923081456,Pass
EOG7F2GC9|Lucilia_sericata|GAVA02.1|GAVA02002522.1,0.2544273885994926,0.6104834801565954,0.1491256833920005,Pass
EOG7F2GC9|Musca_domestica|GIFF01.1|GIFF01032518.1,0.26193672802482965,0.6104834801565954,0.1491256833920005,Pass
EOG7F2GC9|Lucilia_sericata|GHEX01.1|GHEX01008848.1,0.2501411213745859,0.6104834801565954,0.1491256833920005,Pass
EOG7F2GC9|Musca_domestica|GCGG01.1|GCGG01017448.1,0.259122789515319,0.5742824841886653,0.1469727591946317,Pass
EOG7F2GC9|Lucilia_sericata|GCFF01.1|GCFF01004100.1,0.2930418766685734,0.5726061474565799,0.10776927301434747,Pass
EOG7F2GC9|Lucilia_sericata|GCFF01.1_1|GCFF01015588.1,0.12555257427535313,0.4737263504169388,0.15545315984911345,Pass
EOG7F2GC9|Musca_domestica|GCFV01.1|GCFV01004337.1,0.18725591017640156,0.5692325422625246,0.16069984243904978,Pass
EOG7F2GC9|Bactrocera_oleae|GCFV01.1_1|GCFV01000278.1,0.2851133389043824,0.6404608774083632,0.12616369174382858,Pass
EOG7F2GC9|Lucilia_sericata|GCNB01.1|GCNB01009406.1,0.22271575588612974,0.5522165319266186,0.13447743339493623,Pass
EOG7F2GC9|Lucilia_sericata|GCNB01.1_1|GCNB01019584.1,0.3511219952483196,1.0653684890745694,0.34593489825974577,Pass
EOG7F2GC9|Musca_domestica|GAZD02.1|GAZD02017968.1,0.26044898568626607,0.5831088132870221,0.14213711507391424,Pass
EOG7F2GC9|Musca_domestica|GCGH01.1|GCGH01010834.1,0.21050432033681823,0.5376752724254891,0.15213430035361197,Pass
EOG7F2GC9|Teleopsis_dalmanni|GCGH01.1_1|GCGH01010264.1,0.2950985155490699,0.5634366038555545,0.11185890590745717,Pass
EOG7F2GC9|Bactrocera_oleae|GCLW01.1|GCLW01015826.1,0.27694808150121303,0.6430104436250373,0.1475162036506883,Pass
EOG7F2GC9|Glossina_morsitans|GCLW01.1_1|GCLW01009300.1,0.1791824564241216,0.6327046717165677,0.20692311741258784,Pass
EOG7F2GC9|Stomoxys_calcitrans|GCNK01.1|GCNK01047648.1,0.28224041872586114,0.5413076469885594,0.12097207515999142,Pass
EOG7F2GC9|Stomoxys_calcitrans|GCFN01.1|GCFN01015860.1,0.2958866699119463,0.5763726398634651,0.10058293700511278,Pass
EOG7F2GC9|Scaptodrosophila_lebanonensis|GCFN01.1_1|GCFN01005794.1,0.09048699438792318,0.3736158015426309,0.12338889967149014,Pass
EOG7F2GC9|Teleopsis_dalmanni|GCGQ01.1|GCGQ01043277.1,0.24633406195472596,0.5184341686666296,0.11196070770776367,Pass
EOG7F2GC9|Bactrocera_dorsalis|GCGQ01.1_1|GCGQ01023068.1,0.2835638957509293,0.5734951782811074,0.10384534865593198,Pass
EOG7F2GC9|Hermetia_illucens|GDDE01.1|GDDE01018955.1,0.22836442531471504,0.46273174616326485,0.15012198377845898,Pass
EOG7F2GC9|Bradysia_coprophila|GDDE01.1_1|GDDE01020556.1,0.33105709487622864,0.5563975435193954,0.10186191444393711,Pass
EOG7F2GC9|Stomoxys_calcitrans|GCGS01.1|GCGS01011409.1,0.1419002916887151,0.5931258318209315,0.19594108423768775,Pass
EOG7F2GC9|Stomoxys_calcitrans|GCGS01.1_1|GCGS01012862.1,0.3161989804589083,0.5651887412807425,0.11508050108037071,Pass
EOG7F2GC9|Drosophila_melanogaster|GDDH01.1|GDDH01043847.1,0.2729324579797064,0.6018088931635034,0.14651015727779804,Pass
EOG7F2GC9|Bactrocera_oleae|GCFJ01.1|GCFJ01006309.1,0.24340851789363416,0.5613831880883943,0.12952472205745924,Pass
EOG7F2GC9|Musca_domestica|CAKJUZ01.1|CAKJUZ010000756.1_41,0.26839209009900794,0.577037349713518,0.13975985831531856,Pass
EOG7F2GC9|Musca_domestica|CAJVCN01|CAJVCN010000297.1_51,0.27265997601157715,0.577037349713518,0.13975985831531856,Pass
EOG7F2GC9|Musca_domestica|CAKKTD01|CAKKTD010000062.1_467,0.2692216109458629,0.577037349713518,0.13975985831531856,Pass
EOG7F2GC9|Musca_domestica|GCNJ01.1|GCNJ01030336.1,0.24244450428907136,0.577037349713518,0.13975985831531856,Pass
EOG7F2GC9|Musca_domestica|GCMY01.1|GCMY01084814.1,0.31588866686757044,0.5721892154583381,0.1209184200669069,Pass
EOG7F2GC9|Glossina_morsitans|GCMY01.1_2|GCMY01051297.1,0.22562179916568711,0.7027872867680961,0.23322383586906414,Pass
EOG7F2GC9|Musca_domestica|GCMY01.1_1|GCMY01057293.1,0.19610368808574583,0.4806516540454365,0.12506974890394584,Pass
EOG7F2GC9|Musca_domestica|GCMS01.1|GCMS01033128.1,0.27678155256072173,0.6104834801565954,0.1491256833920005,Pass
EOG7F2GC9|Stomoxys_calcitrans|GDDC01.1|GDDC01026271.1,0.2882928845990802,0.5819152150931998,0.1476203297588624,Pass
EOG7F2GC9|Musca_domestica|GIFT01.1|GIFT01026161.1,0.28094088005172024,0.5842425665081082,0.14199326417656843,Pass
EOG7F2GC9|Musca_domestica|GIFS01.1|GIFS01040905.1,0.3128175883491941,0.6104834801565954,0.1491256833920005,Pass
EOG7F2GC9|Bactrocera_oleae|GIGO01.1|GIGO01005786.1,0.3084612675640841,0.6667984673513915,0.12441594380288434,Pass
EOG7F2GC9|Drosophila_melanogaster|GIGU01.1|GIGU01041988.1,0.28376162629403484,0.5828090576316903,0.14943104043887567,Pass
EOG7F2GC9|Teleopsis_dalmanni|GIFO01.1|GIFO01014688.1,0.31511783287443207,0.5959483389516017,0.12633898312717995,Pass
EOG7F2GC9|Lucilia_sericata|GIFO01.1_2|GIFO01014690.1,0.11221111016245854,0.42428149366471746,0.12649244639376223,Pass
EOG7F2GC9|Ceratitis_capitata|GIFO01.1_4|GIFO01014689.1,0.2562270884417757,0.5903852722523608,0.13527225236085993,Pass
EOG7F2GC9|Stomoxys_calcitrans|GIFO01.1_1|GIFO01014687.1,0.27743476436038644,0.47398073755162035,0.08175692232695125,Pass
EOG7F2GC9|Stomoxys_calcitrans|GIFO01.1_3|GIFO01054742.1,0.19834118447396504,0.6760866850060078,0.21965313349775506,Pass
EOG7F2GC9|Musca_domestica|GIFE01.1|GIFE01024124.1,0.2587599066937981,0.5854798133748873,0.14284653787779533,Pass
EOG7F2GC9|Musca_domestica|GIGL01.1|GIGL01028582.1,0.2592503108400438,0.6104834801565954,0.1491256833920005,Pass
EOG7F2GC9|Stomoxys_calcitrans|GIGS01.1|GIGS01045553.1,0.2418877656427811,0.5865501665344214,0.14892094333806105,Pass
EOG7F2GC9|Musca_domestica|GIGW01.1|GIGW01032168.1,0.2603966171323381,0.6085408446988073,0.15062836611833164,Pass
EOG7F2GC9|Musca_domestica|GIGM01.1|GIGM01013593.1,0.2506608396670037,0.6316872813542965,0.1902883107483212,Pass
EOG7F2GC9|Rhagoletis_pomonella|GIGM01.1_1|GIGM01013594.1,0.3635385092580943,0.5787123612338305,0.1030401517416637,Pass
EOG7F2GC9|Glossina_morsitans|GIGM01.1_2|GIGM01013592.1,0.25236009042643537,0.5137952488687783,0.1276395173453997,Pass
EOG7F2GC9|Scaptodrosophila_lebanonensis|GIGV01.1|GIGV01010436.1,0.2153449095257315,0.4861800003270058,0.1098902895636108,Pass
EOG7F2GC9|Musca_domestica|GIGV01.1_1|GIGV01010439.1,0.2033562726655553,0.7134586466165413,0.2293233082706767,Pass
EOG7F2GC9|Musca_domestica|GIGV01.1_3|GIGV01010435.1,0.14400056084721738,0.6032080795842233,0.20304180084813306,Pass
EOG7F2GC9|Bactrocera_oleae|GIGV01.1_2|GIGV01010438.1,0.34923940907949325,0.5968793826284625,0.10152296306754643,Pass
EOG7F2GC9|Lucilia_sericata|GIFH01.1|GIFH01033305.1,0.26451708607437363,0.5914443617378634,0.15014230220384095,Pass
EOG7F2GC9|Musca_domestica|GIFM01.1|GIFM01028065.1,0.2553852379802516,0.5966157654842643,0.1441618381677383,Pass
EOG7F2GC9|Teleopsis_dalmanni|GIGR01.1|GIGR01009901.1,0.27717536888830324,0.5100100200400802,0.12024048096192386,Pass
EOG7F2GC9|Hermetia_illucens|GIGR01.1_1|GIGR01009903.1,0.2296677249384077,0.46587420255209266,0.09368715141386524,Pass
EOG7F2GC9|Hermetia_illucens|GIGR01.1_3|GIGR01009902.1,0.3705026390926108,0.6008333333333334,0.11535303776683092,Pass
EOG7F2GC9|Drosophila_ficusphila|GIGR01.1_2|GIGR01009904.1,0.31993824888308625,0.5191299064284846,0.09472596913355202,Pass
EOG7F2GC9|Musca_domestica|GIGP01.1|GIGP01011765.1,0.16221461133138287,0.6893629343629343,0.23166023166023164,Pass
EOG7F2GC9|Teleopsis_dalmanni|GIGP01.1_3|GIGP01011767.1,0.23452030303909183,0.45593915092847426,0.0936303818291101,Pass
EOG7F2GC9|Bactrocera_oleae|GIGP01.1_1|GIGP01011768.1,0.31445200972771264,0.6683229311540481,0.1527549491768294,Pass
EOG7F2GC9|Stomoxys_calcitrans|GIGP01.1_2|GIGP01011766.1,0.12810401176734046,0.456489898989899,0.1411976911976912,Pass
EOG7F2GC9|Musca_domestica|GIGQ01.1|GIGQ01012373.1,0.32052680462196603,0.5629621740313605,0.1055476836168795,Pass
EOG7F2GC9|Glossina_morsitans|GIGQ01.1_2|GIGQ01012367.1,0.24879221177533387,0.6807555555555554,0.2252063492063492,Pass
EOG7F2GC9|Musca_domestica|GIGQ01.1_3|GIGQ01012368.1,0.28054816687530815,0.6019082792275271,0.13126719816442067,Pass
EOG7F2GC9|Musca_domestica|GIGQ01.1_1|GIGQ01012369.1,0.14431030934098882,0.4562414500683993,0.1509575923392612,Pass
EOG7F2GC9|Musca_domestica|GIFR01.1|GIFR01030316.1,0.26510920386871784,0.5978778022555963,0.14503220835486386,Pass
EOG7F2GC9|Drosophila_ficusphila|GIFG01.1|GIFG01020174.1,0.24397556260910327,0.5693489566251325,0.1453597141909514,Pass
EOG7F2GC9|Stomoxys_calcitrans|GIGT01.1|GIGT01012645.1,0.24243788559954849,0.6025354263000389,0.1502969064786247,Pass
EOG7F2GC9|Lucilia_sericata|AHE_100_S30_merged_SPM|NODE_249891_length_95_cov_130_AU,0.2230027727846006,0.3234375,0.06874999999999998,Pass
EOG7F2GC9|Hermetia_illucens|AHE_110_S11_merged_SPM|NODE_121444_length_151_cov_242_A,0.3734164575022468,0.5428079756159513,0.11506223012446026,Pass
EOG7F2GC9|Teleopsis_dalmanni|AHE_113_S4_merged_SPM|NODE_253521_length_130_cov_200_AU,0.32969127976537355,0.5278718221277351,0.12100274603596428,Pass
EOG7F2GC9|Stomoxys_calcitrans|AHE_116_S35_merged_SPM|NODE_49701_length_231_cov_0.948052_R,0.23070093238042436,0.5443176035160767,0.17131621559102472,Pass
EOG7F2GC9|Scaptodrosophila_lebanonensis|AHE_117_S52_merged_SPM|NODE_3854_length_263_cov_0.795699_R,0.27621416304320445,0.4599860794735511,0.10110072882607868,Pass
EOG7F2GC9|Bactrocera_oleae|AHE_143_S57_merged_SPM_1|NODE_54165_length_263_cov_0.698925_S,0.24475404720593272,0.48723012560781553,0.11608115328650581,Pass
EOG7F2GC9|Zeugodacus_cucurbitae|AHE_119_S48_merged_SPM|NODE_21153_length_248_cov_0.830409_R,0.23873980420354782,0.48723012560781553,0.11608115328650581,Pass
EOG7F2GC9|Hermetia_illucens|AHE_121_S5_merged_SPM|NODE_45772_length_260_cov_1.284153_R,0.26222962319948095,0.5514141416467593,0.13225367494283652,Pass
EOG7F2GC9|Scaptodrosophila_lebanonensis|AHE_123_S56_merged_SPM|NODE_67112_length_248_cov_0.777778_R,0.23961693063434455,0.4923132716049382,0.11021604938271601,Pass
EOG7F2GC9|Drosophila_melanogaster|AHE_125_S6_merged_SPM|NODE_29616_length_240_cov_0.907975_R,0.1979844545678776,0.7129286548853514,0.246640864612239,Pass
EOG7F2GC9|Hermetia_illucens|AHE_126_S12_merged_SPM|NODE_88065_length_151_cov_242_AU,0.3502901298327498,0.7786666666666665,0.19333333333333325,Pass
EOG7F2GC9|Lucilia_sericata|AHE_127_S63_merged_SPM|NODE_18284_length_371_cov_0.877551_R,0.2148918425814954,0.6569811406292502,0.21633874331308367,Pass
EOG7F2GC9|Hermetia_illucens|AHE_129_S7_merged_SPM|NODE_92753_length_359_cov_1.049645_R,0.3108706355264235,0.4994575903649764,0.09744179572460476,Pass
EOG7F2GC9|Drosophila_ficusphila|AHE_129_S7_merged_SPM_1|NODE_30355_length_316_cov_0.619247_S,0.31186968835976087,0.5070955998179718,0.09513424580810026,Pass
EOG7F2GC9|Musca_domestica|AHE_12_S18_merged_SPM|NODE_43824_length_389_cov_0.689103_R,0.194721333788553,0.5015478871728871,0.16744422994422992,Pass
EOG7F2GC9|Musca_domestica|AHE_131_S8_merged_SPM|NODE_34559_length_312_cov_0.846809_R,0.25247433147333587,0.5837750374521445,0.19071464240137603,Pass
EOG7F2GC9|Scaptodrosophila_lebanonensis|AHE_131_S8_merged_SPM_1|NODE_41868_length_269_cov_0.723958_S,0.3181039239560459,0.5725906220304084,0.12689558916693056,Pass
EOG7F2GC9|Bactrocera_oleae|AHE_131_S8_merged_SPM_2|NODE_78069_length_255_cov_0.764045_R,0.3072969957030837,0.5389077272193264,0.10381136112090128,Pass
EOG7F2GC9|Drosophila_ficusphila|AHE_132_S13_merged_SPM|NODE_26276_length_333_cov_0.824219_S,0.2888047565655538,0.5185516877384065,0.10381930283328933,Pass
EOG7F2GC9|Hermetia_illucens|AHE_132_S13_merged_SPM_1|NODE_607_length_253_cov_0.795455_R,0.2853932001520489,0.5233656957928802,0.11118816458622283,Pass
EOG7F2GC9|Zeugodacus_cucurbitae|AHE_133_S17_merged_SPM|NODE_57060_length_294_cov_1.023041_R,0.2810959705922789,0.804419249705291,0.24939324596075174,Pass
EOG7F2GC9|Lucilia_sericata|AHE_133_S17_merged_SPM_1|NODE_29387_length_267_cov_0.831579_R,0.2914774600691337,0.6883187916909733,0.22638800821771887,Pass
EOG7F2GC9|Stomoxys_calcitrans|AHE_138_S13_merged_SPM|NODE_6120_length_261_cov_0.869565_R,0.1290467774404013,0.4254954954954956,0.14864864864864868,Pass
EOG7F2GC9|Lucilia_sericata|AHE_138_S13_merged_SPM_1|NODE_12773_length_203_cov_2.039683_R,0.20066132874302745,0.6977986257928118,0.22700845665961944,Pass
EOG7F2GC9|Scaptodrosophila_lebanonensis|AHE_139_S14_merged_SPM|NODE_31314_length_238_cov_0.875776_R,0.3523695768926968,0.4768182704148983,0.09203426920998303,Pass
EOG7F2GC9|Lucilia_sericata|AHE_13_S26_merged_SPM|NODE_104293_length_247_cov_0.870588_R,0.26178048468620635,0.7648012646793135,0.25835591689250226,Pass
EOG7F2GC9|Scaptodrosophila_lebanonensis|AHE_141_S15_merged_SPM|NODE_51930_length_274_cov_1.035533_R,0.28491707986141346,0.5422691885417705,0.12995308913065173,Pass
EOG7F2GC9|Zeugodacus_cucurbitae|AHE_143_S57_merged_SPM|NODE_12853_length_403_cov_0.923313_S,0.2448801788858357,0.687711038961039,0.22564935064935066,Pass
EOG7F2GC9|Drosophila_melanogaster|AHE_14_S48_merged_SPM|NODE_5097_length_432_cov_1.030986_S,0.2580874939638845,0.5193854997101549,0.1181305278624355,Pass
EOG7F2GC9|Zeugodacus_cucurbitae|AHE_189_S21_merged_SPM|NODE_38778_length_258_cov_1.635359_R,0.2110561903568266,0.7278294191137101,0.24105258737441082,Pass
EOG7F2GC9|Lucilia_sericata|AHE_152_S44_merged_SPM|NODE_28857_length_265_cov_0.787234_R,0.1981059687341521,0.7278294191137101,0.24105258737441082,Pass
EOG7F2GC9|Hermetia_illucens|AHE_157_S17_merged_SPM|NODE_83898_length_402_cov_0.630769_R,0.3413791235514873,0.651631557655655,0.14454055226314444,Pass
EOG7F2GC9|Scaptodrosophila_lebanonensis|AHE_157_S17_merged_SPM_1|NODE_75499_length_237_cov_0.712500_S,0.2924538866064735,0.5940939862706021,0.16744171332763913,Pass
EOG7F2GC9|Rhagoletis_pomonella|AHE_15_S51_merged_SPM|NODE_67305_length_230_cov_0.830065_S,0.4362848314709813,1.1103810701346446,0.29247559534469303,Pass
EOG7F2GC9|Teleopsis_dalmanni|AHE_161_S18_merged_SPM|NODE_92816_length_237_cov_0.737500_R,0.12045325664660679,0.397714012434242,0.1423720707795313,Pass
EOG7F2GC9|Lucilia_sericata|AHE_164_S19_merged_SPM|NODE_30062_length_115_cov_170_AU,0.35353847431102625,0.5167496443812234,0.12062588904694171,Pass
EOG7F2GC9|Drosophila_melanogaster|AHE_167_S32_merged_SPM|NODE_121_length_438_cov_1.379501_R,0.33620200428948316,0.44696394398051487,0.10796363952679189,Pass
EOG7F2GC9|Scaptodrosophila_lebanonensis|AHE_168_S70_merged_SPM|NODE_71705_length_268_cov_0.774869_R,0.40311789980612855,0.620359477124183,0.1328976034858388,Pass
EOG7F2GC9|Lucilia_sericata|AHE_169_S19_merged_SPM|NODE_20906_length_365_cov_0.954861_S,0.22956138309637664,0.6268434968890778,0.2038477398807501,Pass
EOG7F2GC9|Teleopsis_dalmanni|AHE_171_S44_merged_SPM|NODE_22482_length_252_cov_0.880000_S,0.4060784298312683,0.7141053921568626,0.158578431372549,Pass
EOG7F2GC9|Zeugodacus_cucurbitae|AHE_172_S16_merged_SPM|NODE_34157_length_275_cov_1.121212_S,0.22134872891229218,0.46940999173085246,0.09647712803666303,Pass
EOG7F2GC9|Hermetia_illucens|AHE_172_S16_merged_SPM_1|NODE_34236_length_275_cov_0.878788_S,0.3458319000114666,0.4639887640449438,0.101123595505618,Pass
EOG7F2GC9|Lucilia_sericata|AHE_173_S62_merged_SPM|NODE_17478_length_251_cov_0.747126_R,0.2646580981854332,0.641229340239856,0.20470454852768327,Pass
EOG7F2GC9|Bradysia_coprophila|AHE_175_S40_merged_SPM|NODE_12465_length_366_cov_0.653979_S,0.24496631029298702,0.5867999583463502,0.19624075809642827,Pass
EOG7F2GC9|Lucilia_sericata|AHE_175_S40_merged_SPM_1|NODE_47665_length_229_cov_0.907895_S,0.23344080063114095,0.6481520778072501,0.2112290008841733,Pass
EOG7F2GC9|Drosophila_ficusphila|AHE_179_S20_merged_SPM|NODE_78243_length_255_cov_0.831461_R,0.2896646192629217,0.5368529999775365,0.11748320866185946,Pass
EOG7F2GC9|Scaptodrosophila_lebanonensis|AHE_179_S20_merged_SPM_1|NODE_44910_length_240_cov_0.907975_R,0.3012249980240887,0.4682487293211175,0.09194859011298517,Pass
EOG7F2GC9|Scaptodrosophila_lebanonensis|AHE_180_S71_merged_SPM|NODE_35387_length_268_cov_1.162304_S,0.24064880095705682,0.5102130574452002,0.12013416477702188,Pass
EOG7F2GC9|Teleopsis_dalmanni|AHE_182_S27_merged_SPM|NODE_12779_length_262_cov_0.800000_R,0.2966085528860218,0.44052201880257313,0.08223651657595255,Pass
EOG7F2GC9|Lucilia_sericata|AHE_184_S38_merged_SPM|NODE_39596_length_263_cov_0.725806_S,0.2462433961503497,0.6464428985064071,0.20691945301824222,Pass
EOG7F2GC9|Drosophila_ficusphila|AHE_186_S45_merged_SPM|NODE_26196_length_249_cov_0.860465_R,0.3475665347843317,0.5226071521504777,0.08724582729266572,Pass
EOG7F2GC9|Glossina_morsitans|AHE_190_S36_merged_SPM|NODE_10469_length_242_cov_0.757576_R,0.2664248768384923,0.6051435309745471,0.1916335513503169,Pass
EOG7F2GC9|Scaptodrosophila_lebanonensis|AHE_191_S25_merged_SPM|NODE_733_length_260_cov_0.808743_R,0.2744290542512143,0.5626712642243442,0.1378435166115376,Pass
EOG7F2GC9|Hermetia_illucens|AHE_193_S55_merged_SPM|NODE_56966_length_390_cov_0.849840_R,0.3830043691953096,0.678154313839027,0.13956902969641816,Pass
EOG7F2GC9|Drosophila_ficusphila|AHE_195_S23_merged_SPM|NODE_20199_length_242_cov_0.896970_R,0.3046746042079126,0.4707104115223841,0.07132933317963686,Pass
EOG7F2GC9|Hermetia_illucens|AHE_197_S33_merged_SPM|NODE_9518_length_405_cov_0.603659_S,0.4396524963623989,0.6941083904225734,0.14817201383707523,Pass
EOG7F2GC9|Zeugodacus_cucurbitae|AHE_198_S28_merged_SPM|NODE_9665_length_241_cov_0.841463_R,0.23178002766629274,0.47352858499368844,0.09533154728669657,Pass
EOG7F2GC9|Aedes_aegypti|AHE_199_S37_merged_SPM|NODE_49722_length_107_cov_154_A,0.31269398490635,0.5430116959064327,0.11695906432748537,Pass
EOG7F2GC9|Drosophila_ficusphila|AHE_201_S72_merged_SPM|NODE_21146_length_385_cov_0.603896_S,0.1990857915148692,0.4544110045230878,0.12242869213891638,Pass
EOG7F2GC9|Scaptodrosophila_lebanonensis|AHE_201_S72_merged_SPM_1|NODE_54734_length_271_cov_0.762887_S,0.25805907219135765,0.5640361856457243,0.13949334642233857,Pass
EOG7F2GC9|Hermetia_illucens|AHE_203_S73_merged_SPM|NODE_40166_length_263_cov_0.704301_S,0.3161009895614972,0.5049697244928852,0.10397474157692144,Pass
EOG7F2GC9|Scaptodrosophila_lebanonensis|AHE_205_S52_merged_SPM|NODE_33555_length_241_cov_1.103659_R,0.3195987552631271,0.4758950086058521,0.10373315923793702,Pass
EOG7F2GC9|Bactrocera_oleae|AHE_207_S65_merged_SPM|NODE_32725_length_240_cov_0.907975_R,0.3308422842947963,0.5471831180579987,0.10208322862743124,Pass
EOG7F2GC9|Lucilia_sericata|AHE_271_S21_SPM|NODE_13990_length_267_cov_0.778947_R,0.18461088727614738,0.6836892480171745,0.22524897131611898,Pass
EOG7F2GC9|Lucilia_sericata|AHE_210_S53_merged_SPM|NODE_27544_length_251_cov_0.850575_R,0.18844126553410645,0.6836892480171745,0.22524897131611898,Pass
EOG7F2GC9|Hermetia_illucens|AHE_213_S29_merged_SPM|NODE_24089_length_281_cov_1.450980_R,0.2557869111938437,0.565142857142857,0.1399999999999999,Pass
EOG7F2GC9|Lucilia_sericata|AHE_220_S54_merged_SPM|NODE_9526_length_268_cov_0.774869_R,0.2106250141028949,0.7428737768079375,0.2508779706092945,Pass
EOG7F2GC9|Lucilia_sericata|AHE_252_S17_SPM|NODE_48524_length_315_cov_1.176471_S,0.21881404259110754,0.6799053275924677,0.2284661958366373,Pass
EOG7F2GC9|Scaptodrosophila_lebanonensis|AHE_252_S17_SPM_1|NODE_117267_length_254_cov_0.836158_R,0.27363562364386695,0.44659036144578307,0.08385542168674698,Pass
EOG7F2GC9|Bactrocera_oleae|AHE_252_S17_SPM_2|NODE_46504_length_321_cov_0.745902_S,0.42864394100325254,0.5100489243424028,0.09744676592502688,Pass
EOG7F2GC9|Zeugodacus_cucurbitae|AHE_255_S18_SPM|NODE_118168_length_205_cov_2.187500_R,0.454515110117987,1.0701627503852078,0.3309899845916795,Pass
EOG7F2GC9|Zeugodacus_cucurbitae|AHE_256_S19_SPM|NODE_31180_length_269_cov_0.770833_R,0.26610776547182696,0.45370167637355935,0.08987498750649664,Pass
EOG7F2GC9|Musca_domestica|AHE_258_S17_SPM|NODE_13239_length_578_cov_1.149701_S,0.24596603826036414,0.4905962678128458,0.11746206537247861,Pass
EOG7F2GC9|Bactrocera_oleae|AHE_258_S17_SPM_1|NODE_7356_length_688_cov_0.968903_S,0.34239670514660664,0.5250058088837307,0.08798970905472897,Pass
EOG7F2GC9|Rhagoletis_pomonella|AHE_259_S18_SPM|NODE_82207_length_596_cov_0.816956_R,0.3668575429774417,0.5377772751744336,0.09028251787406322,Pass
EOG7F2GC9|Hermetia_illucens|AHE_259_S18_SPM_1|NODE_67846_length_344_cov_1.382022_S,0.41749233165541244,0.6977710525882371,0.1474447024721247,Pass
EOG7F2GC9|Bactrocera_oleae|AHE_262_S21_SPM|NODE_69114_length_253_cov_0.829545_R,0.18304444573099976,0.6993221893073774,0.23543518126675123,Pass
EOG7F2GC9|Drosophila_melanogaster|AHE_265_S23_SPM|NODE_20136_length_355_cov_1.064748_R,0.2941931808661904,0.558706896551724,0.1155172413793103,Pass
EOG7F2GC9|Hermetia_illucens|AHE_265_S23_SPM_1|NODE_88723_length_258_cov_1.635359_R,0.22979037880660524,0.5305400389811308,0.12357646366514763,Pass
EOG7F2GC9|Scaptodrosophila_lebanonensis|AHE_266_S26_SPM|NODE_4399_length_537_cov_2.004348_R,0.27241550780015766,0.5363149179006976,0.11985180948357599,Pass
EOG7F2GC9|Lucilia_sericata|AHE_266_S26_SPM_1|NODE_51593_length_443_cov_1.051913_S,0.2479935086756103,0.7134291187739463,0.23754789272030652,Pass
EOG7F2GC9|Hermetia_illucens|AHE_267_S19_SPM|NODE_141351_length_230_cov_0.967320_S,0.23198892846925087,0.5385898092700924,0.125155718622375,Pass
EOG7F2GC9|Scaptodrosophila_lebanonensis|AHE_270_S22_SPM|NODE_33903_length_232_cov_0.774194_R,0.2764551256331033,0.46592909946236577,0.10097446236559149,Pass
EOG7F2GC9|Zeugodacus_cucurbitae|AHE_272_S22_SPM|NODE_117256_length_278_cov_1.472637_R,0.19902496093283276,0.7373973880597017,0.25263859275053313,Pass
EOG7F2GC9|Glossina_morsitans|AHE_273_S20_SPM|NODE_86328_length_235_cov_1.873418_R,0.2319718703288994,0.5785557470632098,0.18797291185350884,Pass
EOG7F2GC9|Hermetia_illucens|AHE_275_S22_SPM|NODE_25216_length_488_cov_1.369830_S,0.3230506190335493,0.6486600181058901,0.14589425993216543,Pass
EOG7F2GC9|Musca_domestica|AHE_275_S22_SPM_1|NODE_88440_length_317_cov_1.575000_S,0.2264076486890331,0.5616734889718561,0.1727392679891443,Pass
EOG7F2GC9|Scaptodrosophila_lebanonensis|AHE_275_S22_SPM_2|NODE_68791_length_255_cov_1.174157_R,0.27001879001026785,0.44382127385220954,0.08364533022656062,Pass
EOG7F2GC9|Scaptodrosophila_lebanonensis|AHE_275_S22_SPM_3|NODE_155803_length_290_cov_0.943662_R,0.3228671958769679,0.5778995206267935,0.12437071527980625,Pass
EOG7F2GC9|Zeugodacus_cucurbitae|AHE_276_S23_SPM|NODE_60418_length_265_cov_1.574468_R,0.27193823021850017,0.739676380216077,0.2445237387253445,Pass
EOG7F2GC9|Hermetia_illucens|JSM_6310_S13_SPM_1|NODE_662785_length_263_cov_508_AU,0.2268205482406773,0.5511002785515319,0.13649025069637877,Pass
EOG7F2GC9|Hermetia_illucens|AHE_277_S24_SPM|NODE_97832_length_230_cov_0.967320_S,0.2516641712925426,0.5511002785515319,0.13649025069637877,Pass
EOG7F2GC9|Hermetia_illucens|AHE_278_S24_SPM|NODE_457980_length_144_cov_228_AU,0.3201108001584111,0.5843288701545584,0.12430779403256476,Pass
EOG7F2GC9|Drosophila_melanogaster|AHE_279_S25_SPM|NODE_75480_length_327_cov_0.888000_R,0.32602083141303345,0.5502846975088966,0.10854092526690384,Pass
EOG7F2GC9|Drosophila_melanogaster|AHE_281_S27_SPM|NODE_17652_length_264_cov_0.791444_R,0.30349791152492483,0.5101111871704442,0.08761043071077457,Pass
EOG7F2GC9|Rhagoletis_pomonella|AHE_281_S27_SPM_1|NODE_11171_length_289_cov_0.985849_R,0.22553960611761717,0.7534402948809413,0.2605746662944467,Pass
EOG7F2GC9|Stomoxys_calcitrans|AHE_283_S23_SPM|NODE_11682_length_581_cov_0.944444_S,0.257045539062055,0.48926082407854515,0.12526154836632875,Pass
EOG7F2GC9|Drosophila_melanogaster|AHE_34_S58_merged_SPM|NODE_21058_length_259_cov_0.813187_R,0.1633730660094952,0.44176342683192005,0.1264405305501196,Pass
EOG7F2GC9|Stomoxys_calcitrans|AHE_36_S19_merged_SPM|NODE_66619_length_301_cov_0.566964_S,0.3204092995338788,0.5674630523370452,0.12141743817017514,Pass
EOG7F2GC9|Drosophila_melanogaster|AHE_3_S23_merged_SPM|NODE_11105_length_253_cov_0.801136_R,0.31096098656702387,0.5773340718070527,0.13277681344783476,Pass
EOG7F2GC9|Hermetia_illucens|AHE_40_S58_merged_SPM|NODE_13969_length_245_cov_0.875000_R,0.2241240760269475,0.4383362800565772,0.08717626688777258,Pass
EOG7F2GC9|Drosophila_ficusphila|AHE_46_S20_merged_SPM|NODE_61476_length_243_cov_0.789157_R,0.3373984158361475,0.4998023918787374,0.08809901265470732,Pass
EOG7F2GC9|Musca_domestica|AHE_4_S10_merged_SPM|NODE_74468_length_298_cov_0.755656_S,0.28977400899030553,0.5404599019710083,0.1141412034623005,Pass
EOG7F2GC9|Teleopsis_dalmanni|AHE_50_S50_merged_SPM|NODE_58791_length_229_cov_0.973684_S,0.13394611310274437,0.4096241307547841,0.14669306126592563,Pass
EOG7F2GC9|Musca_domestica|AHE_50_S50_merged_SPM_1|NODE_11022_length_235_cov_0.791139_R,0.29775017960261624,0.5364598680637169,0.11413247553763217,Pass
EOG7F2GC9|Drosophila_melanogaster|AHE_51_S42_merged_SPM|NODE_63339_length_268_cov_0.774869_R,0.24163259595197106,0.5413248460356187,0.11710966133210088,Pass
EOG7F2GC9|Scaptodrosophila_lebanonensis|AHE_54_S60_merged_SPM|NODE_23844_length_285_cov_1.019231_R,0.30439164685641606,0.442559686484814,0.08462331769195064,Pass
EOG7F2GC9|Scaptodrosophila_lebanonensis|AHE_60_S67_merged_SPM|NODE_7775_length_506_cov_0.524476_S,0.2748057587939256,0.5087128712871286,0.12376237623762376,Pass
EOG7F2GC9|Lucilia_sericata|AHE_63_S36_merged_SPM|NODE_70697_length_282_cov_0.936585_R,0.23879402059773047,0.6751844262295082,0.22336065573770492,Pass
EOG7F2GC9|Drosophila_melanogaster|AHE_64_S44_merged_SPM|NODE_138157_length_140_cov_220_AU,0.21823008279438466,0.6375185348308009,0.17940248109814283,Pass
EOG7F2GC9|Scaptodrosophila_lebanonensis|AHE_65_S28_merged_SPM|NODE_212007_length_119_cov_178_AU,0.33957880976549637,0.5443401015228426,0.11861597430850512,Pass
EOG7F2GC9|Musca_domestica|AHE_70_S45_merged_SPM|NODE_97916_length_231_cov_0.668831_S,0.23147806665549164,0.4993139334304335,0.16083953633538495,Pass
EOG7F2GC9|Hermetia_illucens|AHE_72_S37_merged_SPM|NODE_57524_length_243_cov_0.740964_R,0.3595314986065208,0.7066724336793541,0.1508132664830638,Pass
EOG7F2GC9|Scaptodrosophila_lebanonensis|AHE_74_S51_merged_SPM|NODE_33118_length_256_cov_0.826816_R,0.3594307517999085,0.6038639053254438,0.16473372781065088,Pass
EOG7F2GC9|Teleopsis_dalmanni|AHE_75_S41_merged_SPM|NODE_31616_length_433_cov_0.696629_R,0.3436235298845721,0.6427525768093347,0.13283096378237258,Pass
EOG7F2GC9|Hermetia_illucens|AHE_80_S13_merged_SPM|NODE_34977_length_232_cov_0.954839_R,0.2820825448409599,0.4858236861517153,0.097272193535761,Pass
EOG7F2GC9|Bradysia_coprophila|AHE_85_S54_merged_SPM|NODE_15359_length_263_cov_0.725806_S,0.2188626879670979,0.4932131202610617,0.16466551492465697,Pass
EOG7F2GC9|Teleopsis_dalmanni|AHE_89_S15_merged_SPM|NODE_23836_length_240_cov_0.828221_S,0.3759272625645863,0.4892740785627719,0.10545733228773085,Pass
EOG7F2GC9|Scaptodrosophila_lebanonensis|AHE_8_S50_merged_SPM|NODE_73327_length_275_cov_0.747475_S,0.2818663399065296,0.5771501257151909,0.14130585417037878,Pass
EOG7F2GC9|Zeugodacus_cucurbitae|AHE_8_S50_merged_SPM_2|NODE_87980_length_260_cov_0.808743_R,0.2313129491544153,0.46402062407470057,0.08788699799310362,Pass
EOG7F2GC9|Lucilia_sericata|AHE_8_S50_merged_SPM_3|NODE_105028_length_233_cov_0.948718_R,0.23612152921674265,0.7206240691093239,0.24175496829652332,Pass
EOG7F2GC9|Glossina_morsitans|AHE_8_S50_merged_SPM_1|NODE_78003_length_237_cov_1.175000_R,0.1563617083256938,0.4643115942028986,0.16284357821089457,Pass
EOG7F2GC9|Lucilia_sericata|AHE_90_S49_merged_SPM|NODE_15602_length_264_cov_0.786096_R,0.34563612477517425,0.6026879620588644,0.17694239084949082,Pass
EOG7F2GC9|Musca_domestica|AHE_95_S21_merged_SPM|NODE_20199_length_338_cov_0.931034_S,0.18817230632382423,0.4718337430224818,0.1595355149280484,Pass
EOG7F2GC9|Scaptodrosophila_lebanonensis|CNC457425_S9_SPM|NODE_53441_length_180_cov_300_AU,0.2346727180608876,0.5915362035225048,0.16360078277886492,Pass
EOG7F2GC9|Zeugodacus_cucurbitae|CNC484014_S2_SPM|NODE_44130_length_320_cov_580_A,0.27413374944953994,0.6039756069628951,0.1465758131012368,Pass
EOG7F2GC9|Glossina_morsitans|CNC484244_S9_SPM|NODE_1953_length_219_cov_378_A,0.21690560848780302,0.6164396513311796,0.19420463406483235,Pass
EOG7F2GC9|Hermetia_illucens|CNC484528_S17_SPM|NODE_34465_length_206_cov_390_AU,0.2877957242710979,0.5372916666666666,0.10671768707482987,Pass
EOG7F2GC9|Drosophila_melanogaster|JSS17034_S75_SPM|NODE_15121_length_176_cov_292_A,0.156348882542273,0.4209905254091301,0.11688199827734713,Pass
EOG7F2GC9|Drosophila_melanogaster|CNC485058_S23_SPM|NODE_26388_length_191_cov_322_AU,0.14165415773247023,0.4209905254091301,0.11688199827734713,Pass
EOG7F2GC9|Bradysia_coprophila|CNC485220_S86_SPM|NODE_37618_length_239_cov_418_AU,0.24723954567355022,0.5011072048214774,0.12607067847685138,Pass
EOG7F2GC9|Stomoxys_calcitrans|CNC485506_S88_SPM|NODE_83293_length_148_cov_236_A,0.2421250612647465,0.6414014607279694,0.1640924329501916,Pass
EOG7F2GC9|Glossina_morsitans|CNC485510_S91_SPM|NODE_206269_length_125_cov_190_AU,0.17328546903822334,0.7326640577965081,0.25105358217941,Pass
EOG7F2GC9|Rhagoletis_pomonella|CNC485774_S81_SPM|NODE_5664_length_161_cov_262_AU,0.49244615708164835,0.9735538944259873,0.2563135652550247,Pass
EOG7F2GC9|Hermetia_illucens|CNC574532_S44_SPM|NODE_101812_length_175_cov_290_AU,0.2996339430861509,0.8487516711229947,0.24294786096256682,Pass
EOG7F2GC9|Hermetia_illucens|CNC684456_S45_SPM|NODE_31843_length_119_cov_178_A,0.2156771578524177,0.3995377195014819,0.07642537190960258,Pass
EOG7F2GC9|Teleopsis_dalmanni|CNC944366_S48_SPM|NODE_68615_length_134_cov_208_AU,0.2231781247834611,0.41286584896853495,0.07547411354280481,Pass
EOG7F2GC9|Lucilia_sericata|CNC_Dip1455_S94_SPM|NODE_14586_length_179_cov_534_AU,0.2607711060873136,0.7345091779728651,0.21029529130087787,Pass
EOG7F2GC9|Musca_domestica|CNC_Dip208891_S34_SPM|NODE_40519_length_272_cov_484_AU,0.10610057783655169,0.4132995951417002,0.1451706188548293,Pass
EOG7F2GC9|Hermetia_illucens|CNC_Diptera12811_S75_SPM|NODE_17019_length_203_cov_346_AU,0.39183908525215133,0.7476090784582275,0.16347094502054405,Pass
EOG7F2GC9|Lucilia_sericata|JSBVM_26_S2_SPM|NODE_1026853_length_183_cov_306_AU,0.27154137108215254,0.5889366079465088,0.17738202391667734,Pass
EOG7F2GC9|Musca_domestica|JSBVM_75_S7_SPM|NODE_448833_length_226_cov_392_AU,0.3221589614917161,0.567790131208008,0.12123795751079758,Pass
EOG7F2GC9|Bactrocera_oleae|JSM12015_S64_SPM|NODE_131748_length_134_cov_208_A,0.22444022868690247,0.5940996692942015,0.15798320529292692,Pass
EOG7F2GC9|Musca_domestica|JSM13170_S54_SPM|NODE_8461_length_151_cov_242_AU,0.27187561487834944,0.7372402513278922,0.236332426480114,Pass
EOG7F2GC9|Musca_domestica|JSM_10502_S4_SPM|NODE_451650_length_352_cov_1200_AU,0.13526637463834335,0.4359522466682081,0.13904132380560263,Pass
EOG7F2GC9|Hermetia_illucens|JSM_6712_S3_SPM_1|NODE_24471_length_224_cov_3.061856_R,0.28722509104376537,0.4734850750253645,0.09620334276712772,Pass
EOG7F2GC9|Hermetia_illucens|JSM_10506_S5_SPM|NODE_119995_length_254_cov_2.299213_R,0.2513568435772058,0.4734850750253645,0.09620334276712772,Pass
EOG7F2GC9|Hermetia_illucens|JSM_10506_S5_SPM_1|NODE_3451088_length_189_cov_364_AU,0.26378475842485893,0.5487079326923076,0.12944711538461534,Pass
EOG7F2GC9|Lucilia_sericata|JSM_10540_S15_SPM|NODE_9610_length_888_cov_0.969777_S,0.3757309629567082,1.1468910745524248,0.36099117876949416,Pass
EOG7F2GC9|Lucilia_sericata|JSM_10540_S15_SPM_3|NODE_2059423_length_190_cov_322_AU,0.24426013815942715,0.5232409540588157,0.12053510928697275,Pass
EOG7F2GC9|Lucilia_sericata|JSM_10540_S15_SPM_1|NODE_1985095_length_232_cov_425_AU,0.1471941782401476,0.5773119413610358,0.1936219579718934,Pass
EOG7F2GC9|Lucilia_sericata|JSM_10540_S15_SPM_2|NODE_153138_length_360_cov_2.446352_R,0.2851329345038152,0.6611002023397735,0.17609254496121307,Pass
EOG7F2GC9|Glossina_morsitans|JSM_10605_S1_SPM|NODE_2124463_length_320_cov_884_AU,0.17224222385104088,0.6210221130221129,0.20289926289926286,Pass
EOG7F2GC9|Bradysia_coprophila|JSM_10609_S2_SPM|NODE_3062776_length_243_cov_624_AU,0.21767674683370544,0.6471593830334191,0.21593830334190234,Pass
EOG7F2GC9|Hermetia_illucens|JSM_10609_S2_SPM_1|NODE_99880_length_190_cov_2.507937_R,0.22594561189391807,0.6495476454038099,0.21695263133619302,Pass
EOG7F2GC9|Musca_domestica|JSM_10611_S9_SPM|NODE_333928_length_470_cov_1056_AU,0.23537324656596945,0.5718284087622354,0.18852658659481514,Pass
EOG7F2GC9|Zeugodacus_cucurbitae|JSM_10611_S9_SPM_1|NODE_46101_length_499_cov_1.263441_R,0.2604179498302906,0.5349636330823532,0.11855111514022137,Pass
EOG7F2GC9|Glossina_morsitans|JSM_10611_S9_SPM_2|NODE_584586_length_251_cov_442_AU,0.27445960758063076,0.5490647893772894,0.12488553113553114,Pass
EOG7F2GC9|Stomoxys_calcitrans|JSM_10636_S14_SPM|NODE_11162_length_431_cov_1.302632_S,0.17616006941144594,0.471827621745062,0.14506717480277598,Pass
EOG7F2GC9|Rhagoletis_pomonella|JSM_10699_S3_SPM|NODE_41418_length_739_cov_1.888889_S,0.21759452149505235,0.5370319947569112,0.17889061010486174,Pass
EOG7F2GC9|Hermetia_illucens|JSM_10699_S3_SPM_1|NODE_80865_length_582_cov_1.995604_S,0.2920897795521195,0.5197228244308041,0.10047625266640547,Pass
EOG7F2GC9|Zeugodacus_cucurbitae|JSM_11142_S4_SPM|NODE_90071_length_449_cov_1.105590_R,0.15992256029693097,0.6717337776543552,0.21982650322000497,Pass
EOG7F2GC9|Contarinia_nasturtii|JSM_11142_S4_SPM_2|NODE_1283307_length_326_cov_650_AU,0.2739980475900993,0.5204276953600578,0.11666140596113095,Pass
EOG7F2GC9|Stomoxys_calcitrans|JSM_6163_S11_SPM_2|NODE_728731_length_288_cov_622_AU,0.14571127800382888,0.4389055347482314,0.15875988347898462,Pass
EOG7F2GC9|Stomoxys_calcitrans|JSM_6152_S9_SPM_1|NODE_1249750_length_172_cov_448_AU,0.1273162471351911,0.4389055347482314,0.15875988347898462,Pass
EOG7F2GC9|Musca_domestica|JSM_11142_S4_SPM_3|NODE_1070940_length_205_cov_402_AU,0.14923417807379905,0.4389055347482314,0.15875988347898462,Pass
EOG7F2GC9|Glossina_morsitans|JSM_11142_S4_SPM_1|NODE_3362682_length_213_cov_366_AU,0.1692488727226873,0.5853996242231535,0.18778725249313477,Pass
EOG7F2GC9|Hermetia_illucens|JSM_11249_S5_SPM|NODE_353_length_2216_cov_1.856869_S,0.2635794463070621,0.6070830238201357,0.20299327011579638,Pass
EOG7F2GC9|Glossina_morsitans|JSM_11384_S6_SPM|NODE_63198_length_266_cov_3.726619_R,0.18699340492708702,0.5714847161572051,0.17685589519650646,Pass
EOG7F2GC9|Stomoxys_calcitrans|JSM_11384_S6_SPM_1|NODE_1763697_length_285_cov_1084_AU,0.10691700591510052,0.41314696809805984,0.14029141975809722,Pass
EOG7F2GC9|Teleopsis_dalmanni|JSM_11396_S7_SPM|NODE_101404_length_1064_cov_1.981857_R,0.2846662114648208,0.5759750470767776,0.11536774708455466,Pass
EOG7F2GC9|Bradysia_coprophila|JSM_11457_S8_SPM|NODE_4762254_length_421_cov_1140_AU,0.2093216434992398,0.5046763101609752,0.17491941013334433,Pass
EOG7F2GC9|Aedes_aegypti|JSM_11457_S8_SPM_2|NODE_4582630_length_257_cov_896_AU,0.3018777647145962,0.48704022988505735,0.10057471264367812,Pass
EOG7F2GC9|Bradysia_coprophila|JSM_11457_S8_SPM_1|NODE_4754065_length_293_cov_965_AU,0.29137662748918214,0.7116749309824508,0.23685270272237235,Pass
EOG7F2GC9|Lucilia_sericata|JSM_11468_S9_SPM|NODE_788710_length_252_cov_602_AU,0.15704936712389408,0.5571223185759927,0.1670470104974897,Pass
EOG7F2GC9|Hermetia_illucens|JSM_11505_S16_SPM|NODE_142438_length_242_cov_424_AU,0.1620634551798356,0.44580127652233903,0.16016905295842676,Pass
EOG7F2GC9|Hermetia_illucens|JSM_11685_S10_SPM|NODE_107768_length_476_cov_1.782235_S,0.3366866160609686,0.47252800557932156,0.12416792761826478,Pass
EOG7F2GC9|Bradysia_coprophila|JSM_11685_S10_SPM_3|NODE_2863504_length_318_cov_820_AU,0.3352249547007722,0.5195213321399269,0.11514507346908331,Pass
EOG7F2GC9|Anopheles_stephensi|JSM_11685_S10_SPM_1|NODE_42531_length_440_cov_1.779553_R,0.2977530117194003,0.5473259091592141,0.12596777951022936,Pass
EOG7F2GC9|Aedes_aegypti|JSM_11685_S10_SPM_2|NODE_3234836_length_195_cov_330_AU,0.2946938836154343,0.539606948757764,0.1725737577639752,Pass
EOG7F2GC9|Stomoxys_calcitrans|JSM_11709_S11_SPM|NODE_5169343_length_234_cov_497_AU,0.2628457486613334,0.5365777153558052,0.1285932648292199,Pass
EOG7F2GC9|Teleopsis_dalmanni|JSM_11804_S12_SPM|NODE_32011_length_591_cov_1.631466_S,0.3272206869189782,0.5417067275062389,0.10689248311075383,Pass
EOG7F2GC9|Stomoxys_calcitrans|JSM_11804_S12_SPM_2|NODE_1469702_length_182_cov_332_AU,0.08343572416784342,0.34540658955485454,0.12091532722447551,Pass
EOG7F2GC9|Bactrocera_dorsalis|JSM_11804_S12_SPM_3|NODE_1826426_length_199_cov_413_AU,0.2575026441427166,0.6739908796704913,0.23595175051485728,Pass
EOG7F2GC9|Stomoxys_calcitrans|JSM_11804_S12_SPM_1|NODE_69881_length_489_cov_1.627072_R,0.34790066928604757,0.6697432678072822,0.15518430373104963,Pass
EOG7F2GC9|Musca_domestica|JSM_11807_S13_SPM|NODE_122757_length_576_cov_1.006682_R,0.23155711380203356,0.7412821065905623,0.245320899980089,Pass
EOG7F2GC9|Stomoxys_calcitrans|JSM_11807_S13_SPM_1|NODE_1067313_length_194_cov_514_AU,0.17877836245686032,0.618029004954583,0.19555119735755577,Pass
EOG7F2GC9|Bactrocera_dorsalis|JSM_1944_S2_SPM|NODE_3935784_length_218_cov_376_AU,0.313566742327345,0.5755525146589784,0.11028008746639917,Pass
EOG7F2GC9|Teleopsis_dalmanni|JSM_2977_S7_SPM|NODE_348683_length_113_cov_166_AU,0.3313942532424546,0.5325743671379967,0.11617816899210287,Pass
EOG7F2GC9|Zeugodacus_cucurbitae|JSM_4942_S10_SPM|NODE_188992_length_161_cov_262_AU,0.22847875657967806,0.7595138888888888,0.2569444444444444,Pass
EOG7F2GC9|Rhagoletis_pomonella|JSM_4972_S8_SPM|NODE_20000_length_163_cov_266_AU,0.3873465824979974,0.9426626731112026,0.2463249005896065,Pass
EOG7F2GC9|Stomoxys_calcitrans|JSM_5812_S4_SPM|NODE_114804_length_221_cov_468_AU,0.11918565301323562,0.419342503240674,0.15042488837678236,Pass
EOG7F2GC9|Stomoxys_calcitrans|JSM_5861_S5_SPM|NODE_502608_length_227_cov_394_AU,0.18225931090529102,0.5599486182474654,0.17710040272184413,Pass
EOG7F2GC9|Hermetia_illucens|JSM_6006_S14_SPM|NODE_57106_length_917_cov_1.481013_R,0.2507728167663157,0.6680285946850365,0.21947815076649435,Pass
EOG7F2GC9|Hermetia_illucens|JSM_6006_S14_SPM_1|NODE_5192_length_1895_cov_2.299774_S,0.3188005466710683,0.5629289564007538,0.1109692638875528,Pass
EOG7F2GC9|Teleopsis_dalmanni|JSM_6043_S6_SPM|NODE_16367_length_215_cov_4.000000_R,0.25306532467913534,0.5046888785697702,0.09212909217552823,Pass
EOG7F2GC9|Hermetia_illucens|JSM_6055_S7_SPM|NODE_417806_length_643_cov_1693_AU,0.21811098282337002,0.46875759865642497,0.12918062102758165,Pass
EOG7F2GC9|Drosophila_melanogaster|JSM_6055_S7_SPM_2|NODE_914346_length_172_cov_284_AU,0.17764394114747234,0.7234607552758238,0.2485190670122177,Pass
EOG7F2GC9|Lucilia_sericata|JSM_6145_S8_SPM|NODE_231885_length_230_cov_526_AU,0.16249877732853057,0.6282823437905108,0.20222971221156338,Pass
EOG7F2GC9|Hermetia_illucens|JSM_6145_S8_SPM_1|NODE_416673_length_371_cov_1382_AU,0.2990197073897279,0.6486305732484077,0.14831665150136486,Pass
EOG7F2GC9|Teleopsis_dalmanni|JSM_6145_S8_SPM_2|NODE_2550173_length_400_cov_810_AU,0.14786778789571853,0.4686277246540357,0.15311516303379458,Pass
EOG7F2GC9|Glossina_morsitans|JSM_6152_S9_SPM|NODE_1887831_length_287_cov_1179_AU,0.1687377837456861,0.5513444045694388,0.17412102261623463,Pass
EOG7F2GC9|Stomoxys_calcitrans|JSM_6152_S9_SPM_2|NODE_1031577_length_241_cov_456_AU,0.18780216918969755,0.7241043612787416,0.24408044687459407,Pass
EOG7F2GC9|Rhagoletis_pomonella|JSM_6153_S10_SPM|NODE_1822_length_1492_cov_1.186081_S,0.33134687750349817,0.5775598031243472,0.1046083748619856,Pass
EOG7F2GC9|Glossina_morsitans|JSM_6153_S10_SPM_1|NODE_27724_length_252_cov_2.184000_R,0.1656139653645982,0.7610566303284748,0.2570787910593735,Pass
EOG7F2GC9|Teleopsis_dalmanni|JSM_6153_S10_SPM_2|NODE_85856_length_510_cov_1.177546_R,0.13131359531200779,0.4178712743426829,0.13324551888010738,Pass
EOG7F2GC9|Lucilia_sericata|JSM_6163_S11_SPM|NODE_530931_length_253_cov_458_AU,0.17386746351406093,0.711629080150275,0.24045614669916238,Pass
EOG7F2GC9|Musca_domestica|JSM_6163_S11_SPM_1|NODE_56406_length_354_cov_688_AU,0.2506927920794968,0.46678429329291404,0.10146835922697994,Pass
EOG7F2GC9|Ceratitis_capitata|JSM_6206_S14_SPM|NODE_311129_length_340_cov_975_AU,0.32965580410410916,0.6138544554455446,0.13994059405940595,Pass
EOG7F2GC9|Lucilia_sericata|JSM_6258_S12_SPM|NODE_362884_length_162_cov_264_AU,0.1263541292787312,0.4404954079063873,0.1572596746471293,Pass
EOG7F2GC9|Glossina_morsitans|JSM_6310_S13_SPM|NODE_15576_length_511_cov_0.953125_S,0.21145180993648233,0.6712037532311473,0.21681465466840155,Pass
EOG7F2GC9|Rhagoletis_pomonella|JSM_6314_S15_SPM|NODE_1599903_length_149_cov_238_AU,0.19620966808230916,0.669365580943121,0.22057087297729006,Pass
EOG7F2GC9|Glossina_morsitans|JSM_642_S1_SPM|NODE_1341785_length_456_cov_1308_AU,0.18970038388357693,0.6912907005990762,0.2193430740385055,Pass
EOG7F2GC9|Scaptodrosophila_lebanonensis|JSM_6602_S10_SPM|NODE_224717_length_201_cov_342_AU,0.28262740720670093,0.589083751404561,0.1859559719562568,Pass
EOG7F2GC9|Musca_domestica|JSM_6712_S3_SPM|NODE_54148_length_425_cov_2.275168_R,0.22193984303530678,0.6077611372050831,0.19543090018375853,Pass
EOG7F2GC9|Scaptodrosophila_lebanonensis|JSM_6713_S4_SPM|NODE_256464_length_171_cov_282_AU,0.26649894590679146,0.5007264957264956,0.11788977306218684,Pass
EOG7F2GC9|Zeugodacus_cucurbitae|JSM_6892_S6_SPM|NODE_557738_length_176_cov_292_AU,0.24983578449821778,0.7359840425531915,0.24734042553191493,Pass
EOG7F2GC9|Hermetia_illucens|JSM_7037_II_S3_SPM|NODE_381396_length_239_cov_418_AU,0.32038873549433594,0.47845503637613374,0.09742717442709153,Pass
EOG7F2GC9|Ceratitis_capitata|JSM_7192_S14_SPM|NODE_1658609_length_134_cov_208_AU,0.15506155091483892,0.42889340963963174,0.11910936242510961,Pass
EOG7F2GC9|Teleopsis_dalmanni|JSM_7804_S15_SPM|NODE_61327_length_504_cov_1.416446_R,0.33468724710187253,0.6134555524383135,0.1285683302790993,Pass
EOG7F2GC9|Scaptodrosophila_lebanonensis|JSM_7821_S9_SPM|NODE_1565772_length_352_cov_1072_AU,0.15720687242280584,0.4376984256835369,0.12629981093659104,Pass
EOG7F2GC9|Musca_domestica|JSM_7821_S9_SPM_1|NODE_104141_length_307_cov_2.277778_R,0.22602471437479418,0.5751069466792431,0.17958996837374464,Pass
EOG7F2GC9|Glossina_morsitans|JSM_7821_S9_SPM_2|NODE_1698332_length_264_cov_468_AU,0.2756261300335943,0.5700217234613382,0.13181235734593355,Pass
EOG7F2GC9|Bactrocera_oleae|JSM_7821_S9_SPM_3|NODE_1999018_length_269_cov_478_AU,0.3092085349009326,0.506352999833792,0.09410717983284406,Pass
EOG7F2GC9|Zeugodacus_cucurbitae|JSM_8315_S13_SPM|NODE_33452_length_464_cov_2.284866_S,0.18677042947455777,0.6511004000262312,0.21452554265853496,Pass
EOG7F2GC9|Hermetia_illucens|JSM_8315_S13_SPM_1|NODE_219007_length_242_cov_424_AU,0.2945478301111039,0.4626923076923076,0.07692307692307687,Pass
EOG7F2GC9|Lucilia_sericata|JSM_8384_S2_SPM|NODE_1095554_length_155_cov_250_AU,0.16393263102753364,0.7474924924924925,0.26708974984837053,Pass
EOG7F2GC9|Stomoxys_calcitrans|JSM_8398_S11_SPM|NODE_219994_length_173_cov_286_AU,0.24339859888629425,0.5735087719298246,0.19122807017543864,Pass
EOG7F2GC9|Hermetia_illucens|JSM_8424_S12_SPM|NODE_66559_length_178_cov_2.901961_R,0.326309154510602,0.5088062283737026,0.10818445025068857,Pass
EOG7F2GC9|Hermetia_illucens|JSM_8601_S5_SPM|NODE_32038_length_522_cov_1.283544_S,0.2934851995565525,0.5411530785719566,0.12097716017444016,Pass
EOG7F2GC9|Rhagoletis_pomonella|JSM_8601_S5_SPM_1|NODE_105707_length_215_cov_370_AU,0.2336095296817837,0.7650346355527177,0.26204988293570175,Pass
EOG7F2GC9|Lucilia_sericata|JSM_8931_S10_SPM|NODE_3817_length_492_cov_1.435616_R,0.3403346031110824,0.8722215375693211,0.27146688897749105,Pass
EOG7F2GC9|Bactrocera_oleae|JSM_9082_S6_SPM|NODE_48845_length_271_cov_482_AU,0.20381455010357813,0.7221374092923087,0.2426370732108809,Pass
EOG7F2GC9|Zeugodacus_cucurbitae|JSM_9156_S14_SPM|NODE_166980_length_173_cov_286_AU,0.23198728056699133,0.4131991826581378,0.08388415067519545,Pass
EOG7F2GC9|Lucilia_sericata|JSM_9156_S14_SPM_1|NODE_25216_length_188_cov_4.000000_R,0.19927407461761484,0.6410185596182655,0.2002025190034955,Pass
EOG7F2GC9|Stomoxys_calcitrans|JSM_9171_S15_SPM|NODE_322502_length_186_cov_312_AU,0.15015532579492444,0.4470090413508841,0.1591923566395046,Pass
EOG7F2GC9|Teleopsis_dalmanni|JSM_9557_S16_SPM|NODE_288554_length_171_cov_282_AU,0.21133916464875746,0.4122571536752602,0.07647965645874621,Pass
EOG7F2GC9|Rhagoletis_pomonella|JSM_9724_S16_SPM|NODE_755541_length_275_cov_490_AU,0.16773174641616906,0.567264982373678,0.18537015276145707,Pass
EOG7F2GC9|Scaptodrosophila_lebanonensis|JSS16919_S15_SPM|NODE_18554_length_177_cov_294_AU,0.11320121353700462,0.36159660107334546,0.1265652951699464,Pass
EOG7F2GC9|Glossina_morsitans|JSS17104_S21_SPM|NODE_76527_length_280_cov_500_AU,0.19228645957969387,0.5695624347796816,0.17595600363550679,Pass
EOG7F2GC9|Zeugodacus_cucurbitae|JSS17128_S22_SPM|NODE_102870_length_234_cov_408_AU,0.26083391282237156,0.5815501780777257,0.13756216254707415,Pass
EOG7F2GC9|Stomoxys_calcitrans|JSS19037_S73_SPM|NODE_99800_length_206_cov_352_AU,0.2113237289724724,0.7405890464933017,0.23727907238545531,Pass
EOG7F2GC9|Musca_domestica|JSS50551_S55_SPM|NODE_95996_length_235_cov_410_AU,0.17610697978014073,0.48867011848120145,0.15811176415710415,Pass
EOG7F2GC9|Teleopsis_dalmanni|JSS50551_S55_SPM_1|NODE_41272_length_224_cov_776_AU,0.24355918478718575,0.44267754975124385,0.08805348258706469,Pass
EOG7F2GC9|Musca_domestica|Sample_487784_S4_SPM|NODE_1268522_length_538_cov_1654_AU,0.1809068653394272,0.4884636717374967,0.16176232744432084,Pass
EOG7F2GC9|Musca_domestica|Sample_655211_S1_SPM|NODE_41111_length_262_cov_2.977778_R,0.1475556114064698,0.44726429069362145,0.15276809573602879,Pass
EOG7F2GC9|Lucilia_sericata|Sander_Bot_Spec_74_S41_SPM|NODE_80233_length_271_cov_482_AU,0.16508112313944676,0.666687993530587,0.22095423841689665,Pass
EOG7F2GC9|Teleopsis_dalmanni|ZMFK_18031_S11_SPM|NODE_9653_length_268_cov_476_AU,0.3952645530386301,0.7512772944571253,0.16823506610965144,Pass
EOG7F2GC9|Musca_domestica|JXPC01.1_1|JXPC01132282.1_1,0.22925576496341293,0.7186104970423756,0.23788938687339745,Pass
EOG7F2GC9|Musca_domestica|CAJSMD01.1_1|CAJSMD010000038.1_959,0.2361241379386776,0.7186104970423756,0.23788938687339745,Pass
EOG7F2GC9|Musca_domestica|CAJHUG01.1|CAJHUG010000045.1_4162,0.2807173366631758,0.6137254485603797,0.1630640274929155,Pass
EOG7F2GC9|Stomoxys_calcitrans|CAJHUJ01.1|CAJHUJ010000106.1_1131,0.2668774661724109,0.562841053402423,0.14132778390604284,Pass
EOG7F2GC9|Lucilia_sericata|CAJHUJ01.1_1|CAJHUJ010000106.1_1132,0.32907555836436414,0.7526876130467305,0.22136380367369712,Pass
EOG7F2GC9|Bactrocera_oleae|CAJHUJ01.1_2|CAJHUJ010000106.1_1130,0.31351484549223907,0.5578195062609598,0.10113794858286146,Pass
EOG7F2GC9|Rhagoletis_pomonella|CAJSMD01.1_2|CAJSMD010000038.1_957,0.32249163859002383,0.5578195062609598,0.10113794858286146,Pass
EOG7F2GC9|Musca_domestica|CAKAIX01.1|CAKAIX010000068.1_68,0.21420935197537483,0.5923143083697587,0.17850550939452647,Pass
EOG7F2GC9|Lucilia_sericata|CAJZLI01|CAJZLI010000435.1_699,0.24785257448642062,0.5737620017087895,0.15564526946870016,Pass
EOG7F2GC9|Bactrocera_oleae|CAJZLI01_1|CAJZLI010000435.1_698,0.361930285989929,0.6213693735982891,0.11458822302195792,Pass
EOG7F2GC9|Stomoxys_calcitrans|CAJZBV01|CAJZBV010000006.1_1510,0.2782239265928294,0.5703657163985144,0.1353406230119676,Pass
EOG7F2GC9|Musca_domestica|CAJZBV01_1|CAJZBV010000006.1_1509,0.19221677452455355,0.6904418366038222,0.2388354495318713,Pass
EOG7F2GC9|Lucilia_sericata|CAJNIT01|CAJNIT010000052.1_586,0.23398095678252998,0.5793828731056365,0.16644468020907344,Pass
EOG7F2GC9|Hermetia_illucens|CAJNIT01_1|CAJNIT010000052.1_585,0.3218425827105625,0.5340736880796849,0.09948513682707505,Pass
EOG7F2GC9|Musca_domestica|CAJMZT01.1|CAJMZT010000107.1_1155,0.20445595093539973,0.6021568064330843,0.19356691556576677,Pass
EOG7F2GC9|Hermetia_illucens|CAJMZT01.1_1|CAJMZT010000107.1_1156,0.3158043813731482,0.557659830559805,0.10982162963883302,Pass
EOG7F2GC9|Musca_domestica|CAJVQV01|CAJVQV010000032.1_601,0.2580613778014694,0.5865306387398304,0.1531701217073651,Pass
EOG7F2GC9|Bactrocera_oleae|CAJVQV01_1|CAJVQV010000032.1_600,0.3146143318770799,0.5273590098559131,0.08413239497504638,Pass
EOG7F2GC9|Lucilia_sericata|CAKKXW01|CAKKXW010000002.1_13415,0.2011412652940888,0.5998600704811622,0.19695291032117124,Pass
EOG7F2GC9|Hermetia_illucens|CAKKXW01_1|CAKKXW010000002.1_13414,0.31297500308963677,0.5502001633986927,0.10848506069094299,Pass
EOG7F2GC9|Musca_domestica|CAJSMD01.1|CAJSMD010000038.1_958,0.2628988629341035,0.5321928255654359,0.13268349203510232,Pass
EOG7F2GC9|Musca_domestica|CAKAJG01.1|CAKAJG010002218.1_73,0.2774242350640102,0.654585467851542,0.1916675378985886,Pass
EOG7F2GC9|Hermetia_illucens|CAKAJG01.1_1|CAKAJG010002218.1_72,0.4249007101527787,0.5528188959338567,0.10980728936139594,Pass
EOG7F2GC9|Musca_domestica|CAJSMG01|CAJSMG010000119.1_18,0.30655131237194577,0.5691554252199413,0.11571847507331379,Pass
EOG7F2GC9|Lucilia_sericata|CAJSMG01_1|CAJSMG010000119.1_19,0.19488406984991424,0.6161622680040094,0.2102454908260022,Pass
EOG7F2GC9|Stomoxys_calcitrans|CAKLPK01.1|CAKLPK010000037.1_1233,0.23925721157621532,0.5682295178757436,0.15610443589109912,Pass
EOG7F2GC9|Stomoxys_calcitrans|CAKLPK01.1_1|CAKLPK010000037.1_1232,0.32969740471480014,0.6466778724040043,0.14268638876438078,Pass
EOG7F2GC9|Stomoxys_calcitrans|JXPC01.1|JXPC01060416.1,0.45192612253900066,0.5442129399725845,0.12100632640797837,Pass
EOG7F2GC9|Hermetia_illucens|JSM_6055_S7_SPM_1|NODE_25781_length_638_cov_1.029354_S,0.2598869865928019,0.5393325526932083,0.11896955503512874,Pass
EOG7F2GC9|Glossina_morsitans|JSM_642_S1_SPM_1|NODE_65026_length_586_cov_1.501089_R,0.16633174973768713,0.5235230653788095,0.17399855159716948,Pass
