EOG7GJHZR|Hermetia_illucens|CNC484244_S9_SPM|NODE_1043_length_457_cov_4.290909_S,0.20574162679425836,0.3839950432074396,0.10400491292713954,Pass
EOG7GJHZR|Hermetia_illucens|130501_249_44|C99301_a_8_0_l_790,0.20574162679425836,0.3839950432074396,0.10400491292713954,Pass
EOG7GJHZR|Teleopsis_dalmanni|130919_247_37|s7449_L_18950_0_a_27_2_l_3430,0.2361485004513668,0.5075941685904711,0.11540934642824541,Pass
EOG7GJHZR|Teleopsis_dalmanni|130919_247_21|C132630_a_11_0_l_2908,0.2571001098878435,0.5075941685904711,0.11540934642824541,Pass
EOG7GJHZR|Teleopsis_dalmanni|130919_247_71|C79053_a_5_0_l_2675_a,0.24175799872548287,0.5075941685904711,0.11540934642824541,Pass
EOG7GJHZR|Teleopsis_dalmanni|130919_247_55|s6544_L_14595_0_a_7_9_l_3540,0.233775664814818,0.5075941685904711,0.11540934642824541,Pass
EOG7GJHZR|Ceratitis_capitata|CAJVCN01|CAJVCN010000810.1_226,0.22407428388859998,0.5075941685904711,0.11540934642824541,Pass
EOG7GJHZR|Teleopsis_dalmanni|GCGG01.1|GCGG01017799.1,0.3006543319995377,0.5416814994448195,0.11122469078938146,Pass
EOG7GJHZR|Teleopsis_dalmanni|130928_232_71|s6209_L_13141_0_a_12_4_l_3345,0.27017776043579733,0.5416814994448195,0.11122469078938146,Pass
EOG7GJHZR|Teleopsis_dalmanni|GIFM01.1|GIFM01015959.1,0.27692849380233564,0.5416814994448195,0.11122469078938146,Pass
EOG7GJHZR|Bactrocera_dorsalis|130928_232_37|s2374_L_3779_0_a_7_7_l_1812,0.14864591253130532,0.39481427422432425,0.10388282498399759,Pass
EOG7GJHZR|Bactrocera_dorsalis|130314_269_33|C74199_a_8_0_l_1840,0.13965426597282038,0.39481427422432425,0.10388282498399759,Pass
EOG7GJHZR|Bactrocera_dorsalis|130314_269_33_1|C52403_a_5_0_l_569,0.4272461573855522,0.9214307082548744,0.19876541335115094,Pass
EOG7GJHZR|Zeugodacus_cucurbitae|120823_263_57|s8665_L_20015_0_a_7_6_l_972,0.17913797588470695,0.340012785142319,0.09168292847049331,Pass
EOG7GJHZR|Teleopsis_dalmanni|GCGH01.1|GCGH01012863.1,0.15015779332655158,0.340012785142319,0.09168292847049331,Pass
EOG7GJHZR|Teleopsis_dalmanni|130928_232_22|s3273_L_3493_0_a_64_2_l_3085,0.27852840367682863,0.51224006398425,0.11482711947828228,Pass
EOG7GJHZR|Teleopsis_dalmanni|130919_247_44|C99618_a_14_0_l_928,0.4517689285805374,0.8839173383910227,0.14648332543069387,Pass
EOG7GJHZR|Glossina_morsitans|AHE_189_S21_merged_SPM|NODE_86243_length_461_cov_0.963542_R,0.2167504138840309,0.45176806083650184,0.11406844106463876,Pass
EOG7GJHZR|Glossina_morsitans|130928_232_84|C39120_a_3_0_l_459,0.22488187819605102,0.45176806083650184,0.11406844106463876,Pass
EOG7GJHZR|Bactrocera_oleae|130928_232_37_1|C106052_a_3_0_l_1050,0.4347046195977709,0.910359020957389,0.19987239965973236,Pass
EOG7GJHZR|Teleopsis_dalmanni|120429_266_9|C106859_a_16_0_l_1806,0.14103427127049084,0.3807853368081769,0.09548048773470819,Pass
EOG7GJHZR|Aedes_aegypti|130928_232_126|C110910_a_4_0_l_447,0.18422464059779356,0.2804576085253096,0.06254505563391322,Pass
EOG7GJHZR|Glossina_morsitans|JSM_8601_S5_SPM|NODE_24730_length_625_cov_2.028112_R,0.159590087132104,0.386568578310569,0.10946354231931277,Pass
EOG7GJHZR|Glossina_morsitans|130919_247_17|C71480_a_16_0_l_918,0.17154275653741993,0.386568578310569,0.10946354231931277,Pass
EOG7GJHZR|Glossina_morsitans|CAKAJG01.1_1|CAKAJG010000751.1_159,0.16813583355659642,0.386568578310569,0.10946354231931277,Pass
EOG7GJHZR|Teleopsis_dalmanni|130919_247_17_1|C64252_a_6_0_l_618,0.3158573240190922,0.7374316463059919,0.18557300756253636,Pass
EOG7GJHZR|Glossina_morsitans|131012_246_93|C66281_a_4_0_l_451,0.22399295897669827,0.4277327491785323,0.1159912376779847,Pass
EOG7GJHZR|Bactrocera_dorsalis|120126_283_11|s3827_L_5830_0_a_8_7_l_1383,0.1703648769990216,0.42679276450986703,0.1122506338878666,Pass
EOG7GJHZR|Bactrocera_oleae|120707_249_19|s10468_L_29080_0_a_9_2_l_1344,0.3916020001013428,0.7220063918667271,0.19004479339674873,Pass
EOG7GJHZR|Bactrocera_dorsalis|GCVD01.1|GCVD01013176.1,0.15627027405504043,0.4283106239180503,0.11251904163726367,Pass
EOG7GJHZR|Glossina_morsitans|GCGW01.1|GCGW01029784.1,0.1693738664997628,0.3862868551094477,0.0988371003143611,Pass
EOG7GJHZR|Glossina_morsitans|GCGW01.1_1|GCGW01051329.1,0.4354627659219752,0.7884734286609956,0.1695922569429602,Pass
EOG7GJHZR|Teleopsis_dalmanni|GCFU01.1|GCFU01014292.1,0.4030882602125855,0.5724014077971868,0.11946157448826167,Pass
EOG7GJHZR|Teleopsis_dalmanni|GCLW01.1|GCLW01022503.1,0.29048183757764745,0.5724014077971868,0.11946157448826167,Pass
EOG7GJHZR|Lucilia_sericata|GAVA02.1|GAVA02023952.1,0.2827294113573133,0.5089720413970656,0.09692416854789165,Pass
EOG7GJHZR|Lucilia_sericata|GCFF01.1|GCFF01015662.1,0.15809795920615627,0.4750441866887599,0.12229455162346625,Pass
EOG7GJHZR|Lucilia_sericata|GCFF01.1_1|GCFF01001755.1,0.1541418969184677,0.386568578310569,0.10946354231931277,Pass
EOG7GJHZR|Lucilia_sericata|GHEX01.1_1|GHEX01008978.1,0.14847245153965774,0.386568578310569,0.10946354231931277,Pass
EOG7GJHZR|Teleopsis_dalmanni|GCGS01.1|GCGS01019623.1,0.25429532352605544,0.5403700360657226,0.11094248636156112,Pass
EOG7GJHZR|Teleopsis_dalmanni|GIFF01.1|GIFF01034769.1,0.30169246938884453,0.5403700360657226,0.11094248636156112,Pass
EOG7GJHZR|Teleopsis_dalmanni|GCFV01.1|GCFV01021940.1,0.27722124391553427,0.5403700360657226,0.11094248636156112,Pass
EOG7GJHZR|Teleopsis_dalmanni|GIFE01.1|GIFE01021146.1,0.2736952467720071,0.5403700360657226,0.11094248636156112,Pass
EOG7GJHZR|Lucilia_sericata|GCNB01.1|GCNB01028826.1,0.26123289522418924,0.521639618643153,0.10566042871760706,Pass
EOG7GJHZR|Teleopsis_dalmanni|GIGS01.1|GIGS01053850.1,0.2994739099287396,0.530070155559286,0.1064951597560293,Pass
EOG7GJHZR|Teleopsis_dalmanni|GAZD02.1|GAZD02017756.1,0.3284975201529193,0.530070155559286,0.1064951597560293,Pass
EOG7GJHZR|Musca_domestica|GCGH01.1_1|GCGH01034657.1,0.2973558481965312,0.4484975674059578,0.11481436181778648,Pass
EOG7GJHZR|Ceratitis_capitata|GCLW01.1_1|GCLW01012951.1,0.14140956234202445,0.40111928104575156,0.09932306255835666,Pass
EOG7GJHZR|Ceratitis_capitata|GCNK01.1|GCNK01043291.1,0.12922797649896775,0.35549601995960556,0.09653083046215993,Pass
EOG7GJHZR|Zeugodacus_cucurbitae|GCNK01.1_1|GCNK01025051.1,0.19787021236706331,0.47323022112376106,0.12452344017037842,Pass
EOG7GJHZR|Hermetia_illucens|GCMC01.1|GCMC01013154.1,0.1652572623355038,0.34448533405552295,0.09315790986651096,Pass
EOG7GJHZR|Musca_domestica|GCFN01.1|GCFN01004001.1,0.37082642894895185,0.7297081087104592,0.15410143080175165,Pass
EOG7GJHZR|Musca_domestica|GCFN01.1_1|GCFN01001320.1,0.14517992894778114,0.35752941508157265,0.09088602360724751,Pass
EOG7GJHZR|Drosophila_melanogaster|GCGQ01.1|GCGQ01014012.1,0.18341622119480294,0.4677138136704333,0.12233893398206885,Pass
EOG7GJHZR|Zeugodacus_cucurbitae|GCGQ01.1_1|GCGQ01036391.1,0.1387050110510928,0.3907677902621722,0.1123595505617977,Pass
EOG7GJHZR|Musca_domestica|JSM_10540_S15_SPM|NODE_106101_length_659_cov_0.890977_R,0.12535913947041655,0.3907677902621722,0.1123595505617977,Pass
EOG7GJHZR|Teleopsis_dalmanni|GCGQ01.1_2|GCGQ01039706.1,0.46802205105913414,0.912269080107382,0.1561127047797608,Pass
EOG7GJHZR|Teleopsis_dalmanni|GDDE01.1|GDDE01019183.1,0.3146782579536836,0.5054020437569353,0.11426986203812584,Pass
EOG7GJHZR|Teleopsis_dalmanni|GCMS01.1|GCMS01020315.1,0.2703186473190577,0.5347465476951442,0.10806047012312525,Pass
EOG7GJHZR|Teleopsis_dalmanni|GCFJ01.1|GCFJ01026326.1,0.2789682275315616,0.5347465476951442,0.10806047012312525,Pass
EOG7GJHZR|Teleopsis_dalmanni|GIGW01.1|GIGW01016019.1,0.28295816552641456,0.5347465476951442,0.10806047012312525,Pass
EOG7GJHZR|Teleopsis_dalmanni|GIFR01.1|GIFR01046937.1,0.28488887611962393,0.5347465476951442,0.10806047012312525,Pass
EOG7GJHZR|Drosophila_ficusphila|GDDH01.1|GDDH01069859.1,0.2834765480290011,0.5347465476951442,0.10806047012312525,Pass
EOG7GJHZR|Drosophila_ficusphila|GIFG01.1|GIFG01021122.1,0.28677165414230854,0.5347465476951442,0.10806047012312525,Pass
EOG7GJHZR|Ceratitis_capitata|CAKKTD01|CAKKTD010002492.1_450,0.32722596716487606,0.5342368048550322,0.10833441801438282,Pass
EOG7GJHZR|Bactrocera_oleae|GCNJ01.1|GCNJ01032915.1,0.25829491202528776,0.5342368048550322,0.10833441801438282,Pass
EOG7GJHZR|Bactrocera_oleae|GIGQ01.1|GIGQ01013903.1,0.271210253476679,0.5342368048550322,0.10833441801438282,Pass
EOG7GJHZR|Ceratitis_capitata|GCMY01.1|GCMY01044126.1,0.13722868607493077,0.28295843220685724,0.08112265772031757,Pass
EOG7GJHZR|Stomoxys_calcitrans|GCMY01.1_1|GCMY01041558.1,0.28269522209019643,0.45771178103369536,0.12471100804609825,Pass
EOG7GJHZR|Scaptodrosophila_lebanonensis|GDDC01.1|GDDC01026249.1,0.33817266793873185,0.5359344459456109,0.1084911099505822,Pass
EOG7GJHZR|Teleopsis_dalmanni|GIFT01.1|GIFT01028115.1,0.2751709810794644,0.5373554318841112,0.10957455849217812,Pass
EOG7GJHZR|Teleopsis_dalmanni|GIGV01.1|GIGV01028485.1,0.28228940050849655,0.5373554318841112,0.10957455849217812,Pass
EOG7GJHZR|Bactrocera_dorsalis|GIFS01.1|GIFS01031960.1,0.19667130795662546,0.44920567796610167,0.1220728813559322,Pass
EOG7GJHZR|Teleopsis_dalmanni|GIGO01.1|GIGO01008307.1,0.21089912153900936,0.5169254796965642,0.11624274877286933,Pass
EOG7GJHZR|Bactrocera_oleae|GIGO01.1_1|GIGO01000927.1,0.3436309051059375,0.8029368601963576,0.1783754224624322,Pass
EOG7GJHZR|Drosophila_melanogaster|GIGU01.1|GIGU01054900.1,0.3539715135103934,0.5330343919612571,0.11351889307492025,Pass
EOG7GJHZR|Stomoxys_calcitrans|GHFF01.1|GHFF01002234.1,0.25795487140498347,0.5268398924856024,0.10924682447102041,Pass
EOG7GJHZR|Lucilia_sericata|GIFO01.1|GIFO01016430.1,0.18350315018119356,0.3639891688798822,0.09069253716314019,Pass
EOG7GJHZR|Teleopsis_dalmanni|GIFO01.1_1|GIFO01016431.1,0.40495653278735216,0.8582053523967815,0.18474132684765388,Pass
EOG7GJHZR|Scaptodrosophila_lebanonensis|GIGL01.1|GIGL01029040.1,0.15822014596605125,0.45913708123759867,0.12586376955378153,Pass
EOG7GJHZR|Teleopsis_dalmanni|GIGL01.1_1|GIGL01029036.1,0.46048854219793406,0.9193712482984847,0.1977523263338763,Pass
EOG7GJHZR|Teleopsis_dalmanni|GIGM01.1|GIGM01038009.1,0.2997214558909409,0.5273433683668748,0.10498454767354704,Pass
EOG7GJHZR|Teleopsis_dalmanni|GIFH01.1|GIFH01013280.1,0.2602635044378258,0.5360302084532453,0.10823628773266858,Pass
EOG7GJHZR|Hermetia_illucens|GIGR01.1|GIGR01024933.1,0.2651423891679694,0.48337777777777763,0.12505215419501126,Pass
EOG7GJHZR|Stomoxys_calcitrans|GHEX01.1|GHEX01007660.1,0.2690271167777296,0.5707568620194098,0.11574152230562118,Pass
EOG7GJHZR|Teleopsis_dalmanni|GIGP01.1|GIGP01009530.1,0.14519313672774425,0.3720424432595464,0.09524882135877921,Pass
EOG7GJHZR|Drosophila_ficusphila|GIGP01.1_1|GIGP01009528.1,0.2726135665798262,0.7667932135782952,0.22105389885333193,Pass
EOG7GJHZR|Bactrocera_oleae|GIGT01.1|GIGT01029563.1,0.2805284665575743,0.5084333793656229,0.09655267749172425,Pass
EOG7GJHZR|Teleopsis_dalmanni|AHE_108_S50_merged_SPM|NODE_25214_length_236_cov_0.880503_R,0.07453342772277478,0.24463873038054962,0.063920914043192,Pass
EOG7GJHZR|Stomoxys_calcitrans|JXPC01.1|JXPC01071405.1_2,0.09140527828136057,0.29295539183937835,0.08245628238341973,Pass
EOG7GJHZR|Teleopsis_dalmanni|AHE_10_S47_merged_SPM|NODE_10702_length_273_cov_0.724490_S,0.1164418049289878,0.29295539183937835,0.08245628238341973,Pass
EOG7GJHZR|Drosophila_melanogaster|CAKKXW01|CAKKXW010000002.1_6891,0.1172031344846624,0.29295539183937835,0.08245628238341973,Pass
EOG7GJHZR|Drosophila_melanogaster|CAKJUZ01.1|CAKJUZ010001033.1_43,0.11119259465872951,0.29295539183937835,0.08245628238341973,Pass
EOG7GJHZR|Teleopsis_dalmanni|CAJHUJ01.1|CAJHUJ010000022.1_2120,0.09777433739779659,0.29295539183937835,0.08245628238341973,Pass
EOG7GJHZR|Teleopsis_dalmanni|AHE_51_S42_merged_SPM|NODE_28376_length_294_cov_1.023041_S,0.1350870454021799,0.29295539183937835,0.08245628238341973,Pass
EOG7GJHZR|Drosophila_melanogaster|AHE_194_S22_merged_SPM|NODE_6980_length_510_cov_0.868360_S,0.25108856440469185,0.8627770102238187,0.2843603205305333,Pass
EOG7GJHZR|Drosophila_melanogaster|AHE_56_S48_merged_SPM|NODE_17267_length_263_cov_0.795699_R,0.2728652183655796,0.8627770102238187,0.2843603205305333,Pass
EOG7GJHZR|Drosophila_melanogaster|AHE_266_S26_SPM_1|NODE_174493_length_298_cov_1.339367_R,0.2653510881472569,0.8627770102238187,0.2843603205305333,Pass
EOG7GJHZR|Drosophila_melanogaster|AHE_110_S11_merged_SPM|NODE_44786_length_240_cov_0.907975_R,0.27056192182434036,0.8627770102238187,0.2843603205305333,Pass
EOG7GJHZR|Scaptodrosophila_lebanonensis|AHE_110_S11_merged_SPM_1|NODE_2683_length_267_cov_0.778947_R,0.2745331059609907,0.6457389837655491,0.17594349567784096,Pass
EOG7GJHZR|Ceratitis_capitata|AHE_116_S35_merged_SPM|NODE_5357_length_684_cov_0.670511_S,0.14351716537495635,0.2882084002075125,0.06551035131235505,Pass
EOG7GJHZR|Scaptodrosophila_lebanonensis|AHE_116_S35_merged_SPM_1|NODE_49231_length_261_cov_0.793478_R,0.26299332171973616,0.656297075010822,0.1813431451363553,Pass
EOG7GJHZR|Scaptodrosophila_lebanonensis|AHE_258_S17_SPM|NODE_136665_length_249_cov_0.860465_R,0.3532271998100612,0.656297075010822,0.1813431451363553,Pass
EOG7GJHZR|Scaptodrosophila_lebanonensis|AHE_141_S15_merged_SPM|NODE_34580_length_318_cov_1.211618_S,0.26299332171973616,0.656297075010822,0.1813431451363553,Pass
EOG7GJHZR|Scaptodrosophila_lebanonensis|AHE_28_S11_merged_SPM|NODE_16354_length_249_cov_0.854651_R,0.2919663551729128,0.656297075010822,0.1813431451363553,Pass
EOG7GJHZR|Scaptodrosophila_lebanonensis|JSM_11142_S4_SPM_1|NODE_3275695_length_231_cov_424_AU,0.2684407818747597,0.656297075010822,0.1813431451363553,Pass
EOG7GJHZR|Anopheles_stephensi|AHE_117_S52_merged_SPM|NODE_25998_length_249_cov_0.784884_R,0.18385931802449343,0.3392105263157896,0.08270676691729328,Pass
EOG7GJHZR|Scaptodrosophila_lebanonensis|AHE_188_S54_merged_SPM|NODE_48391_length_232_cov_0.948387_S,0.17663876513164056,0.4867311099300204,0.14680219682877138,Pass
EOG7GJHZR|Teleopsis_dalmanni|AHE_121_S5_merged_SPM|NODE_73805_length_229_cov_0.861842_S,0.17663876513164056,0.4867311099300204,0.14680219682877138,Pass
EOG7GJHZR|Teleopsis_dalmanni|AHE_123_S56_merged_SPM|NODE_72176_length_235_cov_0.715190_S,0.12340326535898834,0.331847880629799,0.09676106077389912,Pass
EOG7GJHZR|Musca_domestica|AHE_162_S18_merged_SPM|NODE_13508_length_307_cov_0.604348_S,0.3486048354379551,0.729413838334153,0.20921462534841773,Pass
EOG7GJHZR|Musca_domestica|AHE_123_S56_merged_SPM_1|NODE_42177_length_271_cov_0.711340_S,0.26971902928693664,0.729413838334153,0.20921462534841773,Pass
EOG7GJHZR|Teleopsis_dalmanni|AHE_126_S12_merged_SPM|NODE_64763_length_229_cov_0.973684_S,0.08265012089148634,0.2519333922782198,0.07253168287651046,Pass
EOG7GJHZR|Anopheles_stephensi|AHE_126_S12_merged_SPM_1|NODE_33839_length_221_cov_2.006944_R,0.1593726159572393,0.36040540540540533,0.09909909909909909,Pass
EOG7GJHZR|Teleopsis_dalmanni|AHE_130_S26_merged_SPM|NODE_4930_length_442_cov_1.372603_S,0.08696994952087117,0.2843173777235435,0.0785846399435145,Pass
EOG7GJHZR|Teleopsis_dalmanni|AHE_133_S17_merged_SPM|NODE_33185_length_246_cov_0.875740_R,0.21404335944831657,0.5563982418873723,0.1657665190273886,Pass
EOG7GJHZR|Lucilia_sericata|AHE_134_S14_merged_SPM|NODE_6962_length_96_cov_132_A,0.0626957439957686,0.2340862479997386,0.07227066392345116,Pass
EOG7GJHZR|Scaptodrosophila_lebanonensis|AHE_136_S35_merged_SPM|NODE_32129_length_265_cov_0.787234_R,0.3981523189221069,0.6681633072809542,0.19210201563142737,Pass
EOG7GJHZR|Teleopsis_dalmanni|AHE_138_S13_merged_SPM|NODE_53803_length_400_cov_0.845201_R,0.47425283227274206,1.1119819936962332,0.2578719066293572,Pass
EOG7GJHZR|Ceratitis_capitata|AHE_13_S26_merged_SPM|NODE_23969_length_382_cov_0.596721_S,0.11039287739659338,0.3014570517202094,0.07906128958760528,Pass
EOG7GJHZR|Drosophila_melanogaster|AHE_145_S52_merged_SPM|NODE_2757_length_255_cov_0.803371_R,0.29887428196281496,0.9219223342630337,0.3174211542587428,Pass
EOG7GJHZR|Teleopsis_dalmanni|AHE_146_S23_merged_SPM|NODE_99190_length_246_cov_0.786982_R,0.12683809628659792,0.3392372881355933,0.0949152542372882,Pass
EOG7GJHZR|Glossina_morsitans|AHE_3_S23_merged_SPM|NODE_32330_length_335_cov_0.763566_R,0.23884154289341972,0.41501087320173974,0.09904650384744063,Pass
EOG7GJHZR|Glossina_morsitans|AHE_156_S45_merged_SPM|NODE_2722_length_246_cov_0.875740_R,0.20984585361303773,0.41501087320173974,0.09904650384744063,Pass
EOG7GJHZR|Anopheles_stephensi|AHE_277_S24_SPM|NODE_18559_length_381_cov_0.792763_S,0.15742509588240441,0.34869520748100535,0.08839859731151378,Pass
EOG7GJHZR|Anopheles_stephensi|AHE_157_S17_merged_SPM|NODE_19773_length_364_cov_1.059233_S,0.1540464661491108,0.34869520748100535,0.08839859731151378,Pass
EOG7GJHZR|Stomoxys_calcitrans|AHE_159_S64_merged_SPM|NODE_58924_length_245_cov_0.880952_R,0.06139109024140135,0.23965375974626688,0.07169287696577253,Pass
EOG7GJHZR|Glossina_morsitans|AHE_161_S18_merged_SPM|NODE_7559_length_668_cov_1.532995_S,0.16135102235956553,0.4019134995893377,0.10716419024863733,Pass
EOG7GJHZR|Teleopsis_dalmanni|AHE_164_S19_merged_SPM|NODE_11819_length_264_cov_0.791444_R,0.15797381430004712,0.48159755956511674,0.14969349988433955,Pass
EOG7GJHZR|Ceratitis_capitata|AHE_166_S24_merged_SPM|NODE_1112_length_298_cov_1.004525_R,0.13386652136553767,0.3347651090732684,0.0910300147100247,Pass
EOG7GJHZR|Stomoxys_calcitrans|AHE_169_S19_merged_SPM|NODE_19372_length_376_cov_0.762542_S,0.3097505005904264,0.7618376068376066,0.21123321123321115,Pass
EOG7GJHZR|Drosophila_ficusphila|AHE_172_S16_merged_SPM|NODE_6964_length_528_cov_0.911308_S,0.17939693593895872,0.387020063622983,0.08877373144047052,Pass
EOG7GJHZR|Teleopsis_dalmanni|AHE_174_S49_merged_SPM|NODE_32201_length_234_cov_0.942675_R,0.10977712858992317,0.29749164578111936,0.08375104427736002,Pass
EOG7GJHZR|Teleopsis_dalmanni|AHE_179_S20_merged_SPM|NODE_27321_length_266_cov_0.783069_R,0.21693305255190476,0.5654329702837166,0.16904665859889745,Pass
EOG7GJHZR|Teleopsis_dalmanni|AHE_72_S37_merged_SPM|NODE_204883_length_134_cov_208_AU,0.06907860926078296,0.32595307977660926,0.1032978680037504,Pass
EOG7GJHZR|Glossina_morsitans|JSM_11709_S11_SPM|NODE_84844_length_204_cov_3.402597_R,0.11699616630063132,0.32595307977660926,0.1032978680037504,Pass
EOG7GJHZR|Teleopsis_dalmanni|AHE_182_S27_merged_SPM|NODE_10729_length_349_cov_1.088235_S,0.11032202802144292,0.32595307977660926,0.1032978680037504,Pass
EOG7GJHZR|Ceratitis_capitata|AHE_80_S13_merged_SPM|NODE_51658_length_236_cov_0.930818_R,0.07240423957745987,0.32595307977660926,0.1032978680037504,Pass
EOG7GJHZR|Glossina_morsitans|AHE_190_S36_merged_SPM|NODE_32017_length_241_cov_0.902439_R,0.37827533893569104,0.7244374766923786,0.1567932077735999,Pass
EOG7GJHZR|Glossina_morsitans|AHE_191_S25_merged_SPM|NODE_108833_length_339_cov_1.003817_R,0.17434966906815885,0.43724738675958186,0.11811846689895467,Pass
EOG7GJHZR|Scaptodrosophila_lebanonensis|AHE_195_S23_merged_SPM|NODE_5723_length_336_cov_0.818533_R,0.08085356828549957,0.34062111801242245,0.11366459627329195,Pass
EOG7GJHZR|Scaptodrosophila_lebanonensis|AHE_203_S24_merged_SPM|NODE_16396_length_150_cov_4.000000_R,0.2715054180731595,0.6595004150238637,0.1715604897281593,Pass
EOG7GJHZR|Teleopsis_dalmanni|AHE_203_S73_merged_SPM|NODE_60642_length_447_cov_0.759459_R,0.16015272015270735,0.3204586834733895,0.07387955182072836,Pass
EOG7GJHZR|Glossina_morsitans|AHE_210_S53_merged_SPM|NODE_12136_length_140_cov_252_AU,0.24284998168791855,0.4381526271893244,0.10258548790658883,Pass
EOG7GJHZR|Teleopsis_dalmanni|AHE_213_S29_merged_SPM|NODE_13340_length_340_cov_1.034221_R,0.18246035697180754,0.5166834818469698,0.15369320273952436,Pass
EOG7GJHZR|Drosophila_melanogaster|AHE_252_S17_SPM|NODE_31526_length_367_cov_0.765517_S,0.3101618798790867,0.9035849056603774,0.2987421383647799,Pass
EOG7GJHZR|Teleopsis_dalmanni|AHE_254_S17_SPM|NODE_20004_length_334_cov_0.863813_S,0.143087354727229,0.2777831196581196,0.08055187150014731,Pass
EOG7GJHZR|Drosophila_ficusphila|AHE_259_S18_SPM|NODE_108282_length_450_cov_0.873995_R,0.3137861296710923,0.8616153846153844,0.283076923076923,Pass
EOG7GJHZR|Hermetia_illucens|AHE_261_S18_SPM|NODE_326204_length_95_cov_130_AU,0.2121813968884475,0.3691489145871374,0.0998579833637655,Pass
EOG7GJHZR|Scaptodrosophila_lebanonensis|AHE_262_S21_SPM|NODE_206046_length_136_cov_212_AU,0.24468784961054482,0.692453329618278,0.17960434661465585,Pass
EOG7GJHZR|Teleopsis_dalmanni|AHE_264_S21_SPM|NODE_57077_length_279_cov_0.732673_S,0.1901773214144907,0.42825737051792834,0.12704382470119524,Pass
EOG7GJHZR|Scaptodrosophila_lebanonensis|AHE_265_S23_SPM|NODE_54489_length_281_cov_0.725490_S,0.2651189322109624,0.8404121074696126,0.266867930498062,Pass
EOG7GJHZR|Teleopsis_dalmanni|AHE_266_S26_SPM|NODE_120261_length_786_cov_1.173484_R,0.13743817194407235,0.31685215576446246,0.07487825326887743,Pass
EOG7GJHZR|Teleopsis_dalmanni|AHE_267_S19_SPM|NODE_67798_length_407_cov_1.121212_R,0.22954591197503313,0.4012722351121423,0.09887724351281435,Pass
EOG7GJHZR|Ceratitis_capitata|AHE_270_S22_SPM|NODE_20221_length_338_cov_0.850575_S,0.22257148857189132,0.3469358291313861,0.08189040053277519,Pass
EOG7GJHZR|Anopheles_stephensi|AHE_271_S21_SPM|NODE_20745_length_334_cov_0.941634_R,0.1702720111828959,0.3328301886792452,0.07861635220125784,Pass
EOG7GJHZR|Ceratitis_capitata|AHE_272_S22_SPM|NODE_72082_length_239_cov_0.913580_R,0.10632094231906729,0.3306458211572182,0.09140853302162488,Pass
EOG7GJHZR|Lucilia_sericata|AHE_274_S21_SPM|NODE_12973_length_360_cov_0.784452_S,0.17827632625546808,0.40773008507347264,0.0921300370696323,Pass
EOG7GJHZR|Teleopsis_dalmanni|AHE_275_S22_SPM|NODE_164280_length_151_cov_315_AU,0.05365368335956092,0.33304667242869496,0.12013828867761456,Pass
EOG7GJHZR|Scaptodrosophila_lebanonensis|AHE_276_S23_SPM|NODE_9469_length_407_cov_0.751515_S,0.18252833313632916,0.4101991150442478,0.10398230088495575,Pass
EOG7GJHZR|Stomoxys_calcitrans|AHE_278_S24_SPM|NODE_44513_length_245_cov_1.321429_S,0.3285622128011994,0.7374503090584962,0.20146282134586224,Pass
EOG7GJHZR|Scaptodrosophila_lebanonensis|AHE_279_S25_SPM|NODE_88266_length_239_cov_0.913580_R,0.2710956528977528,0.7891743119266056,0.2339449541284404,Pass
EOG7GJHZR|Scaptodrosophila_lebanonensis|AHE_280_S24_SPM|NODE_42897_length_261_cov_1.141304_S,0.2704507729221191,0.7864677355064439,0.24220736082200267,Pass
EOG7GJHZR|Hermetia_illucens|AHE_29_S32_merged_SPM|NODE_8592_length_260_cov_0.808743_R,0.20112345371692195,0.5226035502958579,0.15088757396449703,Pass
EOG7GJHZR|Teleopsis_dalmanni|AHE_45_S33_merged_SPM|NODE_19794_length_239_cov_0.493827_S,0.37211527544135137,0.31581081081081097,0.09009009009009017,Fail
EOG7GJHZR|Scaptodrosophila_lebanonensis|AHE_46_S20_merged_SPM|NODE_190_length_3329_cov_2.414207_S,0.22777611687068702,0.5824247194139989,0.16379570399820553,Pass
EOG7GJHZR|Scaptodrosophila_lebanonensis|AHE_4_S10_merged_SPM|NODE_43893_length_575_cov_1.174699_R,0.21345249165410843,0.45829189681916394,0.12406153257088415,Pass
EOG7GJHZR|Drosophila_melanogaster|AHE_50_S50_merged_SPM|NODE_15195_length_339_cov_0.847328_R,0.2618201749266512,0.923183908045977,0.31218390804597707,Pass
EOG7GJHZR|Drosophila_melanogaster|JSM_8315_S13_SPM_1|NODE_11756_length_453_cov_2.226994_R,0.2754886597688209,0.923183908045977,0.31218390804597707,Pass
EOG7GJHZR|Ceratitis_capitata|AHE_54_S60_merged_SPM|NODE_93929_length_270_cov_0.766839_S,0.08745758305309892,0.2470509058366893,0.06048970332677761,Pass
EOG7GJHZR|Glossina_morsitans|AHE_55_S43_merged_SPM|NODE_28737_length_266_cov_0.756614_S,0.21859391947186194,0.39768377363254737,0.10327304863807085,Pass
EOG7GJHZR|Glossina_morsitans|AHE_58_S43_merged_SPM|NODE_35981_length_294_cov_1.023041_R,0.18555261062548903,0.4066450216450217,0.10562770562770563,Pass
EOG7GJHZR|Glossina_morsitans|CAJZLI01_1|CAJZLI010000577.1_930,0.18759922941213297,0.4066450216450217,0.10562770562770563,Pass
EOG7GJHZR|Glossina_morsitans|CAJZBV01_1|CAJZBV010000161.1_1142,0.17258954459693543,0.4066450216450217,0.10562770562770563,Pass
EOG7GJHZR|Glossina_morsitans|AHE_6_S42_merged_SPM|NODE_72641_length_235_cov_1.759494_R,0.18190065565346294,0.4066450216450217,0.10562770562770563,Pass
EOG7GJHZR|Glossina_morsitans|CAJHUJ01.1_1|CAJHUJ010000022.1_2119,0.18759922941213297,0.4066450216450217,0.10562770562770563,Pass
EOG7GJHZR|Musca_domestica|AHE_61_S61_merged_SPM|NODE_18501_length_274_cov_0.751269_S,0.3161493826930309,0.7610210866610337,0.20340913265493554,Pass
EOG7GJHZR|Hermetia_illucens|JSM_8424_S12_SPM|NODE_1635320_length_195_cov_460_AU,0.1971512940767761,0.37054736475505,0.09385883445553755,Pass
EOG7GJHZR|Hermetia_illucens|AHE_63_S36_merged_SPM|NODE_44938_length_311_cov_1.337607_R,0.18655549765502866,0.37054736475505,0.09385883445553755,Pass
EOG7GJHZR|Bactrocera_dorsalis|AHE_64_S44_merged_SPM|NODE_44184_length_231_cov_0.961039_R,0.27256179264097413,0.4311469550266944,0.09800018097909691,Pass
EOG7GJHZR|Ceratitis_capitata|AHE_66_S68_merged_SPM|NODE_13440_length_251_cov_0.770115_R,0.1450330005077001,0.32485645933014357,0.09295967190704035,Pass
EOG7GJHZR|Hermetia_illucens|AHE_70_S45_merged_SPM|NODE_70696_length_256_cov_0.826816_R,0.17617581966612436,0.47888059701492536,0.14925373134328357,Pass
EOG7GJHZR|Lucilia_sericata|AHE_79_S46_merged_SPM|NODE_43467_length_239_cov_0.913580_R,0.19834368140063438,0.40195945945945943,0.10135135135135132,Pass
EOG7GJHZR|Teleopsis_dalmanni|AHE_89_S15_merged_SPM|NODE_12531_length_383_cov_0.967320_R,0.18016050798264507,0.5252147575416274,0.15626617150162858,Pass
EOG7GJHZR|Ceratitis_capitata|AHE_8_S50_merged_SPM|NODE_110872_length_290_cov_0.779343_R,0.1985981080228278,0.3834366576819406,0.08625336927223715,Pass
EOG7GJHZR|Stomoxys_calcitrans|AHE_97_S49_merged_SPM|NODE_1999_length_236_cov_0.786164_R,0.292668038985801,0.7198977987421383,0.20676100628930816,Pass
EOG7GJHZR|Stomoxys_calcitrans|JSM_8601_S5_SPM_1|NODE_843894_length_283_cov_577_AU,0.24838032397779114,0.7198977987421383,0.20676100628930816,Pass
EOG7GJHZR|Musca_domestica|AHE_95_S21_merged_SPM|NODE_3750_length_677_cov_0.590000_S,0.2958797013263808,0.7198977987421383,0.20676100628930816,Pass
EOG7GJHZR|Hermetia_illucens|JSM_6152_S9_SPM|NODE_2782246_length_133_cov_226_AU,0.20508166969147004,0.4073668639053253,0.11834319526627213,Pass
EOG7GJHZR|Hermetia_illucens|CNC457410_S40_SPM|NODE_150595_length_177_cov_362_A,0.20508166969147004,0.4073668639053253,0.11834319526627213,Pass
EOG7GJHZR|Lucilia_sericata|CNC457425_S9_SPM|NODE_102853_length_107_cov_154_AU,0.06054948515468763,0.2459498207885305,0.07859703020993347,Pass
EOG7GJHZR|Hermetia_illucens|CNC485277_S24_SPM|NODE_272723_length_280_cov_500_AU,0.23372455854194737,0.3888127615062762,0.09156326648391289,Pass
EOG7GJHZR|Teleopsis_dalmanni|CNC485506_S88_SPM|NODE_68969_length_269_cov_1039_A,0.11133853181140056,0.3155458579639424,0.08859650559203525,Pass
EOG7GJHZR|Hermetia_illucens|CNC485506_S88_SPM_1|NODE_1520_length_455_cov_6.765244_S,0.20418661694839665,0.37027782871813697,0.09220612506876957,Pass
EOG7GJHZR|Teleopsis_dalmanni|Sample_655211_S1_SPM|NODE_1053414_length_226_cov_392_AU,0.09133560766942857,0.32039620517235673,0.09460578164839895,Pass
EOG7GJHZR|Teleopsis_dalmanni|CNC485510_S91_SPM|NODE_53899_length_302_cov_544_A,0.08608112626764441,0.32039620517235673,0.09460578164839895,Pass
EOG7GJHZR|Teleopsis_dalmanni|CNC612908_S26_SPM|NODE_20501_length_145_cov_230_AU,0.172460190759408,0.4678265606397556,0.14100231372284744,Pass
EOG7GJHZR|Hermetia_illucens|JSM_5812_S4_SPM|NODE_376196_length_313_cov_922_AU,0.20283774284948222,0.40247860282211423,0.10039324543141337,Pass
EOG7GJHZR|Hermetia_illucens|CNC_Dip1380_S12_SPM|NODE_9601_length_262_cov_464_AU,0.20283774284948222,0.40247860282211423,0.10039324543141337,Pass
EOG7GJHZR|Teleopsis_dalmanni|JSBVM_26_S2_SPM|NODE_122323_length_145_cov_4.000000_R,0.06541058508115037,0.2211562391312748,0.06474861846427327,Pass
EOG7GJHZR|Hermetia_illucens|JSM13170_S54_SPM|NODE_31281_length_148_cov_236_AU,0.16336842105263158,0.3299300074208998,0.08559333468258778,Pass
EOG7GJHZR|Scaptodrosophila_lebanonensis|JSM_10506_S5_SPM|NODE_1794154_length_192_cov_324_AU,0.061667425186208345,0.24920731707317068,0.07810685249709637,Pass
EOG7GJHZR|Drosophila_ficusphila|JSM_10540_S15_SPM_3|NODE_132029_length_432_cov_3.078689_R,0.2257412378024207,0.7460658307210033,0.22570532915360508,Pass
EOG7GJHZR|Teleopsis_dalmanni|JSM_10540_S15_SPM_1|NODE_93256_length_636_cov_1.326130_R,0.14754683005544245,0.3736258217031736,0.08905887989193173,Pass
EOG7GJHZR|Teleopsis_dalmanni|JSM_10605_S1_SPM|NODE_25140_length_269_cov_2.084507_R,0.09084113330077155,0.2931297654415891,0.08225126212785416,Pass
EOG7GJHZR|Bradysia_coprophila|JSM_10609_S2_SPM|NODE_3194697_length_153_cov_246_AU,0.15406441535010137,0.36313344083854054,0.10401128804676474,Pass
EOG7GJHZR|Musca_domestica|JSM_10611_S9_SPM|NODE_21706_length_493_cov_1.625683_R,0.1884869534240766,0.4244444444444446,0.10317460317460325,Pass
EOG7GJHZR|Hermetia_illucens|JSM_10699_S3_SPM|NODE_10340_length_1095_cov_1.967975_S,0.2833499029732232,0.34975493822711873,0.0874946291392118,Pass
EOG7GJHZR|Anopheles_stephensi|JSM_10699_S3_SPM_1|NODE_4113481_length_206_cov_352_AU,0.19141704174027258,0.4323750920132499,0.09737302171512696,Pass
EOG7GJHZR|Scaptodrosophila_lebanonensis|JSM_10699_S3_SPM_2|NODE_197547_length_459_cov_0.951807_R,0.2514203913601002,0.5727543186180423,0.1612284069097889,Pass
EOG7GJHZR|Musca_domestica|JSM_11142_S4_SPM|NODE_26021_length_604_cov_1.123690_S,0.31862184764388607,0.8027264634667425,0.2287067369320609,Pass
EOG7GJHZR|Hermetia_illucens|JSM_11249_S5_SPM|NODE_1867496_length_218_cov_568_AU,0.15565078520359796,0.3304716981132075,0.09433962264150941,Pass
EOG7GJHZR|Zeugodacus_cucurbitae|JSM_11249_S5_SPM_1|NODE_937515_length_204_cov_396_AU,0.328094138298689,0.6579077091031241,0.17622606650990935,Pass
EOG7GJHZR|Ceratitis_capitata|JSM_11384_S6_SPM_1|NODE_3042_length_2135_cov_25.009960_S,0.23611127128459516,0.8341122715404702,0.25848563968668414,Pass
EOG7GJHZR|Scaptodrosophila_lebanonensis|JSM_11396_S7_SPM|NODE_2729899_length_624_cov_2353_AU,0.19650825404579672,0.4258408809799305,0.10470813549854363,Pass
EOG7GJHZR|Anopheles_stephensi|JSM_11457_S8_SPM|NODE_5601071_length_462_cov_2101_AU,0.2467065135026766,0.42287073276799303,0.09387910415307676,Pass
EOG7GJHZR|Lucilia_sericata|JSM_11468_S9_SPM|NODE_53270_length_436_cov_0.809061_R,0.2543565408221406,0.5070734840698871,0.13787255909558072,Pass
EOG7GJHZR|Musca_domestica|JSM_11505_S16_SPM|NODE_774311_length_178_cov_296_AU,0.2735832878337131,0.696555812608444,0.21168305378831687,Pass
EOG7GJHZR|Aedes_aegypti|JSM_11685_S10_SPM|NODE_5073051_length_829_cov_2229_AU,0.16607131838896125,0.3319603340046404,0.08830041573920322,Pass
EOG7GJHZR|Bradysia_coprophila|JSM_11685_S10_SPM_1|NODE_122573_length_452_cov_0.627692_S,0.4099347774257567,0.7697431070435589,0.23659059314179798,Pass
EOG7GJHZR|Rhagoletis_pomonella|JSM_11804_S12_SPM_2|NODE_151345_length_180_cov_368_AU,0.20972184067179164,0.3073809523809523,0.06959706959706957,Pass
EOG7GJHZR|Rhagoletis_pomonella|JSM_11804_S12_SPM_1|NODE_739813_length_304_cov_844_AU,0.17322432294328055,0.28364150466141524,0.08645298836452997,Pass
EOG7GJHZR|Ceratitis_capitata|JSM_11807_S13_SPM|NODE_132141_length_708_cov_2.082616_R,0.07842452197818162,0.2406539149697537,0.06582602027775408,Pass
EOG7GJHZR|Teleopsis_dalmanni|JSM_4774_S13_SPM|NODE_16803_length_139_cov_4.000000_R,0.07528910094084826,0.32365464632454927,0.10593524319670955,Pass
EOG7GJHZR|Musca_domestica|JSM_5861_S5_SPM|NODE_228151_length_259_cov_458_AU,0.24529912602533457,0.8416468872372733,0.2623871173979062,Pass
EOG7GJHZR|Hermetia_illucens|JSM_6006_S14_SPM|NODE_58147_length_1149_cov_0.988258_R,0.17056101870260257,0.3401659451659451,0.0932178932178932,Pass
EOG7GJHZR|Teleopsis_dalmanni|JSM_6043_S6_SPM|NODE_415946_length_111_cov_162_AU,0.1368348897862317,0.4958311752373906,0.13898137871500804,Pass
EOG7GJHZR|Bactrocera_oleae|JSM_6055_S7_SPM|NODE_466058_length_221_cov_626_AU,0.09577702750633947,0.3106953559007285,0.08787750027540397,Pass
EOG7GJHZR|Hermetia_illucens|JSM_6055_S7_SPM_1|NODE_46989_length_493_cov_1.699454_S,0.2074638722627516,0.4118344234496123,0.10277374031007747,Pass
EOG7GJHZR|Bactrocera_oleae|JSM_6055_S7_SPM_2|NODE_30230_length_599_cov_1.387712_S,0.21671350667083866,0.41723712731585627,0.09495726146169892,Pass
EOG7GJHZR|Teleopsis_dalmanni|JSM_6145_S8_SPM|NODE_1108_length_1201_cov_1.151769_S,0.2105009849649147,0.8596032430567536,0.2839917198550975,Pass
EOG7GJHZR|Teleopsis_dalmanni|JSM_6153_S10_SPM|NODE_49871_length_553_cov_1.553991_S,0.15868269542642333,0.33439430961422045,0.08062957459688513,Pass
EOG7GJHZR|Hermetia_illucens|JSM_6163_S11_SPM|NODE_49005_length_441_cov_898_AU,0.19443288388119123,0.39771317829457375,0.10586932447397568,Pass
EOG7GJHZR|Ceratitis_capitata|JSM_6258_S12_SPM|NODE_256294_length_211_cov_420_AU,0.17211518387082927,0.46668261562998425,0.12041467304625209,Pass
EOG7GJHZR|Scaptodrosophila_lebanonensis|JSM_6310_S13_SPM|NODE_2362135_length_299_cov_799_AU,0.22656020905074406,0.6541774193548388,0.18741935483870975,Pass
EOG7GJHZR|Musca_domestica|JSM_6310_S13_SPM_1|NODE_1802133_length_169_cov_278_AU,0.258965036317513,0.7891249443622841,0.2402257096500926,Pass
EOG7GJHZR|Ceratitis_capitata|JSM_642_S1_SPM|NODE_1289674_length_280_cov_951_AU,0.09267842968000826,0.3064122455157798,0.08694467569817599,Pass
EOG7GJHZR|Ceratitis_capitata|JSM_642_S1_SPM_1|NODE_870522_length_401_cov_1052_AU,0.15603997456011456,0.37866638795986607,0.10777591973244138,Pass
EOG7GJHZR|Hermetia_illucens|JSM_6712_S3_SPM|NODE_520581_length_199_cov_338_AU,0.18039104864855243,0.30382629107981207,0.07981220657276988,Pass
EOG7GJHZR|Lucilia_sericata|JSM_6713_S4_SPM|NODE_183496_length_161_cov_262_AU,0.08363178499985459,0.32143889879183996,0.11606258665082192,Pass
EOG7GJHZR|Ceratitis_capitata|JSM_6897_S6_SPM|NODE_1335110_length_250_cov_440_AU,0.07391031484866369,0.2759894713576725,0.07811087222970126,Pass
EOG7GJHZR|Teleopsis_dalmanni|JSM_7037_II_S3_SPM|NODE_56719_length_138_cov_216_AU,0.15405258496647317,0.24996833060194007,0.07870842007352619,Pass
EOG7GJHZR|Teleopsis_dalmanni|JSM_7192_S14_SPM|NODE_294350_length_178_cov_296_AU,0.09965458887065355,0.3498159485126755,0.09685268032336547,Pass
EOG7GJHZR|Musca_domestica|JSM_7804_S15_SPM|NODE_10364_length_331_cov_2.382353_R,0.1675499549673024,0.3854858299595142,0.08817534552561779,Pass
EOG7GJHZR|Teleopsis_dalmanni|JSM_7821_S9_SPM|NODE_2388075_length_373_cov_895_AU,0.083218598290575,0.26146748308003237,0.06843777839828735,Pass
EOG7GJHZR|Hermetia_illucens|JSM_7821_S9_SPM_1|NODE_2536012_length_229_cov_615_AU,0.17827807622416095,0.3662350804359109,0.0953369412113575,Pass
EOG7GJHZR|Teleopsis_dalmanni|JSM_8315_S13_SPM|NODE_1027206_length_258_cov_536_AU,0.12144607929046858,0.29912203696760914,0.08451052933145642,Pass
EOG7GJHZR|Scaptodrosophila_lebanonensis|JSM_8931_S10_SPM|NODE_461676_length_218_cov_376_AU,0.2023498743440821,0.6222328969901022,0.1914056831045191,Pass
EOG7GJHZR|Drosophila_melanogaster|JSM_9163_II_S3_SPM|NODE_580424_length_214_cov_368_AU,0.273328482496564,0.6640726506861213,0.18683776272364083,Pass
EOG7GJHZR|Ceratitis_capitata|JSM_9171_S15_SPM|NODE_344298_length_251_cov_442_AU,0.34208050786776906,0.7259532520354985,0.15820551026967605,Pass
EOG7GJHZR|Hermetia_illucens|JSM_9724_S16_SPM|NODE_2066650_length_176_cov_292_AU,0.1992717643164515,0.3691489145871374,0.0998579833637655,Pass
EOG7GJHZR|Hermetia_illucens|JSS17053_S20_SPM|NODE_148755_length_251_cov_884_AU,0.22333408347553263,0.41945743646128486,0.09859601640800109,Pass
EOG7GJHZR|Glossina_morsitans|Sample_487784_S4_SPM|NODE_829061_length_146_cov_436_AU,0.14792965355663656,0.321248630887185,0.11423877327491783,Pass
EOG7GJHZR|Scaptodrosophila_lebanonensis|Sample_655211_S1_SPM_1|NODE_562243_length_391_cov_806_AU,0.18457085621115535,0.38822831095972743,0.08588459226607892,Pass
EOG7GJHZR|Anopheles_stephensi|Sander_Bot_Spec_74_S41_SPM|NODE_85472_length_146_cov_232_AU,0.1656796791250353,0.3774623643365621,0.09539036060217065,Pass
EOG7GJHZR|Scaptodrosophila_lebanonensis|CAJHUG01.1|CAJHUG010000046.1_911,0.17144642626091822,0.42363455859492605,0.11084042176538489,Pass
EOG7GJHZR|Scaptodrosophila_lebanonensis|CAJZBV01|CAJZBV010000161.1_1141,0.22167076298377483,0.39540649394869276,0.0996109836719351,Pass
EOG7GJHZR|Scaptodrosophila_lebanonensis|CAJNIT01|CAJNIT010000121.1_1000,0.16264516294034462,0.3956510367126076,0.10149120140876589,Pass
EOG7GJHZR|Glossina_morsitans|CAJNIT01_1|CAJNIT010000121.1_999,0.42853609537513937,0.8008567358382707,0.18331987405747252,Pass
EOG7GJHZR|Scaptodrosophila_lebanonensis|CAJMZT01.1|CAJMZT010000186.1_18,0.10405641967955705,0.30868265317052274,0.08356094687232218,Pass
EOG7GJHZR|Ceratitis_capitata|CAJVQV01_1|CAJVQV010000239.1_74,0.2744194765769636,0.7269071448429246,0.20892889668593562,Pass
EOG7GJHZR|Drosophila_melanogaster|CAJSMD01.1_1|CAJSMD010000027.1_316,0.40597767501969184,0.9087456352403973,0.22081654579640064,Pass
EOG7GJHZR|Lucilia_sericata|CAJSMG01_1|CAJSMG010000275.1_525,0.19403748861436407,0.39666666666666683,0.10000000000000009,Pass
EOG7GJHZR|Teleopsis_dalmanni|CAJVQV01|CAJVQV010000239.1_75,0.16521372360276518,0.41812492551397806,0.10833344730101735,Pass
EOG7GJHZR|Teleopsis_dalmanni|CAJSMD01.1|CAJSMD010000027.1_315,0.16890255344023128,0.41812492551397806,0.10833344730101735,Pass
EOG7GJHZR|Drosophila_melanogaster|CAJSMG01|CAJSMG010000275.1_522,0.23935573009671998,0.5157719520637232,0.11303439303277474,Pass
EOG7GJHZR|Teleopsis_dalmanni|CAJZBV01_2|CAJZBV010000161.1_1140,0.39326428191827223,0.8554653068902506,0.17657476082983992,Pass
EOG7GJHZR|Teleopsis_dalmanni|CAJZLI01|CAJZLI010000577.1_929,0.17397442968461033,0.48514524833383443,0.13235615548382496,Pass
EOG7GJHZR|Drosophila_melanogaster|CAKAIX01.1|CAKAIX010000416.1_12,0.21118228708003178,0.48134338153989753,0.13344669872555892,Pass
EOG7GJHZR|Teleopsis_dalmanni|CAKAJG01.1|CAKAJG010000751.1_160,0.2925167957273584,0.5730074932677675,0.11822503219763503,Pass
EOG7GJHZR|Teleopsis_dalmanni|CAKJUZ01.1_1|CAKJUZ010001033.1_44,0.4328451316700963,0.7544132051167977,0.16248567536724512,Pass
EOG7GJHZR|Stomoxys_calcitrans|CAKLPK01.1|CAKLPK010000019.1_545,0.2072690549027215,0.5276520934006832,0.10964244176639304,Pass
EOG7GJHZR|Drosophila_melanogaster|JSM_11804_S12_SPM|NODE_1922009_length_555_cov_1972_AU,0.2850321000714984,0.7628130780614132,0.23358305586385497,Pass
EOG7GJHZR|Scaptodrosophila_lebanonensis|JSM_11384_S6_SPM|NODE_45523_length_730_cov_2.197347_S,0.295756963311919,0.37397982842568966,0.09216653969726074,Pass
