EOG7G25S3|Bactrocera_dorsalis|GCNK01.1|GCNK01054913.1,0.1649310473423367,0.5647895364898433,0.168209819555879,Pass
EOG7G25S3|Teleopsis_dalmanni|GCNJ01.1|GCNJ01008467.1,0.17826700355725295,0.5647895364898433,0.168209819555879,Pass
EOG7G25S3|Teleopsis_dalmanni|GIFM01.1|GIFM01026195.1,0.1627037247544075,0.5647895364898433,0.168209819555879,Pass
EOG7G25S3|Teleopsis_dalmanni|GIFT01.1|GIFT01030504.1,0.16117679950637367,0.5647895364898433,0.168209819555879,Pass
EOG7G25S3|Zeugodacus_cucurbitae|GIGQ01.1|GIGQ01020553.1,0.17346042148694735,0.5647895364898433,0.168209819555879,Pass
EOG7G25S3|Teleopsis_dalmanni|GCFN01.1|GCFN01019844.1,0.16943422328987948,0.5647895364898433,0.168209819555879,Pass
EOG7G25S3|Teleopsis_dalmanni|GCFJ01.1|GCFJ01020041.1,0.16666248060637706,0.5647895364898433,0.168209819555879,Pass
EOG7G25S3|Teleopsis_dalmanni|GCLW01.1|GCLW01019672.1,0.1592995053777392,0.5647895364898433,0.168209819555879,Pass
EOG7G25S3|Zeugodacus_cucurbitae|130501_249_44|s3527_L_4488_1_a_55_9_l_2970,0.19409156732845417,0.5647895364898433,0.168209819555879,Pass
EOG7G25S3|Zeugodacus_cucurbitae|120429_266_9|C109123_a_21_0_l_2151,0.16409088750811535,0.5647895364898433,0.168209819555879,Pass
EOG7G25S3|Bactrocera_dorsalis|GIGV01.1|GIGV01028716.1,0.1699144014948759,0.5647895364898433,0.168209819555879,Pass
EOG7G25S3|Teleopsis_dalmanni|GCGQ01.1|GCGQ01028704.1,0.1800699155198441,0.5647895364898433,0.168209819555879,Pass
EOG7G25S3|Zeugodacus_cucurbitae|GIGW01.1|GIGW01022021.1,0.17258465496146602,0.5647895364898433,0.168209819555879,Pass
EOG7G25S3|Teleopsis_dalmanni|GCGS01.1|GCGS01015334.1,0.1727970982249542,0.5608269941939827,0.16592070499006406,Pass
EOG7G25S3|Ceratitis_capitata|GIFS01.1|GIFS01033515.1,0.174970816843911,0.5608269941939827,0.16592070499006406,Pass
EOG7G25S3|Ceratitis_capitata|GAZD02.1|GAZD02016700.1,0.1884700665361305,0.5608269941939827,0.16592070499006406,Pass
EOG7G25S3|Zeugodacus_cucurbitae|GIFR01.1|GIFR01064295.1,0.16992495979036656,0.5608269941939827,0.16592070499006406,Pass
EOG7G25S3|Teleopsis_dalmanni|GIGL01.1|GIGL01033807.1,0.17101906976147288,0.5608269941939827,0.16592070499006406,Pass
EOG7G25S3|Bactrocera_dorsalis|GIFE01.1|GIFE01018596.1,0.16580223474499184,0.5608269941939827,0.16592070499006406,Pass
EOG7G25S3|Lucilia_sericata|GIFH01.1|GIFH01017253.1,0.18360907509870625,0.5608269941939827,0.16592070499006406,Pass
EOG7G25S3|Scaptodrosophila_lebanonensis|GIFF01.1|GIFF01028048.1,0.17897741492517,0.5608269941939827,0.16592070499006406,Pass
EOG7G25S3|Lucilia_sericata|GHEX01.1|GHEX01005990.1,0.16695387149187738,0.5608269941939827,0.16592070499006406,Pass
EOG7G25S3|Teleopsis_dalmanni|GIGT01.1|GIGT01017796.1,0.16843088536665204,0.5608269941939827,0.16592070499006406,Pass
EOG7G25S3|Lucilia_sericata|GCNB01.1|GCNB01026633.1,0.16707363060809127,0.5608269941939827,0.16592070499006406,Pass
EOG7G25S3|Bactrocera_dorsalis|GCFV01.1|GCFV01003923.1,0.17707535782477632,0.5608269941939827,0.16592070499006406,Pass
EOG7G25S3|Teleopsis_dalmanni|GDDC01.1|GDDC01039733.1,0.18081573592861772,0.5608269941939827,0.16592070499006406,Pass
EOG7G25S3|Lucilia_sericata|GCFF01.1|GCFF01018283.1,0.16814612090808045,0.5608269941939827,0.16592070499006406,Pass
EOG7G25S3|Lucilia_sericata|GAVA02.1|GAVA02022725.1,0.18550221676676598,0.5608269941939827,0.16592070499006406,Pass
EOG7G25S3|Teleopsis_dalmanni|130608_189_16|C146589_a_45_0_l_2383,0.17514508529696982,0.5608269941939827,0.16592070499006406,Pass
EOG7G25S3|Teleopsis_dalmanni|130919_247_37|s7390_L_18662_0_a_42_3_l_2226,0.2123654145924182,0.5561310986924722,0.16431648583747993,Pass
EOG7G25S3|Teleopsis_dalmanni|120126_283_11|s3781_L_5740_0_a_39_1_l_1798,0.2177329300005999,0.5561310986924722,0.16431648583747993,Pass
EOG7G25S3|Bactrocera_dorsalis|130928_232_71|C99157_a_56_0_l_2398,0.22138247296880031,0.5561310986924722,0.16431648583747993,Pass
EOG7G25S3|Zeugodacus_cucurbitae|130314_269_33|C78271_a_36_0_l_2950,0.1710514428347622,0.565034862293115,0.16783491262816153,Pass
EOG7G25S3|Zeugodacus_cucurbitae|130928_232_37|s7956_L_24284_0_a_46_5_l_2848,0.17022209582635967,0.565034862293115,0.16783491262816153,Pass
EOG7G25S3|Teleopsis_dalmanni|120823_263_57|C149158_a_32_0_l_1766,0.17361454589065214,0.4619494391522464,0.1394542101830305,Pass
EOG7G25S3|Ceratitis_capitata|120823_263_57_1|C124244_a_7_0_l_641,0.3005365594352057,0.7696795551385721,0.22600495735687293,Pass
EOG7G25S3|Bactrocera_dorsalis|130919_247_21|C128008_a_13_0_l_1597,0.21989500734229117,0.5512062698773285,0.161744661517492,Pass
EOG7G25S3|Ceratitis_capitata|130919_247_44|C96786_a_34_0_l_787,0.27490051993687536,0.6763572854291416,0.2055888223552894,Pass
EOG7G25S3|Ceratitis_capitata|CAJNIT01|CAJNIT010000037.1_950,0.22327782156416237,0.5551234463267968,0.16401620141485096,Pass
EOG7G25S3|Bactrocera_dorsalis|130928_232_84|C58354_a_9_0_l_1963,0.22121028228771472,0.5551234463267968,0.16401620141485096,Pass
EOG7G25S3|Ceratitis_capitata|130928_232_126|s509_L_780_0_a_30_0_l_1837,0.23475527429086346,0.5500564766491512,0.16125695919284833,Pass
EOG7G25S3|Lucilia_sericata|130919_247_55|s5967_L_12224_0_a_71_4_l_2599,0.1923019502493293,0.5523222989043554,0.16192648541461274,Pass
EOG7G25S3|Bactrocera_dorsalis|130919_247_17|s374_L_377_0_a_15_3_l_1879,0.20563534388235208,0.5529484380861196,0.16281765663924008,Pass
EOG7G25S3|Scaptodrosophila_lebanonensis|131012_246_93|C83128_a_25_0_l_1081,0.16727060194066123,0.4780820569898456,0.13609894585722693,Pass
EOG7G25S3|Teleopsis_dalmanni|120707_249_19|s8858_L_18928_0_a_57_6_l_1722,0.24115969625206157,0.5541481896205847,0.1625861733287296,Pass
EOG7G25S3|Bactrocera_dorsalis|130919_247_71|s4659_L_15347_0_a_38_2_l_1633,0.2276244570401298,0.5585873343592312,0.16541574989309749,Pass
EOG7G25S3|Zeugodacus_cucurbitae|GCVD01.1|GCVD01013899.1,0.16314460444300777,0.5203941127778337,0.15362651990558962,Pass
EOG7G25S3|Lucilia_sericata|GCGW01.1|GCGW01054472.1,0.15859833872941972,0.44787139495606276,0.1286785998664567,Pass
EOG7G25S3|Drosophila_ficusphila|GCGW01.1_2|GCGW01054474.1,0.2340229917357558,0.6413423139192161,0.19232844866951715,Pass
EOG7G25S3|Teleopsis_dalmanni|GCFU01.1|GCFU01013194.1,0.2361214657047563,0.5572221527847216,0.16501099890011006,Pass
EOG7G25S3|Bactrocera_dorsalis|GCGG01.1|GCGG01000741.1,0.19926467301322182,0.5658100494100157,0.1685162628288015,Pass
EOG7G25S3|Bactrocera_dorsalis|GCMS01.1|GCMS01021552.1,0.1931275562571819,0.5594890987256257,0.16578381698142175,Pass
EOG7G25S3|Bactrocera_dorsalis|GCGH01.1|GCGH01016213.1,0.190747191421949,0.5594890987256257,0.16578381698142175,Pass
EOG7G25S3|Teleopsis_dalmanni|GCMC01.1|GCMC01022059.1,0.2258393810686919,0.5575731315910133,0.16511312431817105,Pass
EOG7G25S3|Scaptodrosophila_lebanonensis|GDDE01.1|GDDE01003526.1,0.27354850764723815,0.45418880803201933,0.13566274350993146,Pass
EOG7G25S3|Scaptodrosophila_lebanonensis|GDDH01.1|GDDH01065308.1,0.18526618666672623,0.5186834576036069,0.15283385766305835,Pass
EOG7G25S3|Teleopsis_dalmanni|GCMY01.1|GCMY01088214.1,0.2908848100990325,0.554181172823711,0.16344479757526897,Pass
EOG7G25S3|Zeugodacus_cucurbitae|GIGO01.1|GIGO01013956.1,0.2085207689162029,0.6174905726563185,0.18814347101639917,Pass
EOG7G25S3|Scaptodrosophila_lebanonensis|GIGO01.1_1|GIGO01013318.1,0.15250714291687142,0.4985339910427583,0.14463621767787738,Pass
EOG7G25S3|Lucilia_sericata|GIGR01.1|GIGR01030905.1,0.22415533394693837,0.554484090505408,0.16341766669055713,Pass
EOG7G25S3|Teleopsis_dalmanni|GIGU01.1|GIGU01041937.1,0.33378301409359473,0.554484090505408,0.16341766669055713,Pass
EOG7G25S3|Lucilia_sericata|GHFF01.1|GHFF01005660.1,0.2211831945055391,0.6704474618199435,0.19880789403176258,Pass
EOG7G25S3|Teleopsis_dalmanni|GIFO01.1|GIFO01045114.1,0.16249177315257693,0.5083238323219953,0.14657080824870172,Pass
EOG7G25S3|Teleopsis_dalmanni|GIFO01.1_2|GIFO01045112.1,0.18740418584779792,0.7260075473761931,0.23748256720172833,Pass
EOG7G25S3|Teleopsis_dalmanni|GIGS01.1|GIGS01038780.1,0.17475851655118718,0.5670807065631186,0.16899376716392833,Pass
EOG7G25S3|Drosophila_melanogaster|GIGM01.1|GIGM01038559.1,0.2013370934465284,0.47739462670856814,0.1417424483950468,Pass
EOG7G25S3|Teleopsis_dalmanni|GIGP01.1|GIGP01019137.1,0.1937955673766154,0.5778163853642255,0.16232701142487904,Pass
EOG7G25S3|Zeugodacus_cucurbitae|GIGP01.1_1|GIGP01021889.1,0.26734549282968134,0.9103280375985251,0.2704198562529512,Pass
EOG7G25S3|Scaptodrosophila_lebanonensis|GIFG01.1|GIFG01026630.1,0.1609837944556644,0.5167965367965368,0.153237918544041,Pass
EOG7G25S3|Bactrocera_oleae|AB33593873_S12_SPM|NODE_1834_length_640_cov_11.169591_R,0.14235998922374882,0.3290067839728641,0.10243799024803901,Pass
EOG7G25S3|Bactrocera_dorsalis|LEM_0014396_S65_SPM|NODE_2198_length_252_cov_5.904000_R,0.13343533890788647,0.2870056795667679,0.08361290890679346,Pass
EOG7G25S3|Lucilia_sericata|JSM_10540_S15_SPM_1|NODE_46052_length_445_cov_1.433962_R,0.0779789567804273,0.2870056795667679,0.08361290890679346,Pass
EOG7G25S3|Lucilia_sericata|JSM_11396_S7_SPM|NODE_125732_length_197_cov_756_AU,0.1016951516262615,0.2870056795667679,0.08361290890679346,Pass
EOG7G25S3|Lucilia_sericata|AB48933026_S24_SPM|NODE_4052_length_240_cov_4.070796_R,0.12014946259604004,0.2870056795667679,0.08361290890679346,Pass
EOG7G25S3|Drosophila_ficusphila|CNC_Diptera158252_S45_SPM|NODE_1130_length_356_cov_18.908297_R,0.1696541714412047,0.3819559995366446,0.1247767054218667,Pass
EOG7G25S3|Bactrocera_dorsalis|AHE_82_S29_merged_SPM|NODE_21288_length_414_cov_2.635015_R,0.15741675349654424,0.3819559995366446,0.1247767054218667,Pass
EOG7G25S3|Lucilia_sericata|JSM7636_S58_SPM|NODE_713_length_679_cov_20.413043_g711_i0_R,0.1656589479412767,0.3819559995366446,0.1247767054218667,Pass
EOG7G25S3|Teleopsis_dalmanni|G0464_S50_SPM|NODE_125_length_248_cov_2.942149_R,0.17499569757362238,0.3819559995366446,0.1247767054218667,Pass
EOG7G25S3|Lucilia_sericata|AB49104653_S38_SPM|NODE_2230_length_375_cov_21.653226_R,0.16034664898867532,0.3819559995366446,0.1247767054218667,Pass
EOG7G25S3|Lucilia_sericata|JSM_2594_S5_SPM|NODE_2176_length_301_cov_11.540230_R,0.1475959989601475,0.3819559995366446,0.1247767054218667,Pass
EOG7G25S3|Lucilia_sericata|JSM_9171_S15_SPM|NODE_1090_length_367_cov_5.579167_R,0.15242931001474844,0.3819559995366446,0.1247767054218667,Pass
EOG7G25S3|Glossina_morsitans|CNC_Dip21559_S25_SPM|NODE_30702_length_439_cov_1012_A,0.1383420143069292,0.3819559995366446,0.1247767054218667,Pass
EOG7G25S3|Lucilia_sericata|Sample_655211_S1_SPM|NODE_25690_length_280_cov_2.267974_R,0.16544306619638677,0.3819559995366446,0.1247767054218667,Pass
EOG7G25S3|Zeugodacus_cucurbitae|AHE_202_S45_merged_SPM|NODE_10143_length_335_cov_5768_A,0.1584234078644891,0.3819559995366446,0.1247767054218667,Pass
EOG7G25S3|Lucilia_sericata|CNC468289_S15_SPM|NODE_1299_length_347_cov_3.004545_R,0.1622472490196934,0.3819559995366446,0.1247767054218667,Pass
EOG7G25S3|Hermetia_illucens|AHE_43_S48_merged_SPM|NODE_2421_length_313_cov_1.389831_S,0.15741638990772366,0.3819559995366446,0.1247767054218667,Pass
EOG7G25S3|Bactrocera_dorsalis|AHE_220_S54_merged_SPM|NODE_25157_length_575_cov_15709_A,0.15782229668778971,0.3819559995366446,0.1247767054218667,Pass
EOG7G25S3|Drosophila_ficusphila|JSS16919_S15_SPM|NODE_65695_length_355_cov_6359_AU,0.13234042230384482,0.3819559995366446,0.1247767054218667,Pass
EOG7G25S3|Bactrocera_dorsalis|MZH_Y126_S44_SPM|NODE_3557_length_415_cov_28784_AU,0.17760070024540006,0.3819559995366446,0.1247767054218667,Pass
EOG7G25S3|Ceratitis_capitata|CAJZBV01_1|CAJZBV010000032.1_2128,0.17888413447215817,0.3819559995366446,0.1247767054218667,Pass
EOG7G25S3|Bactrocera_dorsalis|AHE_251_S46_merged_SPM|NODE_14406_length_463_cov_21202_A,0.16446597073221536,0.3819559995366446,0.1247767054218667,Pass
EOG7G25S3|Ceratitis_capitata|AHE_156_S45_merged_SPM|NODE_2251_length_588_cov_2.495108_S,0.1711403370253529,0.3819559995366446,0.1247767054218667,Pass
EOG7G25S3|Drosophila_ficusphila|JSM_5907_S13_SPM|NODE_16159_length_375_cov_6.471774_R,0.17869084731832208,0.3819559995366446,0.1247767054218667,Pass
EOG7G25S3|Glossina_morsitans|Sander_Bot_Spec_74_S41_SPM|NODE_103697_length_267_cov_979_AU,0.1373029945340766,0.3819559995366446,0.1247767054218667,Pass
EOG7G25S3|Glossina_morsitans|CNC451875_S3_SPM|NODE_42_length_516_cov_16.195373_R,0.17205416885786484,0.3819559995366446,0.1247767054218667,Pass
EOG7G25S3|Glossina_morsitans|CNC485132_S85_SPM|NODE_44354_length_277_cov_494_AU,0.1373029945340766,0.3819559995366446,0.1247767054218667,Pass
EOG7G25S3|Ceratitis_capitata|AHE_189_S21_merged_SPM|NODE_117855_length_671_cov_49.762626_R,0.15640196868993808,0.3819559995366446,0.1247767054218667,Pass
EOG7G25S3|Bradysia_coprophila|CAKJUZ01.1|CAKJUZ010000283.1_100,0.15917218708766842,0.3819559995366446,0.1247767054218667,Pass
EOG7G25S3|Glossina_morsitans|Sample_519660_S4_SPM|NODE_968_length_587_cov_16.339130_S,0.1963752308966236,0.3819559995366446,0.1247767054218667,Pass
EOG7G25S3|Lucilia_sericata|JSM5576_S67_SPM|NODE_425_length_411_cov_6.725352_g424_i0_R,0.15676987130786343,0.3819559995366446,0.1247767054218667,Pass
EOG7G25S3|Lucilia_sericata|CNC254466_S52_SPM|NODE_913_length_439_cov_17.766026_S,0.1565272538367892,0.3819559995366446,0.1247767054218667,Pass
EOG7G25S3|Lucilia_sericata|JSM_7334_S8_SPM|NODE_1880_length_492_cov_29.024658_S,0.13979414147885358,0.3819559995366446,0.1247767054218667,Pass
EOG7G25S3|Ceratitis_capitata|AHE_206_S46_merged_SPM|NODE_6514_length_462_cov_2.779221_R,0.16304709182709173,0.3819559995366446,0.1247767054218667,Pass
EOG7G25S3|Glossina_morsitans|ZMFK_18025_S5_SPM|NODE_2386_length_438_cov_84.868167_R,0.15170446630100018,0.3819559995366446,0.1247767054218667,Pass
EOG7G25S3|Bactrocera_dorsalis|wvs06189_S30_SPM|NODE_1209_length_460_cov_4.870871_R,0.1635552693405578,0.3819559995366446,0.1247767054218667,Pass
EOG7G25S3|Lucilia_sericata|CNC457425_S9_SPM|NODE_421_length_346_cov_22.410959_R,0.15691091621294062,0.3819559995366446,0.1247767054218667,Pass
EOG7G25S3|Lucilia_sericata|JSM_4972_S8_SPM|NODE_1073_length_332_cov_2.790244_R,0.17010154869972202,0.3819559995366446,0.1247767054218667,Pass
EOG7G25S3|Glossina_morsitans|JSS16852_S14_SPM|NODE_1040_length_407_cov_4.075000_g1039_i0_R,0.15193407158407923,0.3819559995366446,0.1247767054218667,Pass
EOG7G25S3|Bactrocera_oleae|AHE_102_S3_merged_SPM|NODE_10109_length_384_cov_4.237785_R,0.16447638570167222,0.3819559995366446,0.1247767054218667,Pass
EOG7G25S3|Lucilia_sericata|JSS17803_S32_SPM|NODE_687_length_497_cov_2.118919_g685_i0_R,0.14997366099371573,0.3819559995366446,0.1247767054218667,Pass
EOG7G25S3|Lucilia_sericata|JSM_10051_S8_SPM|NODE_1370_length_509_cov_14.589005_S,0.18282306250755226,0.3819559995366446,0.1247767054218667,Pass
EOG7G25S3|Glossina_morsitans|AHE_9_S57_merged_SPM|NODE_2506_length_302_cov_1.604444_S,0.21325853095913713,0.3819559995366446,0.1247767054218667,Pass
EOG7G25S3|Bactrocera_dorsalis|JSM_10502_S4_SPM|NODE_1439_length_399_cov_4.922794_R,0.15646191872754092,0.3819559995366446,0.1247767054218667,Pass
EOG7G25S3|Lucilia_sericata|AB59937875_S42_SPM|NODE_2241_length_424_cov_12.754209_R,0.16544306619638677,0.3819559995366446,0.1247767054218667,Pass
EOG7G25S3|Bactrocera_oleae|AHE_135_S42_merged_SPM|NODE_166223_length_491_cov_24521_A,0.161475174914148,0.3819559995366446,0.1247767054218667,Pass
EOG7G25S3|Lucilia_sericata|JSM_6310_S13_SPM|NODE_263849_length_273_cov_882_AU,0.13894997114809107,0.3819559995366446,0.1247767054218667,Pass
EOG7G25S3|Lucilia_sericata|KMM1400_S62_SPM|NODE_1424_length_320_cov_7.694301_R,0.16884901276591333,0.3819559995366446,0.1247767054218667,Pass
EOG7G25S3|Lucilia_sericata|AustralianMuseumK405966_S60_SPM|NODE_588_length_317_cov_9.284211_R,0.1562425538054974,0.3819559995366446,0.1247767054218667,Pass
EOG7G25S3|Lucilia_sericata|CNC1059123_S33_SPM|NODE_2302_length_331_cov_18.299020_R,0.18818049333263534,0.3819559995366446,0.1247767054218667,Pass
EOG7G25S3|Lucilia_sericata|CNC590663_S23_SPM|NODE_264_length_327_cov_3.290000_R,0.15455732475619957,0.3819559995366446,0.1247767054218667,Pass
EOG7G25S3|Bactrocera_dorsalis|USNM_ENT27989_S88_SPM|NODE_506_length_506_cov_9.960422_R,0.17467488493341193,0.3819559995366446,0.1247767054218667,Pass
EOG7G25S3|Lucilia_sericata|JSBVM_75_S7_SPM|NODE_935771_length_250_cov_440_AU,0.17040563842661857,0.3819559995366446,0.1247767054218667,Pass
EOG7G25S3|Lucilia_sericata|CNC482858_S92_SPM|NODE_1132_length_675_cov_4.257299_R,0.16544306619638677,0.3819559995366446,0.1247767054218667,Pass
EOG7G25S3|Ceratitis_capitata|JSS_29946_S53_SPM|NODE_2686_length_385_cov_5.236434_R,0.15414951345397182,0.3819559995366446,0.1247767054218667,Pass
EOG7G25S3|Ceratitis_capitata|CNC464825_S42_SPM|NODE_42028_length_366_cov_836_AU,0.1706329442164489,0.3819559995366446,0.1247767054218667,Pass
EOG7G25S3|Lucilia_sericata|AHE_200_S63_merged_SPM|NODE_2414_length_383_cov_5.343137_S,0.1706329442164489,0.3819559995366446,0.1247767054218667,Pass
EOG7G25S3|Lucilia_sericata|JSM_8264_S9_SPM|NODE_2473_length_598_cov_16.475584_R,0.16504586600355664,0.3819559995366446,0.1247767054218667,Pass
EOG7G25S3|Ceratitis_capitata|JSS16944_S16_SPM|NODE_514_length_468_cov_21.891496_g513_i0_R,0.1470490976245314,0.3819559995366446,0.1247767054218667,Pass
EOG7G25S3|Ceratitis_capitata|CNC571880_S96_SPM|NODE_1226_length_397_cov_2.944444_R,0.1796047642793489,0.3819559995366446,0.1247767054218667,Pass
EOG7G25S3|Drosophila_ficusphila|JSM_6608_S1_SPM|NODE_15536_length_463_cov_2.190476_R,0.17986596708159866,0.3819559995366446,0.1247767054218667,Pass
EOG7G25S3|Ceratitis_capitata|AHE_132_S13_merged_SPM|NODE_32124_length_958_cov_39.595914_R,0.1692533458067957,0.3819559995366446,0.1247767054218667,Pass
EOG7G25S3|Glossina_morsitans|CNC464828_S13_SPM|NODE_1835_length_342_cov_5.297674_R,0.17551758262206862,0.3819559995366446,0.1247767054218667,Pass
EOG7G25S3|Lucilia_sericata|JSM_2977_S7_SPM|NODE_1519_length_517_cov_50.541026_R,0.15270371881035524,0.3819559995366446,0.1247767054218667,Pass
EOG7G25S3|Lucilia_sericata|JSS42569_S72_SPM|NODE_359_length_450_cov_8.452012_g358_i0_R,0.15390170300920838,0.3819559995366446,0.1247767054218667,Pass
EOG7G25S3|Lucilia_sericata|KMM1406_S69_SPM|NODE_522_length_461_cov_1.664671_R,0.15819930511285832,0.3819559995366446,0.1247767054218667,Pass
EOG7G25S3|Glossina_morsitans|JSS13126_S7_SPM|NODE_678_length_456_cov_33.100304_g677_i0_R,0.1373029945340766,0.3819559995366446,0.1247767054218667,Pass
EOG7G25S3|Ceratitis_capitata|AHE_269_S23_SPM|NODE_42994_length_423_cov_3.439306_R,0.18019402432639364,0.3819559995366446,0.1247767054218667,Pass
EOG7G25S3|Lucilia_sericata|CNC684456_S45_SPM|NODE_64768_length_370_cov_1916_AU,0.15793718770146148,0.3819559995366446,0.1247767054218667,Pass
EOG7G25S3|Bactrocera_dorsalis|AHE_182_S27_merged_SPM|NODE_26483_length_533_cov_17609_A,0.16802218921819617,0.3819559995366446,0.1247767054218667,Pass
EOG7G25S3|Lucilia_sericata|JSM_9639_II_S16_SPM|NODE_6411_length_365_cov_97654_AU,0.17184227224507392,0.3819559995366446,0.1247767054218667,Pass
EOG7G25S3|Bactrocera_oleae|CNC566583_S21_SPM|NODE_1726_length_429_cov_39.741722_S,0.15959365604988,0.3819559995366446,0.1247767054218667,Pass
EOG7G25S3|Ceratitis_capitata|CAJVCN01|CAJVCN010000097.1_1109,0.16134635602831357,0.3819559995366446,0.1247767054218667,Pass
EOG7G25S3|Drosophila_ficusphila|JSS19037_S73_SPM|NODE_513_length_589_cov_26.426407_g511_i0_R,0.1436712266906538,0.3819559995366446,0.1247767054218667,Pass
EOG7G25S3|Ceratitis_capitata|KMM1404_S64_SPM|NODE_1249_length_514_cov_5.653747_R,0.1796047642793489,0.3819559995366446,0.1247767054218667,Pass
EOG7G25S3|Drosophila_ficusphila|JSS_18925_S78_SPM|NODE_415_length_403_cov_3.659420_R,0.17049242467857126,0.3819559995366446,0.1247767054218667,Pass
EOG7G25S3|Drosophila_ficusphila|AHE_274_S21_SPM|NODE_90356_length_373_cov_4.155405_R,0.17869084731832208,0.3819559995366446,0.1247767054218667,Pass
EOG7G25S3|Zeugodacus_cucurbitae|AHE_185_S39_merged_SPM|NODE_11905_length_438_cov_8.221607_R,0.18249827686088588,0.3819559995366446,0.1247767054218667,Pass
EOG7G25S3|Lucilia_sericata|JSM_10551_S1_SPM|NODE_550_length_942_cov_95.174233_S,0.133605512422574,0.3978219158843166,0.12704320300768124,Pass
EOG7G25S3|Glossina_morsitans|CNC484132_S5_SPM|NODE_280_length_694_cov_38.647266_g278_i0_R,0.11392941459435839,0.3978219158843166,0.12704320300768124,Pass
EOG7G25S3|Bactrocera_dorsalis|AHE_162_S18_merged_SPM|NODE_1030_length_1059_cov_21.817719_S,0.1611984146551381,0.3978219158843166,0.12704320300768124,Pass
EOG7G25S3|Lucilia_sericata|AHE_252_S17_SPM|NODE_1343_length_935_cov_27.616550_S,0.15145197740533575,0.3978219158843166,0.12704320300768124,Pass
EOG7G25S3|Lucilia_sericata|AHE_60_S67_merged_SPM|NODE_714_length_1127_cov_32.813333_S,0.1372612612590688,0.3978219158843166,0.12704320300768124,Pass
EOG7G25S3|Ceratitis_capitata|AHE_157_S17_merged_SPM|NODE_2629_length_859_cov_49.182864_S,0.16908305451444847,0.3978219158843166,0.12704320300768124,Pass
EOG7G25S3|Musca_domestica|AHE_45_S33_merged_SPM|NODE_1058_length_766_cov_37.285922_S,0.14670381038730554,0.3978219158843166,0.12704320300768124,Pass
EOG7G25S3|Bactrocera_oleae|AHE_164_S19_merged_SPM|NODE_2167_length_849_cov_14.332902_S,0.17401490811085674,0.3978219158843166,0.12704320300768124,Pass
EOG7G25S3|Bactrocera_dorsalis|AHE_101_S25_merged_SPM|NODE_19651_length_859_cov_20.953964_R,0.15424705710193762,0.3978219158843166,0.12704320300768124,Pass
EOG7G25S3|Hermetia_illucens|AHE_64_S44_merged_SPM|NODE_69285_length_850_cov_21.046572_R,0.15417210271109413,0.3978219158843166,0.12704320300768124,Pass
EOG7G25S3|Lucilia_sericata|JSM_8931_S10_SPM|NODE_13851_length_708_cov_80.080895_R,0.14978962074344104,0.3978219158843166,0.12704320300768124,Pass
EOG7G25S3|Glossina_morsitans|AHE_88_S35_merged_SPM|NODE_2074_length_681_cov_2.382450_R,0.1552578694543806,0.3978219158843166,0.12704320300768124,Pass
EOG7G25S3|Lucilia_sericata|AHE_81_S53_merged_SPM|NODE_1011_length_861_cov_7.012755_S,0.13715112642565871,0.3978219158843166,0.12704320300768124,Pass
EOG7G25S3|Bactrocera_dorsalis|AHE_104_S47_merged_SPM|NODE_1794_length_831_cov_23.652520_S,0.163079766668251,0.3978219158843166,0.12704320300768124,Pass
EOG7G25S3|Lucilia_sericata|AHE_76_S32_merged_SPM|NODE_1607_length_772_cov_25.585612_S,0.1723518979547032,0.3978219158843166,0.12704320300768124,Pass
EOG7G25S3|Lucilia_sericata|AHE_63_S36_merged_SPM|NODE_271103_length_656_cov_7261_A,0.14910988915573947,0.3978219158843166,0.12704320300768124,Pass
EOG7G25S3|Musca_domestica|JSM_10506_S5_SPM|NODE_2008_length_698_cov_234.989492_S,0.13509802902630802,0.3978219158843166,0.12704320300768124,Pass
EOG7G25S3|Glossina_morsitans|CNC942134_S46_SPM|NODE_116_length_682_cov_69.711712_g115_i0_R,0.11465126390414145,0.3978219158843166,0.12704320300768124,Pass
EOG7G25S3|Bactrocera_dorsalis|AHE_141_S15_merged_SPM|NODE_1791_length_932_cov_33.201170_S,0.17480569366333756,0.3978219158843166,0.12704320300768124,Pass
EOG7G25S3|Glossina_morsitans|AHE_253_S20_SPM|NODE_31570_length_820_cov_21.448183_R,0.13357478087420754,0.3978219158843166,0.12704320300768124,Pass
EOG7G25S3|Zeugodacus_cucurbitae|AHE_265_S23_SPM|NODE_3589_length_764_cov_47.852984_S,0.17839352645576406,0.3978219158843166,0.12704320300768124,Pass
EOG7G25S3|Lucilia_sericata|CNC485567_S78_SPM|NODE_331_length_585_cov_32.532751_g330_i0_R,0.11605722280821021,0.3978219158843166,0.12704320300768124,Pass
EOG7G25S3|Bactrocera_dorsalis|AHE_133_S17_merged_SPM|NODE_4033_length_892_cov_34.896933_R,0.16137737231706364,0.3978219158843166,0.12704320300768124,Pass
EOG7G25S3|Teleopsis_dalmanni|JSM_6704_S2_SPM|NODE_13754_length_653_cov_16.309886_R,0.15298256662650928,0.3978219158843166,0.12704320300768124,Pass
EOG7G25S3|Hermetia_illucens|JSM_6006_S14_SPM|NODE_92632_length_773_cov_0.950464_R,0.11973520966413628,0.3978219158843166,0.12704320300768124,Pass
EOG7G25S3|Zeugodacus_cucurbitae|AHE_105_S55_merged_SPM|NODE_1202_length_968_cov_22.021324_S,0.14820478540699128,0.3978219158843166,0.12704320300768124,Pass
EOG7G25S3|Ceratitis_capitata|AHE_173_S62_merged_SPM|NODE_1146_length_1071_cov_14.211268_S,0.18007202037431197,0.3978219158843166,0.12704320300768124,Pass
EOG7G25S3|Bactrocera_dorsalis|AHE_99_S33_merged_SPM|NODE_6444_length_967_cov_13.397753_R,0.16854260330654328,0.3978219158843166,0.12704320300768124,Pass
EOG7G25S3|Ceratitis_capitata|AHE_125_S6_merged_SPM|NODE_1215_length_1023_cov_57.274841_S,0.1606645543178363,0.3978219158843166,0.12704320300768124,Pass
EOG7G25S3|Bactrocera_dorsalis|AHE_90_S49_merged_SPM|NODE_2373_length_712_cov_8.692913_R,0.15626372229801716,0.3978219158843166,0.12704320300768124,Pass
EOG7G25S3|Bactrocera_dorsalis|AHE_178_S61_merged_SPM|NODE_963_length_825_cov_28.282086_S,0.15660400705735664,0.3978219158843166,0.12704320300768124,Pass
EOG7G25S3|Ceratitis_capitata|AHE_160_S17_merged_SPM|NODE_1488_length_779_cov_9.784900_S,0.1621995361085231,0.3978219158843166,0.12704320300768124,Pass
EOG7G25S3|Ceratitis_capitata|AHE_136_S35_merged_SPM|NODE_1507_length_834_cov_19.636724_S,0.17484897331626073,0.3978219158843166,0.12704320300768124,Pass
EOG7G25S3|Ceratitis_capitata|AHE_180_S71_merged_SPM|NODE_1723_length_509_cov_37.099537_R,0.1650851548814761,0.3978219158843166,0.12704320300768124,Pass
EOG7G25S3|Bactrocera_dorsalis|AHE_167_S32_merged_SPM|NODE_2516_length_859_cov_23.598465_S,0.17119208458742227,0.3978219158843166,0.12704320300768124,Pass
EOG7G25S3|Bactrocera_oleae|AHE_149_S61_merged_SPM|NODE_2602_length_839_cov_12.203412_R,0.1526410245950852,0.3978219158843166,0.12704320300768124,Pass
EOG7G25S3|Lucilia_sericata|AHE_61_S61_merged_SPM|NODE_739_length_1011_cov_13.648822_S,0.13842312509559046,0.3978219158843166,0.12704320300768124,Pass
EOG7G25S3|Lucilia_sericata|AHE_57_S9_merged_SPM|NODE_19817_length_738_cov_12.877458_R,0.13972628451781724,0.3978219158843166,0.12704320300768124,Pass
EOG7G25S3|Contarinia_nasturtii|AHE_89_S15_merged_SPM|NODE_2501_length_582_cov_4.645545_S,0.17469248656137726,0.3978219158843166,0.12704320300768124,Pass
EOG7G25S3|Glossina_morsitans|AHE_40_S58_merged_SPM|NODE_2741_length_509_cov_3.321759_S,0.13599399427928904,0.3978219158843166,0.12704320300768124,Pass
EOG7G25S3|Lucilia_sericata|AHE_53_S32_merged_SPM|NODE_31825_length_861_cov_13.016582_R,0.13565113185806957,0.3978219158843166,0.12704320300768124,Pass
EOG7G25S3|Lucilia_sericata|AHE_54_S60_merged_SPM|NODE_5215_length_725_cov_23.129630_S,0.14296103047507105,0.3978219158843166,0.12704320300768124,Pass
EOG7G25S3|Zeugodacus_cucurbitae|JSM_6602_S10_SPM|NODE_3589_length_632_cov_42.677228_S,0.13706349652806102,0.3978219158843166,0.12704320300768124,Pass
EOG7G25S3|Glossina_morsitans|AHE_278_S24_SPM|NODE_1368_length_779_cov_22.642450_S,0.15118269552076397,0.3978219158843166,0.12704320300768124,Pass
EOG7G25S3|Ceratitis_capitata|AHE_119_S48_merged_SPM|NODE_2457_length_770_cov_20.805195_S,0.1905450394567204,0.3978219158843166,0.12704320300768124,Pass
EOG7G25S3|Musca_domestica|AHE_113_S4_merged_SPM|NODE_3113_length_692_cov_7.273171_S,0.13212590545915004,0.3978219158843166,0.12704320300768124,Pass
EOG7G25S3|Lucilia_sericata|AHE_203_S73_merged_SPM|NODE_2408_length_690_cov_16.251223_S,0.1418245861412868,0.3978219158843166,0.12704320300768124,Pass
EOG7G25S3|Lucilia_sericata|CNC866427_S83_SPM|NODE_1159_length_654_cov_9.153700_S,0.1462605810174346,0.3978219158843166,0.12704320300768124,Pass
EOG7G25S3|Ceratitis_capitata|AHE_128_S38_merged_SPM|NODE_883_length_738_cov_16.963691_S,0.18327993425238068,0.3978219158843166,0.12704320300768124,Pass
EOG7G25S3|Lucilia_sericata|AHE_282_S24_SPM|NODE_479_length_781_cov_36.623580_S,0.13820014608629325,0.3978219158843166,0.12704320300768124,Pass
EOG7G25S3|Lucilia_sericata|AHE_69_S34_merged_SPM|NODE_755_length_790_cov_9.293128_S,0.13101140077985546,0.3978219158843166,0.12704320300768124,Pass
EOG7G25S3|Ceratitis_capitata|AHE_283_S23_SPM|NODE_70597_length_753_cov_29.653846_R,0.15906112120253224,0.3978219158843166,0.12704320300768124,Pass
EOG7G25S3|Zeugodacus_cucurbitae|AHE_127_S63_merged_SPM|NODE_33435_length_815_cov_15.047425_R,0.16635433040524117,0.3978219158843166,0.12704320300768124,Pass
EOG7G25S3|Bactrocera_dorsalis|AHE_203_S24_merged_SPM|NODE_1837_length_986_cov_23.707371_S,0.17227094937932724,0.3978219158843166,0.12704320300768124,Pass
EOG7G25S3|Lucilia_sericata|AHE_275_S22_SPM|NODE_1362_length_1030_cov_57.114376_S,0.14031591724090495,0.3978219158843166,0.12704320300768124,Pass
EOG7G25S3|Bactrocera_dorsalis|AHE_168_S70_merged_SPM|NODE_31379_length_992_cov_28.217486_R,0.17582667400666577,0.3978219158843166,0.12704320300768124,Pass
EOG7G25S3|Bactrocera_oleae|AHE_148_S53_merged_SPM|NODE_1363_length_776_cov_14.665236_S,0.17224588401222277,0.3978219158843166,0.12704320300768124,Pass
EOG7G25S3|Lucilia_sericata|AB59883956_S41_SPM|NODE_829_length_665_cov_13.388476_R,0.143680101741565,0.3978219158843166,0.12704320300768124,Pass
EOG7G25S3|Zeugodacus_cucurbitae|AHE_13_S26_merged_SPM|NODE_2021_length_811_cov_19.768392_S,0.13305793968445395,0.3978219158843166,0.12704320300768124,Pass
EOG7G25S3|Ceratitis_capitata|AHE_177_S46_merged_SPM|NODE_22578_length_778_cov_25.771755_R,0.1658861138417195,0.3978219158843166,0.12704320300768124,Pass
EOG7G25S3|Zeugodacus_cucurbitae|AHE_279_S25_SPM|NODE_49806_length_812_cov_47.663946_R,0.1857471295218957,0.3978219158843166,0.12704320300768124,Pass
EOG7G25S3|Ceratitis_capitata|AHE_266_S26_SPM|NODE_3681_length_1115_cov_68.868015_S,0.15154380772000253,0.3978219158843166,0.12704320300768124,Pass
EOG7G25S3|Bactrocera_dorsalis|AHE_39_S41_merged_SPM|NODE_965_length_810_cov_6.495225_S,0.13968209659045042,0.3978219158843166,0.12704320300768124,Pass
EOG7G25S3|Ceratitis_capitata|AHE_151_S53_merged_SPM|NODE_2194_length_773_cov_38.166667_S,0.15382282853299034,0.3978219158843166,0.12704320300768124,Pass
EOG7G25S3|Glossina_morsitans|AHE_254_S17_SPM|NODE_921_length_1049_cov_25.619342_S,0.14986341657835664,0.3978219158843166,0.12704320300768124,Pass
EOG7G25S3|Glossina_morsitans|JSM_6712_S3_SPM|NODE_2585_length_702_cov_301.984348_S,0.15637163684208452,0.3978219158843166,0.12704320300768124,Pass
EOG7G25S3|Ceratitis_capitata|AHE_24_S40_merged_SPM|NODE_1448_length_799_cov_13.051247_S,0.1480073672479464,0.3978219158843166,0.12704320300768124,Pass
EOG7G25S3|Ceratitis_capitata|AHE_116_S35_merged_SPM|NODE_590_length_1410_cov_35.016504_S,0.17388396195907802,0.3978219158843166,0.12704320300768124,Pass
EOG7G25S3|Ceratitis_capitata|AHE_174_S49_merged_SPM|NODE_1954_length_790_cov_23.088359_S,0.1697477270029368,0.3978219158843166,0.12704320300768124,Pass
EOG7G25S3|Lucilia_sericata|AHE_205_S52_merged_SPM|NODE_1387_length_870_cov_15.941992_S,0.17437202777735028,0.3978219158843166,0.12704320300768124,Pass
EOG7G25S3|Bactrocera_oleae|AHE_112_S42_merged_SPM|NODE_645_length_758_cov_18.336270_S,0.12575604119338102,0.3978219158843166,0.12704320300768124,Pass
EOG7G25S3|Zeugodacus_cucurbitae|AHE_172_S16_merged_SPM|NODE_59036_length_582_cov_51.152475_R,0.19531418332631897,0.3978219158843166,0.12704320300768124,Pass
EOG7G25S3|Ceratitis_capitata|AHE_124_S16_merged_SPM|NODE_806_length_945_cov_37.725806_S,0.1660381583759643,0.3978219158843166,0.12704320300768124,Pass
EOG7G25S3|Ceratitis_capitata|AHE_138_S13_merged_SPM|NODE_3367_length_620_cov_23.162063_S,0.16770751710005893,0.3978219158843166,0.12704320300768124,Pass
EOG7G25S3|Lucilia_sericata|AHE_50_S50_merged_SPM|NODE_604_length_992_cov_14.398907_S,0.13846510182642982,0.3978219158843166,0.12704320300768124,Pass
EOG7G25S3|Lucilia_sericata|CNC584400_S81_SPM|NODE_678_length_786_cov_10.578149_S,0.13326532893123946,0.3978219158843166,0.12704320300768124,Pass
EOG7G25S3|Lucilia_sericata|AHE_51_S42_merged_SPM|NODE_45925_length_805_cov_28.986264_R,0.1379831253210481,0.3978219158843166,0.12704320300768124,Pass
EOG7G25S3|Contarinia_nasturtii|AHE_72_S37_merged_SPM|NODE_30242_length_1046_cov_14.862745_R,0.1763838179995238,0.3978219158843166,0.12704320300768124,Pass
EOG7G25S3|Ceratitis_capitata|AHE_198_S28_merged_SPM|NODE_155749_length_773_cov_17041_AU,0.16678839258694256,0.3978219158843166,0.12704320300768124,Pass
EOG7G25S3|Lucilia_sericata|JSM_7821_S9_SPM|NODE_101409_length_680_cov_156.830018_R,0.1454395889231559,0.3978219158843166,0.12704320300768124,Pass
EOG7G25S3|Lucilia_sericata|CNC_Dip12532_S77_SPM|NODE_33623_length_635_cov_21681_A,0.11605722280821021,0.3978219158843166,0.12704320300768124,Pass
EOG7G25S3|Glossina_morsitans|AHE_267_S19_SPM|NODE_2520_length_855_cov_17.552699_S,0.1385204439079486,0.3978219158843166,0.12704320300768124,Pass
EOG7G25S3|Glossina_morsitans|AHE_264_S21_SPM|NODE_40440_length_835_cov_31.302111_R,0.12209167641707581,0.3978219158843166,0.12704320300768124,Pass
EOG7G25S3|Ceratitis_capitata|AHE_152_S44_merged_SPM|NODE_1710_length_991_cov_22.512035_S,0.17199991077581123,0.3978219158843166,0.12704320300768124,Pass
EOG7G25S3|Lucilia_sericata|JSM_11384_S6_SPM|NODE_50144_length_686_cov_2.184258_S,0.11356194738337848,0.3978219158843166,0.12704320300768124,Pass
EOG7G25S3|Ceratitis_capitata|JSS17104_S21_SPM|NODE_1010_length_585_cov_11.325328_g999_i0_R,0.12379595990610774,0.3978219158843166,0.12704320300768124,Pass
EOG7G25S3|Bactrocera_dorsalis|AHE_103_S38_merged_SPM|NODE_34024_length_939_cov_22.279582_R,0.15159394318131858,0.3978219158843166,0.12704320300768124,Pass
EOG7G25S3|Glossina_morsitans|JSM_6153_S10_SPM|NODE_23080_length_750_cov_16.441413_S,0.112097310657013,0.3978219158843166,0.12704320300768124,Pass
EOG7G25S3|Lucilia_sericata|AHE_30_S57_merged_SPM|NODE_22869_length_713_cov_12.003145_R,0.14505797252935893,0.3978219158843166,0.12704320300768124,Pass
EOG7G25S3|Ceratitis_capitata|AHE_161_S18_merged_SPM|NODE_1913_length_1149_cov_42.595149_S,0.1718057034344543,0.3978219158843166,0.12704320300768124,Pass
EOG7G25S3|Glossina_morsitans|AHE_255_S18_SPM|NODE_79672_length_756_cov_14.569956_R,0.1447142183474288,0.3978219158843166,0.12704320300768124,Pass
EOG7G25S3|Ceratitis_capitata|AHE_97_S49_merged_SPM|NODE_679_length_875_cov_18.705514_S,0.1554576398551556,0.3978219158843166,0.12704320300768124,Pass
EOG7G25S3|Rhagoletis_pomonella|JSBVM_26_S2_SPM|NODE_19285_length_518_cov_8.641944_R,0.1716983782839315,0.3978219158843166,0.12704320300768124,Pass
EOG7G25S3|Lucilia_sericata|AHE_15_S51_merged_SPM|NODE_45482_length_921_cov_9.328199_R,0.12257090136903163,0.3978219158843166,0.12704320300768124,Pass
EOG7G25S3|Lucilia_sericata|JSM_10636_S14_SPM|NODE_8043_length_700_cov_170.900524_R,0.13568512651401196,0.3978219158843166,0.12704320300768124,Pass
EOG7G25S3|Bactrocera_dorsalis|AHE_272_S22_SPM|NODE_3267_length_815_cov_49.228997_S,0.14618149998340368,0.3978219158843166,0.12704320300768124,Pass
EOG7G25S3|Lucilia_sericata|AHE_32_S40_merged_SPM|NODE_1185_length_837_cov_9.706579_S,0.15004145997901963,0.3978219158843166,0.12704320300768124,Pass
EOG7G25S3|Bactrocera_dorsalis|AHE_111_S34_merged_SPM|NODE_1111_length_706_cov_16.166932_S,0.12575604119338102,0.3978219158843166,0.12704320300768124,Pass
EOG7G25S3|Lucilia_sericata|AHE_56_S48_merged_SPM|NODE_11405_length_763_cov_16.342566_R,0.14389619079554472,0.3978219158843166,0.12704320300768124,Pass
EOG7G25S3|Bactrocera_dorsalis|AHE_85_S54_merged_SPM|NODE_644_length_974_cov_4.493868_S,0.14595951344178096,0.3978219158843166,0.12704320300768124,Pass
EOG7G25S3|Lucilia_sericata|AHE_47_S27_merged_SPM|NODE_1670_length_948_cov_16.535017_S,0.14100846667399758,0.3978219158843166,0.12704320300768124,Pass
EOG7G25S3|Ceratitis_capitata|AHE_250_S55_merged_SPM|NODE_1105_length_761_cov_26.377193_S,0.17928006995414011,0.3978219158843166,0.12704320300768124,Pass
EOG7G25S3|Ceratitis_capitata|AHE_131_S8_merged_SPM|NODE_1210_length_1029_cov_37.042017_S,0.169027184927568,0.3978219158843166,0.12704320300768124,Pass
EOG7G25S3|Bactrocera_oleae|AHE_78_S12_merged_SPM|NODE_65312_length_946_cov_31.255466_R,0.14695904385052586,0.3978219158843166,0.12704320300768124,Pass
EOG7G25S3|Teleopsis_dalmanni|AHE_153_S15_merged_SPM|NODE_23938_length_721_cov_6.127329_R,0.17889307837991011,0.3978219158843166,0.12704320300768124,Pass
EOG7G25S3|Lucilia_sericata|AHE_22_S34_merged_SPM|NODE_1432_length_786_cov_14.118477_S,0.1462605810174346,0.3978219158843166,0.12704320300768124,Pass
EOG7G25S3|Ceratitis_capitata|AHE_92_S10_merged_SPM|NODE_25611_length_765_cov_11.235465_R,0.14885522273389784,0.3978219158843166,0.12704320300768124,Pass
EOG7G25S3|Lucilia_sericata|AHE_68_S60_merged_SPM|NODE_1879_length_725_cov_15.702160_S,0.13542696240884586,0.3978219158843166,0.12704320300768124,Pass
EOG7G25S3|Bactrocera_dorsalis|CNC_Diptera74086_S47_SPM|NODE_108_length_571_cov_3.072072_S,0.16691337397570308,0.3978219158843166,0.12704320300768124,Pass
EOG7G25S3|Contarinia_nasturtii|AHE_12_S18_merged_SPM|NODE_86559_length_783_cov_15.427762_R,0.14149728841152046,0.3978219158843166,0.12704320300768124,Pass
EOG7G25S3|Lucilia_sericata|JSM_9156_S14_SPM|NODE_32069_length_740_cov_35.437194_R,0.1439099401292835,0.3978219158843166,0.12704320300768124,Pass
EOG7G25S3|Glossina_morsitans|JSS13123_S6_SPM|NODE_196_length_708_cov_68.089501_g194_i0_R,0.11261545027034657,0.3978219158843166,0.12704320300768124,Pass
EOG7G25S3|Bactrocera_dorsalis|JSM_6892_S6_SPM|NODE_768_length_900_cov_58.601552_S,0.13972628451781724,0.3978219158843166,0.12704320300768124,Pass
EOG7G25S3|Bactrocera_dorsalis|CNC_Diptera246675_S43_SPM|NODE_1434_length_658_cov_10.858757_R,0.13883941869831662,0.3978219158843166,0.12704320300768124,Pass
EOG7G25S3|Bactrocera_dorsalis|AHE_270_S22_SPM|NODE_30748_length_612_cov_16.282243_R,0.14019736711708483,0.3978219158843166,0.12704320300768124,Pass
EOG7G25S3|Bactrocera_oleae|AHE_114_S60_merged_SPM|NODE_823_length_692_cov_6.338211_S,0.12664325627811387,0.3978219158843166,0.12704320300768124,Pass
EOG7G25S3|Ceratitis_capitata|AHE_197_S33_merged_SPM|NODE_1515_length_955_cov_12.828018_S,0.15897229170110866,0.3978219158843166,0.12704320300768124,Pass
EOG7G25S3|Ceratitis_capitata|AHE_146_S23_merged_SPM|NODE_36964_length_841_cov_31.878272_R,0.17912599767140763,0.3978219158843166,0.12704320300768124,Pass
EOG7G25S3|Ceratitis_capitata|AHE_110_S11_merged_SPM|NODE_14107_length_811_cov_60.592643_R,0.14969363109202236,0.3978219158843166,0.12704320300768124,Pass
EOG7G25S3|Lucilia_sericata|AHE_207_S65_merged_SPM|NODE_1928_length_812_cov_15.580952_S,0.1495076792610234,0.3978219158843166,0.12704320300768124,Pass
EOG7G25S3|Lucilia_sericata|AHE_134_S14_merged_SPM|NODE_343_length_1988_cov_35.275772_S,0.1662556475537704,0.3978219158843166,0.12704320300768124,Pass
EOG7G25S3|Bactrocera_oleae|AHE_188_S54_merged_SPM|NODE_1776_length_733_cov_22.603659_S,0.15630308136644513,0.3978219158843166,0.12704320300768124,Pass
EOG7G25S3|Bactrocera_oleae|AHE_194_S22_merged_SPM|NODE_1522_length_893_cov_57.764706_S,0.18616727828161891,0.3978219158843166,0.12704320300768124,Pass
EOG7G25S3|Bactrocera_dorsalis|AHE_159_S37_merged_SPM|NODE_1250_length_996_cov_15.702938_S,0.17249090002490317,0.3978219158843166,0.12704320300768124,Pass
EOG7G25S3|Lucilia_sericata|AHE_10_S47_merged_SPM|NODE_1319_length_862_cov_15.442038_S,0.15228577517839065,0.3978219158843166,0.12704320300768124,Pass
EOG7G25S3|Lucilia_sericata|JSS_30548_S2_SPM|NODE_971_length_564_cov_29.627002_R,0.14894307485247635,0.3978219158843166,0.12704320300768124,Pass
EOG7G25S3|Lucilia_sericata|JSM_4904_S2_SPM|NODE_5610_length_676_cov_20.668488_R,0.15040696235235623,0.3978219158843166,0.12704320300768124,Pass
EOG7G25S3|Ceratitis_capitata|AHE_121_S5_merged_SPM|NODE_82413_length_504_cov_44.318501_R,0.17166448030548115,0.3978219158843166,0.12704320300768124,Pass
EOG7G25S3|Lucilia_sericata|AHE_46_S20_merged_SPM|NODE_3120_length_719_cov_14.897196_S,0.14078989329842356,0.3978219158843166,0.12704320300768124,Pass
EOG7G25S3|Ceratitis_capitata|AHE_273_S20_SPM|NODE_25791_length_750_cov_56.283804_R,0.17319385251525884,0.3978219158843166,0.12704320300768124,Pass
EOG7G25S3|Contarinia_nasturtii|AHE_144_S36_merged_SPM|NODE_1854_length_947_cov_23.762069_S,0.17176954239602188,0.3978219158843166,0.12704320300768124,Pass
EOG7G25S3|Ceratitis_capitata|AHE_259_S18_SPM|NODE_60431_length_850_cov_24.309185_R,0.1542068082934527,0.3978219158843166,0.12704320300768124,Pass
EOG7G25S3|Bactrocera_oleae|AHE_129_S7_merged_SPM|NODE_2068_length_936_cov_75.715949_S,0.1754219782957774,0.3978219158843166,0.12704320300768124,Pass
EOG7G25S3|Lucilia_sericata|AHE_55_S43_merged_SPM|NODE_777_length_995_cov_17.316993_S,0.13565113185806957,0.3978219158843166,0.12704320300768124,Pass
EOG7G25S3|Zeugodacus_cucurbitae|AHE_166_S24_merged_SPM|NODE_49588_length_1016_cov_19.060703_R,0.17582667400666577,0.3978219158843166,0.12704320300768124,Pass
EOG7G25S3|Ceratitis_capitata|AHE_49_S59_merged_SPM|NODE_700_length_957_cov_9.198864_S,0.14612639755776657,0.3978219158843166,0.12704320300768124,Pass
EOG7G25S3|Zeugodacus_cucurbitae|CNC1042823_S29_SPM|NODE_652_length_596_cov_16.861407_S,0.11912499282566938,0.3356578721946206,0.10678185956582398,Pass
EOG7G25S3|Lucilia_sericata|AB59940780_S66_SPM|NODE_447_length_475_cov_18.816092_g446_i0_R,0.1578132015214279,0.3356578721946206,0.10678185956582398,Pass
EOG7G25S3|Musca_domestica|ZMFK_18031_S11_SPM|NODE_8723_length_465_cov_68.189349_R,0.12709683333017013,0.3356578721946206,0.10678185956582398,Pass
EOG7G25S3|Bactrocera_dorsalis|AHE_59_S33_merged_SPM|NODE_137332_length_556_cov_4430_A,0.13065645194561723,0.3356578721946206,0.10678185956582398,Pass
EOG7G25S3|Bactrocera_dorsalis|AHE_94_S37_merged_SPM|NODE_1604_length_638_cov_12.335116_S,0.12993247387968807,0.3145192307692307,0.09807692307692306,Pass
EOG7G25S3|Stomoxys_calcitrans|AHE_118_S50_merged_SPM|NODE_1770_length_559_cov_7.753112_S,0.16313274234925687,0.3145192307692307,0.09807692307692306,Pass
EOG7G25S3|Zeugodacus_cucurbitae|AHE_137_S51_merged_SPM|NODE_1674_length_580_cov_4.582505_S,0.1322932486107864,0.3145192307692307,0.09807692307692306,Pass
EOG7G25S3|Ceratitis_capitata|CNC569435_S94_SPM|NODE_22724_length_507_cov_37323_AU,0.1285497958602825,0.3145192307692307,0.09807692307692306,Pass
EOG7G25S3|Ceratitis_capitata|JSS16848_S13_SPM|NODE_420_length_668_cov_44.861368_g418_i0_R,0.0997260311142759,0.3145192307692307,0.09807692307692306,Pass
EOG7G25S3|Bactrocera_oleae|AHE_100_S30_merged_SPM|NODE_39002_length_513_cov_45005_A,0.1285497958602825,0.3145192307692307,0.09807692307692306,Pass
EOG7G25S3|Lucilia_sericata|CNC569384_S19_SPM|NODE_3051_length_614_cov_11.441478_R,0.13036966261341779,0.3145192307692307,0.09807692307692306,Pass
EOG7G25S3|Bactrocera_dorsalis|AHE_106_S62_merged_SPM|NODE_375405_length_757_cov_14885_AU,0.16026878321449553,0.40608261243486626,0.1303182071128649,Pass
EOG7G25S3|Bactrocera_oleae|AHE_120_S31_merged_SPM|NODE_101012_length_692_cov_67.843902_R,0.17888422233157453,0.4108566522012862,0.13187199262490445,Pass
EOG7G25S3|Bactrocera_dorsalis|AHE_107_S69_merged_SPM|NODE_38653_length_670_cov_10.812816_R,0.18921864396486604,0.4108566522012862,0.13187199262490445,Pass
EOG7G25S3|Bactrocera_dorsalis|AHE_108_S50_merged_SPM|NODE_17010_length_888_cov_30.040691_R,0.16170511353639797,0.3755031224225285,0.1226346176505243,Pass
EOG7G25S3|Stomoxys_calcitrans|AHE_115_S22_merged_SPM|NODE_38352_length_501_cov_4.691038_R,0.14339952657802,0.3073563344343388,0.0960927349290086,Pass
EOG7G25S3|Bactrocera_dorsalis|AHE_201_S72_merged_SPM|NODE_62224_length_667_cov_9.938983_R,0.1404444410067602,0.3073563344343388,0.0960927349290086,Pass
EOG7G25S3|Lucilia_sericata|CNC484017_S3_SPM|NODE_172_length_603_cov_42.894958_g171_i0_R,0.09774577851464539,0.3073563344343388,0.0960927349290086,Pass
EOG7G25S3|Lucilia_sericata|JSS_29956_S1_SPM|NODE_2769_length_391_cov_3.382576_R,0.12129812780420297,0.3073563344343388,0.0960927349290086,Pass
EOG7G25S3|Lucilia_sericata|ZFMK_DIP00061256_S84_SPM|NODE_471_length_459_cov_3.111446_R,0.1397788185120958,0.4102841012153091,0.1337066932704516,Pass
EOG7G25S3|Lucilia_sericata|AHE_31_S49_merged_SPM|NODE_13544_length_622_cov_3.985321_R,0.16180116205268075,0.4102841012153091,0.1337066932704516,Pass
EOG7G25S3|Drosophila_ficusphila|AHE_260_S19_SPM|NODE_39772_length_861_cov_15.159439_R,0.15036223165152668,0.4102841012153091,0.1337066932704516,Pass
EOG7G25S3|Drosophila_melanogaster|JSM_6055_S7_SPM|NODE_26667_length_629_cov_10.832669_S,0.11659460747815772,0.4102841012153091,0.1337066932704516,Pass
EOG7G25S3|Hermetia_illucens|AHE_58_S43_merged_SPM|NODE_1115_length_963_cov_6.121896_S,0.1567131429239856,0.4102841012153091,0.1337066932704516,Pass
EOG7G25S3|Lucilia_sericata|AHE_263_S22_SPM|NODE_2682_length_580_cov_5.413519_S,0.14965548796915504,0.4102841012153091,0.1337066932704516,Pass
EOG7G25S3|Hermetia_illucens|CNC1178158_S85_SPM|NODE_1013_length_473_cov_6.531792_R,0.1388563856849039,0.4102841012153091,0.1337066932704516,Pass
EOG7G25S3|Lucilia_sericata|AHE_210_S53_merged_SPM|NODE_4599_length_630_cov_10.412297_R,0.15055719217905258,0.4102841012153091,0.1337066932704516,Pass
EOG7G25S3|Drosophila_ficusphila|AHE_77_S24_merged_SPM|NODE_2109_length_666_cov_15.592530_S,0.1518002099987514,0.4102841012153091,0.1337066932704516,Pass
EOG7G25S3|Drosophila_ficusphila|JSM_6713_S4_SPM|NODE_6277_length_667_cov_57.166667_R,0.14816905781873368,0.4102841012153091,0.1337066932704516,Pass
EOG7G25S3|Ceratitis_capitata|AHE_176_S44_merged_SPM|NODE_3173_length_725_cov_5.964506_R,0.1646864176719082,0.4102841012153091,0.1337066932704516,Pass
EOG7G25S3|Lucilia_sericata|AHE_52_S1_merged_SPM|NODE_31008_length_657_cov_39.431034_R,0.14251547782315885,0.4102841012153091,0.1337066932704516,Pass
EOG7G25S3|Ceratitis_capitata|AHE_95_S21_merged_SPM|NODE_70320_length_669_cov_14.890203_R,0.15794744842593655,0.4102841012153091,0.1337066932704516,Pass
EOG7G25S3|Drosophila_ficusphila|AHE_258_S17_SPM|NODE_3735_length_854_cov_39.881596_S,0.1431815204329341,0.4102841012153091,0.1337066932704516,Pass
EOG7G25S3|Lucilia_sericata|AHE_117_S52_merged_SPM|NODE_1180_length_879_cov_27.498753_S,0.17610618570765887,0.4102841012153091,0.1337066932704516,Pass
EOG7G25S3|Lucilia_sericata|AHE_122_S39_merged_SPM|NODE_67155_length_752_cov_35.502222_R,0.15658142547087686,0.37680015795109334,0.12021241030461305,Pass
EOG7G25S3|Bactrocera_oleae|AHE_14_S48_merged_SPM|NODE_388_length_1047_cov_10.305155_S,0.12207955425876167,0.37680015795109334,0.12021241030461305,Pass
EOG7G25S3|Lucilia_sericata|JSM_6314_S15_SPM|NODE_37254_length_748_cov_89.550725_R,0.14258255359472163,0.37680015795109334,0.12021241030461305,Pass
EOG7G25S3|Bactrocera_dorsalis|AHE_123_S56_merged_SPM|NODE_47373_length_782_cov_17.053901_R,0.18295468006378438,0.38049705972367975,0.1171246502273523,Pass
EOG7G25S3|Bactrocera_dorsalis|AHE_126_S12_merged_SPM|NODE_47020_length_725_cov_50.930556_R,0.3243146849495868,0.38048343451033917,0.12386699713830718,Pass
EOG7G25S3|Bactrocera_dorsalis|AHE_130_S26_merged_SPM|NODE_2243_length_738_cov_16.877458_S,0.19224398276450078,0.409889100990819,0.1328333787837469,Pass
EOG7G25S3|Lucilia_sericata|JSM_10540_S15_SPM_2|NODE_1734093_length_348_cov_1273_AU,0.15943946795684308,0.6336560806957514,0.2043591388651269,Pass
EOG7G25S3|Hermetia_illucens|JSM_11457_S8_SPM_1|NODE_181103_length_260_cov_4.000000_R,0.21208144063500606,0.6336560806957514,0.2043591388651269,Pass
EOG7G25S3|Scaptodrosophila_lebanonensis|AHE_283_S23_SPM_1|NODE_17541_length_401_cov_1.311728_R,0.19455739596604166,0.6336560806957514,0.2043591388651269,Pass
EOG7G25S3|Musca_domestica|AHE_131_S8_merged_SPM_1|NODE_19352_length_344_cov_0.805243_S,0.24043434447795847,0.6336560806957514,0.2043591388651269,Pass
EOG7G25S3|Lucilia_sericata|AHE_132_S13_merged_SPM_1|NODE_25654_length_336_cov_0.548263_S,0.19356438766936906,0.3062092934679109,0.09083984003047041,Pass
EOG7G25S3|Bactrocera_oleae|AHE_139_S14_merged_SPM|NODE_22024_length_882_cov_14.807453_R,0.1522991466035908,0.38330133243506237,0.12485590238790323,Pass
EOG7G25S3|Hermetia_illucens|AHE_141_S15_merged_SPM_1|NODE_38570_length_531_cov_1.033040_R,0.157665924584,0.47940884594382854,0.13350822630042025,Pass
EOG7G25S3|Lucilia_sericata|JSS15410_S10_SPM|NODE_537_length_470_cov_7.755102_g536_i0_R,0.12423466230826728,0.32245510115763293,0.1025370550687007,Pass
EOG7G25S3|Ceratitis_capitata|S_BOT_SPECIMEN337_S27_SPM|NODE_12019_length_534_cov_76491_AU,0.13934223807005847,0.32245510115763293,0.1025370550687007,Pass
EOG7G25S3|Ceratitis_capitata|AHE_74_S51_merged_SPM|NODE_9590_length_649_cov_10.756993_R,0.11040826355702112,0.32245510115763293,0.1025370550687007,Pass
EOG7G25S3|Bactrocera_dorsalis|AHE_5_S56_merged_SPM|NODE_1307_length_549_cov_9.417373_S,0.11711303151236725,0.32245510115763293,0.1025370550687007,Pass
EOG7G25S3|Drosophila_melanogaster|JSM_9082_S6_SPM|NODE_9482_length_453_cov_108.220859_S,0.13038371591201312,0.32245510115763293,0.1025370550687007,Pass
EOG7G25S3|Ceratitis_capitata|AHE_191_S25_merged_SPM|NODE_8369_length_633_cov_2.282374_S,0.11152817235276069,0.32245510115763293,0.1025370550687007,Pass
EOG7G25S3|Ceratitis_capitata|AHE_143_S57_merged_SPM|NODE_69393_length_676_cov_9.293823_R,0.12169817884836809,0.32245510115763293,0.1025370550687007,Pass
EOG7G25S3|Bactrocera_dorsalis|AHE_183_S63_merged_SPM|NODE_32357_length_660_cov_23.638079_R,0.13654266759765468,0.32245510115763293,0.1025370550687007,Pass
EOG7G25S3|Contarinia_nasturtii|JSM13170_S54_SPM|NODE_908_length_430_cov_12.557756_g907_i0_R,0.14667485162304555,0.32245510115763293,0.1025370550687007,Pass
EOG7G25S3|Ceratitis_capitata|AHE_145_S52_merged_SPM|NODE_5227_length_650_cov_3.493892_R,0.12114768501797957,0.32245510115763293,0.1025370550687007,Pass
EOG7G25S3|Lucilia_sericata|JSM_3555_S6_SPM|NODE_624_length_471_cov_59.078488_R,0.11105853089714261,0.32245510115763293,0.1025370550687007,Pass
EOG7G25S3|Lucilia_sericata|AHE_64_S44_merged_SPM_1|NODE_83789_length_247_cov_0.770588_R,0.09427104616810478,0.3069195842549136,0.09258959558360758,Pass
EOG7G25S3|Hermetia_illucens|AHE_149_S61_merged_SPM_1|NODE_12473_length_279_cov_0.732673_S,0.09003953548878997,0.3069195842549136,0.09258959558360758,Pass
EOG7G25S3|Lucilia_sericata|JSM_11384_S6_SPM_1|NODE_1940264_length_201_cov_608_AU,0.0959431278388241,0.3069195842549136,0.09258959558360758,Pass
EOG7G25S3|Scaptodrosophila_lebanonensis|AHE_196_S62_merged_SPM_1|NODE_16239_length_263_cov_0.709677_S,0.11413569398049901,0.3069195842549136,0.09258959558360758,Pass
EOG7G25S3|Lucilia_sericata|JSM_8315_S13_SPM_1|NODE_40137_length_433_cov_2.084967_S,0.09003953548878997,0.3069195842549136,0.09258959558360758,Pass
EOG7G25S3|Teleopsis_dalmanni|AHE_155_S16_merged_SPM|NODE_8910_length_234_cov_0.757962_S,0.20003773795524304,0.39233888085078256,0.1261925571215582,Pass
EOG7G25S3|Lucilia_sericata|INBIOCRI001146849_S51_SPM|NODE_1127_length_250_cov_7.479675_R,0.16398363331757168,0.39233888085078256,0.1261925571215582,Pass
EOG7G25S3|Lucilia_sericata|CNC485739_S30_SPM|NODE_34626_length_253_cov_1424_AU,0.14609886437132977,0.39233888085078256,0.1261925571215582,Pass
EOG7G25S3|Zeugodacus_cucurbitae|AHE_159_S64_merged_SPM|NODE_1589_length_882_cov_18.776398_S,0.15142640570869179,0.38297663688535283,0.12412775531498632,Pass
EOG7G25S3|Bactrocera_dorsalis|AHE_169_S19_merged_SPM|NODE_1877_length_1193_cov_46.537634_S,0.14536510735987831,0.39390400310921103,0.12695498344881195,Pass
EOG7G25S3|Glossina_morsitans|JSM_8384_S2_SPM|NODE_5136_length_593_cov_90.429185_S,0.12873342233052795,0.32719479113926975,0.10406109054425017,Pass
EOG7G25S3|Lucilia_sericata|AHE_214_S47_merged_SPM|NODE_1431_length_536_cov_10.581699_S,0.14641102672650963,0.32719479113926975,0.10406109054425017,Pass
EOG7G25S3|Bactrocera_dorsalis|JSM_10507_S12_SPM|NODE_4671_length_616_cov_43.605317_R,0.12437754795097096,0.32719479113926975,0.10406109054425017,Pass
EOG7G25S3|Lucilia_sericata|AHE_16_S58_merged_SPM|NODE_1581_length_570_cov_4.655172_S,0.1303213682250857,0.32719479113926975,0.10406109054425017,Pass
EOG7G25S3|Bactrocera_oleae|AHE_171_S44_merged_SPM|NODE_5787_length_974_cov_27.869565_R,0.1735198360170641,0.40211704961704975,0.12975357975357982,Pass
EOG7G25S3|Hermetia_illucens|AHE_175_S40_merged_SPM|NODE_1675_length_968_cov_21.578002_S,0.15072836649861837,0.3744713261648747,0.12132616487455206,Pass
EOG7G25S3|Hermetia_illucens|AHE_181_S51_merged_SPM|NODE_1014_length_1124_cov_27.312321_S,0.15637573285216758,0.36816721717588774,0.11791081750619326,Pass
EOG7G25S3|Ceratitis_capitata|AHE_195_S23_merged_SPM|NODE_2338_length_930_cov_8.831184_S,0.1616568460014427,0.36816721717588774,0.11791081750619326,Pass
EOG7G25S3|Bactrocera_dorsalis|AHE_190_S36_merged_SPM|NODE_41888_length_939_cov_25.764501_R,0.15138720000587366,0.36816721717588774,0.11791081750619326,Pass
EOG7G25S3|Hermetia_illucens|AHE_181_S51_merged_SPM_1|NODE_6346_length_249_cov_0.860465_R,0.16436661484390808,0.34895995439479066,0.09493053433320009,Pass
EOG7G25S3|Glossina_morsitans|CNC485197_S96_SPM|NODE_245_length_915_cov_9.243655_S,0.10314588620218214,0.38796559139784964,0.1269247311827958,Pass
EOG7G25S3|Bactrocera_dorsalis|AHE_186_S45_merged_SPM|NODE_14009_length_967_cov_43.698876_R,0.14520015861094943,0.38796559139784964,0.1269247311827958,Pass
EOG7G25S3|Bactrocera_dorsalis|AHE_184_S38_merged_SPM|NODE_1021_length_1031_cov_40.917191_S,0.1496416142339752,0.38796559139784964,0.1269247311827958,Pass
EOG7G25S3|Hermetia_illucens|AHE_193_S55_merged_SPM|NODE_36327_length_948_cov_20.595867_R,0.1738596267085723,0.36462911530425485,0.11406357858174421,Pass
EOG7G25S3|Bactrocera_dorsalis|AHE_196_S62_merged_SPM|NODE_604_length_796_cov_23.938804_S,0.2030530174020934,0.40045238095238084,0.12789819376026268,Pass
EOG7G25S3|Lucilia_sericata|AHE_199_S37_merged_SPM|NODE_1401_length_660_cov_11.807890_R,0.17835735784131626,0.41509156472653924,0.13528942289553492,Pass
EOG7G25S3|Lucilia_sericata|AHE_67_S40_merged_SPM|NODE_591_length_726_cov_13.510015_S,0.13763075883513018,0.41509156472653924,0.13528942289553492,Pass
EOG7G25S3|Lucilia_sericata|AHE_281_S27_SPM|NODE_1845_length_691_cov_6.402280_S,0.15765341794560844,0.41509156472653924,0.13528942289553492,Pass
EOG7G25S3|Ceratitis_capitata|AHE_204_S41_merged_SPM|NODE_3867_length_869_cov_28.366162_R,0.12298509632900445,0.3299672717648672,0.104952479075197,Pass
EOG7G25S3|Ceratitis_capitata|CNC944366_S48_SPM|NODE_1191_length_726_cov_77.330551_S,0.13114845431026614,0.3299672717648672,0.104952479075197,Pass
EOG7G25S3|Lucilia_sericata|AusMusK407292_S60_SPM|NODE_1017_length_213_cov_1526_A,0.18104377160090604,0.39770597470035923,0.12794734776439332,Pass
EOG7G25S3|Lucilia_sericata|CNC485015_II_S80_SPM|NODE_1520_length_299_cov_4.529070_R,0.20914611312132766,0.39770597470035923,0.12794734776439332,Pass
EOG7G25S3|Hermetia_illucens|CNC457485_S10_SPM|NODE_24052_length_274_cov_488_AU,0.1721960661528781,0.39770597470035923,0.12794734776439332,Pass
EOG7G25S3|Glossina_morsitans|JSS18986_S37_SPM|NODE_37665_length_244_cov_1902_A,0.15741677555198888,0.39770597470035923,0.12794734776439332,Pass
EOG7G25S3|Bactrocera_oleae|AHE_208_S54_merged_SPM|NODE_2993_length_375_cov_1.348993_S,0.1888625013586114,0.39770597470035923,0.12794734776439332,Pass
EOG7G25S3|Lucilia_sericata|JSM_10611_S9_SPM|NODE_1894_length_911_cov_189.082908_S,0.1246001179915184,0.37920786184631133,0.12288629970592002,Pass
EOG7G25S3|Zeugodacus_cucurbitae|AHE_209_S39_merged_SPM|NODE_1151_length_823_cov_5.828418_S,0.13090722901376514,0.37920786184631133,0.12288629970592002,Pass
EOG7G25S3|Lucilia_sericata|AHE_20_S56_merged_SPM|NODE_23514_length_758_cov_10.221733_R,0.1405203416263314,0.366449864498645,0.11517615176151763,Pass
EOG7G25S3|Glossina_morsitans|AHE_211_S38_merged_SPM|NODE_6430_length_952_cov_11.725714_R,0.13373351495481567,0.38450429424944005,0.12099618288938685,Pass
EOG7G25S3|Lucilia_sericata|JSM_10050_S14_SPM|NODE_172_length_522_cov_57.053165_R,0.1464472381312933,0.41276325088339216,0.1337809187279152,Pass
EOG7G25S3|Drosophila_ficusphila|JSM_7174_S7_SPM|NODE_3143_length_580_cov_65.185430_S,0.14230672532810584,0.41276325088339216,0.1337809187279152,Pass
EOG7G25S3|Drosophila_ficusphila|AHE_212_S47_merged_SPM|NODE_1688_length_548_cov_3.658174_S,0.17044070568861266,0.41276325088339216,0.1337809187279152,Pass
EOG7G25S3|Bactrocera_dorsalis|CNC566616_S95_SPM|NODE_948_length_745_cov_6.417476_S,0.13799967066488386,0.37514435990936235,0.12018487672384037,Pass
EOG7G25S3|Bradysia_coprophila|AHE_213_S29_merged_SPM|NODE_5127_length_786_cov_15.836389_R,0.14230595601189813,0.37514435990936235,0.12018487672384037,Pass
EOG7G25S3|Lucilia_sericata|AHE_215_S30_merged_SPM|NODE_1050_length_907_cov_10.125301_S,0.12312511467855906,0.3911796219549177,0.1267684918280777,Pass
EOG7G25S3|Bactrocera_oleae|AHE_220_S54_merged_SPM_1|NODE_823_length_1002_cov_14.753514_S,0.17312645315661923,0.392634721544181,0.12590730835877095,Pass
EOG7G25S3|Lucilia_sericata|JSM_8424_S12_SPM|NODE_1161_length_1064_cov_169.020277_S,0.12273743911343764,0.392634721544181,0.12590730835877095,Pass
EOG7G25S3|Lucilia_sericata|AHE_79_S46_merged_SPM|NODE_26689_length_696_cov_4.793215_R,0.1326368226863968,0.4011155104999562,0.12811374220191551,Pass
EOG7G25S3|Bactrocera_dorsalis|JSM13506_S57_SPM|NODE_1015_length_612_cov_52.534021_g1014_i0_R,0.13575228096378175,0.4011155104999562,0.12811374220191551,Pass
EOG7G25S3|Hermetia_illucens|AHE_48_S52_merged_SPM|NODE_32651_length_646_cov_4.525483_R,0.16176014668965427,0.4011155104999562,0.12811374220191551,Pass
EOG7G25S3|Bactrocera_dorsalis|AHE_23_S35_merged_SPM|NODE_1891_length_708_cov_10.082409_S,0.1598174890011462,0.4011155104999562,0.12811374220191551,Pass
EOG7G25S3|Scaptodrosophila_lebanonensis|AHE_253_S20_SPM_1|NODE_40938_length_254_cov_0.836158_R,0.1077238704403146,0.3037654215435649,0.0826757179620905,Pass
EOG7G25S3|Drosophila_ficusphila|CNC485778_S31_SPM|NODE_110_length_503_cov_7.335106_g109_i0_R,0.10043495980462801,0.3179671536211478,0.09947784399017712,Pass
EOG7G25S3|Ceratitis_capitata|CNC484014_S2_SPM|NODE_745_length_502_cov_89.221333_g742_i0_R,0.10358102784776933,0.3179671536211478,0.09947784399017712,Pass
EOG7G25S3|Glossina_morsitans|AHE_256_S19_SPM|NODE_43515_length_450_cov_3.455764_R,0.12489685000296384,0.3179671536211478,0.09947784399017712,Pass
EOG7G25S3|Ceratitis_capitata|JSS13088_S4_SPM|NODE_628_length_555_cov_269.268692_S,0.11723168680242416,0.3818343902892575,0.12046091400504,Pass
EOG7G25S3|Bactrocera_dorsalis|AHE_257_S20_SPM|NODE_1710_length_689_cov_9.529412_S,0.17529797853920773,0.3818343902892575,0.12046091400504,Pass
EOG7G25S3|Glossina_morsitans|CNC483064_S43_SPM|NODE_193_length_618_cov_46.124236_g192_i0_R,0.11336006572807486,0.3818343902892575,0.12046091400504,Pass
EOG7G25S3|Drosophila_melanogaster|AHE_257_S20_SPM_1|NODE_22248_length_275_cov_0.747475_S,0.26099354591890955,0.6562538819875777,0.21638198757763982,Pass
EOG7G25S3|Hermetia_illucens|AHE_259_S18_SPM_1|NODE_636_length_1781_cov_1.098005_S,0.21422927317895885,0.5014027836405421,0.1466945734252615,Pass
EOG7G25S3|Lucilia_sericata|CAJZLI01|CAJZLI010000445.1_1032,0.2032292097398919,0.5014027836405421,0.1466945734252615,Pass
EOG7G25S3|Glossina_morsitans|AHE_261_S18_SPM|NODE_2615_length_732_cov_10.496183_R,0.1447432623427874,0.3483299546454095,0.10787177020340843,Pass
EOG7G25S3|Lucilia_sericata|AHE_33_S59_merged_SPM|NODE_1721_length_490_cov_12.246973_S,0.15113002831367695,0.3483299546454095,0.10787177020340843,Pass
EOG7G25S3|Lucilia_sericata|CNC1584451_S52_SPM|NODE_752_length_484_cov_15.170868_S,0.14608250153413385,0.3115714285714285,0.09714285714285709,Pass
EOG7G25S3|Lucilia_sericata|JSM_8398_S11_SPM|NODE_11492_length_641_cov_38.019455_R,0.1289037967217926,0.3115714285714285,0.09714285714285709,Pass
EOG7G25S3|Lucilia_sericata|AHE_29_S32_merged_SPM|NODE_1535_length_628_cov_8.716878_S,0.13587537669411534,0.3115714285714285,0.09714285714285709,Pass
EOG7G25S3|Lucilia_sericata|JSS19038_S79_SPM|NODE_786_length_541_cov_10.475845_S,0.10849317095823448,0.3115714285714285,0.09714285714285709,Pass
EOG7G25S3|Lucilia_sericata|JSM12015_S64_SPM|NODE_310_length_754_cov_26.293461_g307_i0_R,0.13587537669411534,0.3115714285714285,0.09714285714285709,Pass
EOG7G25S3|Lucilia_sericata|AHE_262_S21_SPM|NODE_33518_length_657_cov_6.965517_R,0.14321161612169886,0.3115714285714285,0.09714285714285709,Pass
EOG7G25S3|Zeugodacus_cucurbitae|CNC452105_S5_SPM|NODE_1822_length_599_cov_19.010593_R,0.13587537669411534,0.3115714285714285,0.09714285714285709,Pass
EOG7G25S3|Glossina_morsitans|JSBVM_8_S11_SPM|NODE_1200_length_603_cov_32.941176_S,0.13096723220945006,0.3115714285714285,0.09714285714285709,Pass
EOG7G25S3|Drosophila_ficusphila|CNC485632_S93_SPM|NODE_284_length_559_cov_5.449074_g283_i0_R,0.09739239300713658,0.3115714285714285,0.09714285714285709,Pass
EOG7G25S3|Scaptodrosophila_lebanonensis|AHE_262_S21_SPM_1|NODE_9479_length_243_cov_0.891566_R,0.23966523402089424,0.6700203962703962,0.21769753235270473,Pass
EOG7G25S3|Hermetia_illucens|AHE_266_S26_SPM_1|NODE_200244_length_355_cov_0.798561_R,0.18130121039379649,0.3733686660085145,0.10609833774183253,Pass
EOG7G25S3|Bactrocera_dorsalis|AHE_268_S20_SPM|NODE_271998_length_120_cov_180_A,0.1708756751437903,0.4064364853005704,0.12342035980693283,Pass
EOG7G25S3|Lucilia_sericata|AHE_75_S41_merged_SPM|NODE_627_length_1164_cov_46.112236_S,0.12303442618849503,0.3718911218546256,0.11912450890553083,Pass
EOG7G25S3|Lucilia_sericata|AHE_4_S10_merged_SPM_1|NODE_2320_length_911_cov_32.416067_S,0.13233882283042106,0.3718911218546256,0.11912450890553083,Pass
EOG7G25S3|Bactrocera_oleae|AHE_271_S21_SPM|NODE_2228_length_1015_cov_48.617271_S,0.16269191445656056,0.3718911218546256,0.11912450890553083,Pass
EOG7G25S3|Bradysia_coprophila|AHE_271_S21_SPM_1|NODE_184393_length_183_cov_306_A,0.2175796516292673,0.29142409977439426,0.0865798751843424,Pass
EOG7G25S3|Bactrocera_oleae|AHE_93_S36_merged_SPM|NODE_1456_length_569_cov_5.341463_S,0.1639788203971581,0.39096999923855924,0.12465697098911133,Pass
EOG7G25S3|Lucilia_sericata|AHE_276_S23_SPM|NODE_2764_length_678_cov_8.449251_S,0.14767820363728523,0.39096999923855924,0.12465697098911133,Pass
EOG7G25S3|Bactrocera_dorsalis|AHE_277_S24_SPM|NODE_2509_length_837_cov_44.188158_S,0.168087130446824,0.3806965465773779,0.12199473188007404,Pass
EOG7G25S3|Teleopsis_dalmanni|AHE_280_S24_SPM|NODE_79749_length_422_cov_20.979710_R,0.13617809284390686,0.3224556213017751,0.10059171597633132,Pass
EOG7G25S3|Contarinia_nasturtii|AHE_281_S27_SPM_1|NODE_50630_length_268_cov_1.549738_S,0.144375396307449,0.32338488780345953,0.09419080358289611,Pass
EOG7G25S3|Teleopsis_dalmanni|AHE_28_S11_merged_SPM|NODE_2774_length_566_cov_11.654397_S,0.1451137256783681,0.3465840325451311,0.11046768058863521,Pass
EOG7G25S3|Glossina_morsitans|CNC482954_S16_SPM|NODE_2527_length_444_cov_11.889590_R,0.13815341205228093,0.3465840325451311,0.11046768058863521,Pass
EOG7G25S3|Ceratitis_capitata|JSM_6145_S8_SPM|NODE_5569_length_810_cov_7.853587_R,0.11268943837936345,0.3814058966422087,0.11903752985483862,Pass
EOG7G25S3|Ceratitis_capitata|CAJHUJ01.1|CAJHUJ010000029.1_1688,0.14565853380002072,0.3814058966422087,0.11903752985483862,Pass
EOG7G25S3|Lucilia_sericata|JSM_8601_S5_SPM|NODE_81707_length_1116_cov_176.493428_R,0.12672081941691485,0.3814058966422087,0.11903752985483862,Pass
EOG7G25S3|Bradysia_coprophila|AHE_34_S58_merged_SPM|NODE_693_length_1100_cov_12.266862_S,0.12709250924822701,0.3814058966422087,0.11903752985483862,Pass
EOG7G25S3|Lucilia_sericata|AHE_36_S19_merged_SPM|NODE_346_length_1619_cov_13.647860_S,0.13388314862637002,0.33358196426430037,0.0969403662652254,Pass
EOG7G25S3|Ceratitis_capitata|AHE_37_S59_merged_SPM|NODE_2083_length_406_cov_2.644377_S,0.14994934143870314,0.2910455927051673,0.08759878419452893,Pass
EOG7G25S3|Bactrocera_dorsalis|wvs03588_S89_SPM|NODE_600_length_227_cov_452_AU,0.1069439405535457,0.2910455927051673,0.08759878419452893,Pass
EOG7G25S3|Bactrocera_oleae|AHE_38_S66_merged_SPM|NODE_3104_length_485_cov_1.683824_S,0.20134161628609135,0.41470029853948054,0.13461985376928443,Pass
EOG7G25S3|Lucilia_sericata|AHE_3_S23_merged_SPM|NODE_25248_length_634_cov_3.694794_R,0.14016291352139412,0.32057294639890244,0.10030928625593216,Pass
EOG7G25S3|Lucilia_sericata|AHE_71_S34_merged_SPM|NODE_1144_length_666_cov_7.633277_S,0.13709603893250003,0.32057294639890244,0.10030928625593216,Pass
EOG7G25S3|Bactrocera_dorsalis|AHE_147_S43_merged_SPM|NODE_796_length_1112_cov_15.705314_S,0.1559646458702296,0.39036058425119613,0.12451124630535337,Pass
EOG7G25S3|Lucilia_sericata|CNC485522_S83_SPM|NODE_122_length_801_cov_8.206231_S,0.10426951112640671,0.39036058425119613,0.12451124630535337,Pass
EOG7G25S3|Bactrocera_dorsalis|AHE_44_S31_merged_SPM|NODE_21793_length_916_cov_26.356377_R,0.12648996828032194,0.39036058425119613,0.12451124630535337,Pass
EOG7G25S3|Scaptodrosophila_lebanonensis|AHE_46_S20_merged_SPM_1|NODE_7991_length_435_cov_0.667598_S,0.2181814242986513,0.5991821247892074,0.17369308600337263,Pass
EOG7G25S3|Ceratitis_capitata|CAKAIX01.1_1|CAKAIX010000001.1_183,0.3017853212525996,0.7627239493279879,0.22394580268858966,Pass
EOG7G25S3|Scaptodrosophila_lebanonensis|CAJSMG01|CAJSMG010000654.1_1,0.28001103318140297,0.7627239493279879,0.22394580268858966,Pass
EOG7G25S3|Ceratitis_capitata|CAKKTD01_1|CAKKTD010000254.1_225,0.31859575481734104,0.7627239493279879,0.22394580268858966,Pass
EOG7G25S3|Ceratitis_capitata|AHE_4_S10_merged_SPM|NODE_14388_length_535_cov_1.198690_S,0.2678555839941466,0.7627239493279879,0.22394580268858966,Pass
EOG7G25S3|Ceratitis_capitata|CAJVCN01_1|CAJVCN010000097.1_1111,0.3075199024950989,0.7627239493279879,0.22394580268858966,Pass
EOG7G25S3|Ceratitis_capitata|CAJHUJ01.1_1|CAJHUJ010000029.1_1689,0.31279062696914534,0.7627239493279879,0.22394580268858966,Pass
EOG7G25S3|Hermetia_illucens|AHE_51_S42_merged_SPM_1|NODE_51480_length_450_cov_1.190349_R,0.07402815088775172,0.2567929794682561,0.08018058202560041,Pass
EOG7G25S3|Hermetia_illucens|JSM_8601_S5_SPM_1|NODE_47044_length_460_cov_2.633634_S,0.1414352963941602,0.3182033551510096,0.0920047733700447,Pass
EOG7G25S3|Lucilia_sericata|AHE_63_S36_merged_SPM_1|NODE_55269_length_261_cov_0.804348_R,0.1496853052376773,0.3182033551510096,0.0920047733700447,Pass
EOG7G25S3|Lucilia_sericata|AHE_56_S48_merged_SPM_1|NODE_23949_length_268_cov_0.774869_R,0.13649574323379973,0.3182033551510096,0.0920047733700447,Pass
EOG7G25S3|Hermetia_illucens|CAKJUZ01.1_1|CAKJUZ010000283.1_99,0.14898101950846068,0.3182033551510096,0.0920047733700447,Pass
EOG7G25S3|Lucilia_sericata|AHE_65_S28_merged_SPM|NODE_299_length_1223_cov_9.294066_S,0.11439233254301324,0.38998181240988883,0.12504861046811555,Pass
EOG7G25S3|Lucilia_sericata|AHE_66_S68_merged_SPM|NODE_989_length_891_cov_24.782555_S,0.13123402197708306,0.3932117948053318,0.12700824177142878,Pass
EOG7G25S3|Hermetia_illucens|AHE_6_S42_merged_SPM|NODE_36984_length_250_cov_0.855491_R,0.18257811279607003,0.3733125123907029,0.09941049104170674,Pass
EOG7G25S3|Lucilia_sericata|AHE_70_S45_merged_SPM|NODE_1660_length_860_cov_4.807152_S,0.12009307489575564,0.39405924920850305,0.12944738275228684,Pass
EOG7G25S3|Hermetia_illucens|AHE_70_S45_merged_SPM_1|NODE_12722_length_418_cov_0.489736_S,0.22017437397744002,0.5018242295028876,0.12599179575754305,Pass
EOG7G25S3|Lucilia_sericata|AHE_7_S39_merged_SPM|NODE_1406_length_690_cov_4.553018_S,0.1451206470804203,0.38860125186713124,0.12794622080996843,Pass
EOG7G25S3|Lucilia_sericata|JSM_8315_S13_SPM|NODE_13219_length_630_cov_21.157058_S,0.1462443741103622,0.3469564321055525,0.1090571742715778,Pass
EOG7G25S3|Ceratitis_capitata|AHE_80_S13_merged_SPM|NODE_31258_length_727_cov_19.783077_R,0.1295767970165656,0.3469564321055525,0.1090571742715778,Pass
EOG7G25S3|Hermetia_illucens|AHE_84_S14_merged_SPM|NODE_373_length_233_cov_0.807692_R,0.11077804304575502,0.3496131741821398,0.11083112290008845,Pass
EOG7G25S3|Drosophila_ficusphila|AHE_87_S41_merged_SPM|NODE_3724_length_233_cov_1.666667_S,0.17697139329363368,0.30471819118185417,0.09175494873739176,Pass
EOG7G25S3|Lucilia_sericata|AHE_8_S50_merged_SPM|NODE_1212_length_1103_cov_63.317739_S,0.14207415572269616,0.40081744421906706,0.12855564104357564,Pass
EOG7G25S3|Contarinia_nasturtii|AHE_91_S2_merged_SPM|NODE_20823_length_284_cov_1.429952_S,0.20771667026727755,0.3421785361028684,0.10361028684470819,Pass
EOG7G25S3|Bactrocera_dorsalis|CNC102312_S62_SPM|NODE_20093_length_253_cov_11796_A,0.17806544065519522,0.40210793543010587,0.12938670946634157,Pass
EOG7G25S3|Glossina_morsitans|CNC1059087_S66_SPM|NODE_2238_length_613_cov_25.135802_R,0.1479498112307375,0.3739360130889553,0.11699845300772227,Pass
EOG7G25S3|Bactrocera_dorsalis|CNC1531678_S31_SPM|NODE_7975_length_296_cov_1118_AU,0.13695449482678537,0.30471819118185417,0.09175494873739176,Pass
EOG7G25S3|Lucilia_sericata|CNC484134_S71_SPM|NODE_3918_length_224_cov_920_AU,0.07682143146999973,0.30471819118185417,0.09175494873739176,Pass
EOG7G25S3|Lucilia_sericata|CNC254465_S69_SPM|NODE_33535_length_226_cov_1905_AU,0.17345529438247934,0.41005356927892145,0.13198507283014327,Pass
EOG7G25S3|Lucilia_sericata|JSM_1944_S2_SPM|NODE_6030_length_253_cov_3.817460_R,0.15307554778296914,0.41005356927892145,0.13198507283014327,Pass
EOG7G25S3|Glossina_morsitans|JSM_10605_S1_SPM|NODE_1958947_length_398_cov_1172_AU,0.1100718190256522,0.33857856448840273,0.1077206706694237,Pass
EOG7G25S3|Contarinia_nasturtii|CNC451885_S4_SPM|NODE_2166_length_411_cov_10.943662_R,0.17256177494898214,0.33857856448840273,0.1077206706694237,Pass
EOG7G25S3|Lucilia_sericata|CNC483888_S1_SPM|NODE_443_length_575_cov_79.424107_S,0.11267500355496632,0.33857856448840273,0.1077206706694237,Pass
EOG7G25S3|Lucilia_sericata|JSM_4774_S13_SPM|NODE_5201_length_504_cov_52.045093_R,0.13032637119060897,0.31813229571984425,0.09922178988326846,Pass
EOG7G25S3|Zeugodacus_cucurbitae|CNC457392_S6_SPM|NODE_594_length_510_cov_6.493473_S,0.1445313721084488,0.31813229571984425,0.09922178988326846,Pass
EOG7G25S3|Lucilia_sericata|JSM_9163_II_S3_SPM|NODE_3030_length_522_cov_128.037975_S,0.1390879790361582,0.31813229571984425,0.09922178988326846,Pass
EOG7G25S3|Lucilia_sericata|CNC457410_S40_SPM|NODE_18705_length_139_cov_218_A,0.12495108966570329,0.4324322015213317,0.13755374269650533,Pass
EOG7G25S3|Lucilia_sericata|JSM_11468_S9_SPM|NODE_43350_length_257_cov_697_A,0.13431198473599681,0.3629835047142848,0.11659767457929482,Pass
EOG7G25S3|Ceratitis_capitata|JXPC01.1|JXPC01073413.1,0.17403732535797412,0.3629835047142848,0.11659767457929482,Pass
EOG7G25S3|Hermetia_illucens|CAKAJG01.1|CAKAJG010000673.1_225,0.1677604515381971,0.3629835047142848,0.11659767457929482,Pass
EOG7G25S3|Musca_domestica|CAJSMD01.1|CAJSMD010000044.1_888,0.17095844230245774,0.3629835047142848,0.11659767457929482,Pass
EOG7G25S3|Ceratitis_capitata|CAJZLI01_1|CAJZLI010000445.1_1033,0.16509455347046326,0.3629835047142848,0.11659767457929482,Pass
EOG7G25S3|Lucilia_sericata|CNC_Diptera106420_S67_SPM|NODE_109_length_288_cov_2.782609_R,0.14994374401335617,0.3629835047142848,0.11659767457929482,Pass
EOG7G25S3|Lucilia_sericata|CNC482918_S17_SPM|NODE_527_length_439_cov_3.631410_R,0.17241907815080262,0.3629835047142848,0.11659767457929482,Pass
EOG7G25S3|Hermetia_illucens|CAKKTD01|CAKKTD010000254.1_224,0.1793065201123672,0.3629835047142848,0.11659767457929482,Pass
EOG7G25S3|Glossina_morsitans|QM_REG_NO_T222516_S37_SPM|NODE_2232_length_278_cov_15.410596_R,0.16285659942649575,0.3629835047142848,0.11659767457929482,Pass
EOG7G25S3|Lucilia_sericata|JSS50552_S53_SPM|NODE_11492_length_282_cov_4697_AU,0.17985354587254046,0.38003737332681164,0.12217116639225112,Pass
EOG7G25S3|Ceratitis_capitata|CNC_Diptera232480_S46_SPM|NODE_398_length_304_cov_9.361582_R,0.17038193565926135,0.38003737332681164,0.12217116639225112,Pass
EOG7G25S3|Drosophila_ficusphila|CNC484528_S17_SPM|NODE_1808_length_258_cov_3088_A,0.1512203927462976,0.38003737332681164,0.12217116639225112,Pass
EOG7G25S3|Drosophila_ficusphila|CNC484671_S18_SPM|NODE_50296_length_250_cov_752_AU,0.19017144784450016,0.4417035672859729,0.14303738222665385,Pass
EOG7G25S3|Lucilia_sericata|CNC485058_S23_SPM|NODE_36603_length_171_cov_282_AU,0.08554810043881823,0.3197633528835768,0.0963249916717982,Pass
EOG7G25S3|Lucilia_sericata|CNC485277_S24_SPM|NODE_3420_length_126_cov_192_A,0.08944477238416916,0.31171452702702696,0.09761100386100385,Pass
EOG7G25S3|Lucilia_sericata|CNC485506_S88_SPM|NODE_13796_length_195_cov_508_A,0.16099864681054984,0.4281985294117646,0.13792016806722684,Pass
EOG7G25S3|Lucilia_sericata|CNC485528_S80_SPM|NODE_8088_length_170_cov_873_A,0.17813493337859043,0.46054651162790705,0.149202657807309,Pass
EOG7G25S3|Teleopsis_dalmanni|CNC485542_S26_SPM|NODE_47660_length_181_cov_882_AU,0.1630184382103559,0.45508109177215206,0.14671677215189882,Pass
EOG7G25S3|Scaptodrosophila_lebanonensis|CNC485641_S95_SPM|NODE_39743_length_261_cov_462_A,0.08204979439211033,0.24783994683174865,0.0767872247474044,Pass
EOG7G25S3|Lucilia_sericata|CNC485734_S76_SPM|NODE_11929_length_266_cov_472_AU,0.12841696853811335,0.38989174004986904,0.12481456932739954,Pass
EOG7G25S3|Lucilia_sericata|CNC485774_S81_SPM|NODE_14966_length_312_cov_4239_AU,0.1513959952462173,0.38506677418442126,0.12381518263871205,Pass
EOG7G25S3|Lucilia_sericata|CNC566754_S93_SPM|NODE_275_length_761_cov_1.886435_S,0.1314001811572725,0.3860559724526261,0.12452687416039787,Pass
EOG7G25S3|Drosophila_melanogaster|CNC611910_S25_SPM|NODE_293_length_318_cov_6.753927_R,0.16750207145422163,0.37610868230547634,0.12088705379129816,Pass
EOG7G25S3|Lucilia_sericata|CNC_Diptera46427_S48_SPM|NODE_2207_length_226_cov_652_AU,0.16200010856508779,0.37610868230547634,0.12088705379129816,Pass
EOG7G25S3|Lucilia_sericata|CNC944224_S47_SPM|NODE_1448_length_431_cov_7.184211_S,0.13005980164135816,0.4427397986221515,0.14345521992580812,Pass
EOG7G25S3|Drosophila_melanogaster|JSS18974_S87_SPM|NODE_84678_length_236_cov_412_AU,0.09922495463448805,0.22702072538860107,0.06735751295336789,Pass
EOG7G25S3|Bactrocera_dorsalis|CNC_Dip101676_S59_SPM|NODE_2496_length_160_cov_877_AU,0.0875997078710609,0.22702072538860107,0.06735751295336789,Pass
EOG7G25S3|Lucilia_sericata|CNC_Dip103096_S49_SPM|NODE_30039_length_270_cov_2241_AU,0.15411632791120516,0.31745183345409833,0.09558707499410662,Pass
EOG7G25S3|Lucilia_sericata|CNC_Dip12307_S33_SPM|NODE_3165_length_209_cov_524_AU,0.18446809719622806,0.3955413879598664,0.12723960821786917,Pass
EOG7G25S3|Lucilia_sericata|CNC_Dip1356_S82_SPM|NODE_33742_length_174_cov_288_AU,0.10156828327849396,0.3928177966101694,0.12134716540035062,Pass
EOG7G25S3|Lucilia_sericata|CNC_Dip1380_S12_SPM|NODE_73764_length_297_cov_795_AU,0.0795954169858189,0.2981785487581912,0.08976740453668536,Pass
EOG7G25S3|Glossina_morsitans|CNC_Dip183103_S71_SPM|NODE_3151_length_193_cov_1568_A,0.1348687550982952,0.303339818852734,0.08788326065078833,Pass
EOG7G25S3|Musca_domestica|JSM_11384_S6_SPM_2|NODE_273051_length_273_cov_694_AU,0.21725435254422085,0.6380586736724783,0.20961706870472097,Pass
EOG7G25S3|Musca_domestica|CNC_Dip208891_S34_SPM|NODE_50530_length_260_cov_460_AU,0.23981561222224032,0.6380586736724783,0.20961706870472097,Pass
EOG7G25S3|Lucilia_sericata|JSM_6055_S7_SPM_2|NODE_101305_length_221_cov_449_AU,0.2459619731371706,0.6380586736724783,0.20961706870472097,Pass
EOG7G25S3|Glossina_morsitans|JSM_4776_S1_SPM|NODE_1691_length_333_cov_18.883495_R,0.12347890588940698,0.3278000000000002,0.10400000000000009,Pass
EOG7G25S3|Zeugodacus_cucurbitae|CNC_Diptera103008_S86_SPM|NODE_29416_length_236_cov_570_AU,0.12382835043879221,0.3278000000000002,0.10400000000000009,Pass
EOG7G25S3|Bactrocera_dorsalis|CNC_Diptera230745_S68_SPM|NODE_6347_length_165_cov_388_AU,0.1077096134579329,0.28036855158730145,0.08875992063492055,Pass
EOG7G25S3|Lucilia_sericata|CNC_Diptera50238_S49_SPM|NODE_33_length_320_cov_4.756477_R,0.136637660159339,0.35318727177882114,0.11241523213354199,Pass
EOG7G25S3|Lucilia_sericata|JSBVM0060_S56_SPM|NODE_37442_length_229_cov_1961_AU,0.1875811753174795,0.3857452875364591,0.12603468970192233,Pass
EOG7G25S3|Drosophila_ficusphila|JSM12800_S50_SPM|NODE_22613_length_164_cov_268_AU,0.1446364032967882,0.30766160846051216,0.08850641344413229,Pass
EOG7G25S3|Contarinia_nasturtii|JSM4882_S65_SPM|NODE_22220_length_151_cov_1317_A,0.10908951914341718,0.2353763440860216,0.06989247311827962,Pass
EOG7G25S3|Drosophila_ficusphila|JSM_10052_S7_SPM|NODE_2333_length_418_cov_7.003436_R,0.1305655618608873,0.2929658506714514,0.0849460987453895,Pass
EOG7G25S3|Lucilia_sericata|JSM_10540_S15_SPM|NODE_152755_length_334_cov_2.285024_R,0.27946250042102383,0.8331154476342723,0.23964609281487054,Pass
EOG7G25S3|Zeugodacus_cucurbitae|JSM_10609_S2_SPM|NODE_9002180_length_303_cov_753_AU,0.299908378766229,0.6674116440341605,0.21766227395366466,Pass
EOG7G25S3|Rhagoletis_pomonella|JSM_11142_S4_SPM|NODE_875817_length_294_cov_676_AU,0.34765292887606697,0.8340468999111045,0.23397336131767255,Pass
EOG7G25S3|Drosophila_melanogaster|JSM_11249_S5_SPM|NODE_147274_length_407_cov_2.017857_R,0.1563095451933442,0.44871555440357946,0.14627441885845238,Pass
EOG7G25S3|Musca_domestica|JSM_11249_S5_SPM_2|NODE_2464_length_182_cov_369_A,0.13187469857937292,0.2723276522108468,0.08200285224661419,Pass
EOG7G25S3|Hermetia_illucens|JSM_11249_S5_SPM_1|NODE_1143965_length_183_cov_306_AU,0.157281787550984,0.366465492724084,0.09104375029625067,Pass
EOG7G25S3|Contarinia_nasturtii|JSM_11457_S8_SPM|NODE_1359333_length_215_cov_689_AU,0.21122331881112277,0.40210793543010587,0.12938670946634157,Pass
EOG7G25S3|Hermetia_illucens|JSM_11505_S16_SPM|NODE_411761_length_114_cov_168_AU,0.248642246363054,0.46567115031489054,0.1338131251626361,Pass
EOG7G25S3|Hermetia_illucens|JSM_11685_S10_SPM|NODE_114844_length_464_cov_1.335312_S,0.1481042356683985,0.3261916692765425,0.10137801440651428,Pass
EOG7G25S3|Teleopsis_dalmanni|JSM_11685_S10_SPM_1|NODE_446605_length_287_cov_747_AU,0.19434179376520624,0.44768524855647346,0.1438272973520084,Pass
EOG7G25S3|Hermetia_illucens|JSM_11685_S10_SPM_2|NODE_123608_length_450_cov_1.383901_S,0.34594361606159024,0.619032890575585,0.17782235474835095,Pass
EOG7G25S3|Lucilia_sericata|JSM_11709_S11_SPM|NODE_8899776_length_338_cov_793_AU,0.1215485388633853,0.4445980392156862,0.14389355742296916,Pass
EOG7G25S3|Glossina_morsitans|JSM_11804_S12_SPM|NODE_982659_length_313_cov_609_AU,0.17757936245852904,0.33737206293979244,0.10308565566000916,Pass
EOG7G25S3|Teleopsis_dalmanni|JSM_11807_S13_SPM|NODE_124410_length_455_cov_1547_AU,0.2203126184303191,0.8012307140560472,0.23966284951636896,Pass
EOG7G25S3|Lucilia_sericata|JSM_11807_S13_SPM_1|NODE_3968294_length_213_cov_369_AU,0.19235844635365065,0.4948144308521667,0.1218121501140369,Pass
EOG7G25S3|Glossina_morsitans|JSM_2977_S7_SPM_1|NODE_20685_length_214_cov_368_AU,0.2687756103001512,0.6784005905511811,0.1983267716535433,Pass
EOG7G25S3|Lucilia_sericata|JSM_4942_S10_SPM|NODE_39842_length_300_cov_4.751445_R,0.11630943943067619,0.32107329422963726,0.09669048359060789,Pass
EOG7G25S3|Lucilia_sericata|JSS_42606_S56_SPM|NODE_2493_length_242_cov_1137_A,0.11926679810979454,0.32107329422963726,0.09669048359060789,Pass
EOG7G25S3|Bactrocera_dorsalis|JSM_5716_II_S12_SPM|NODE_257601_length_200_cov_890_AU,0.09107652288308311,0.2488095238095237,0.07619047619047614,Pass
EOG7G25S3|Lucilia_sericata|JSM_5812_S4_SPM|NODE_25321_length_446_cov_1.228840_S,0.10858466578938428,0.2961327530441399,0.07560407153729065,Pass
EOG7G25S3|Lucilia_sericata|JSM_5861_S5_SPM|NODE_4352_length_459_cov_5.891566_S,0.10534328919276732,0.3414503004613316,0.10312718111094088,Pass
EOG7G25S3|Hermetia_illucens|JSM_6006_S14_SPM_1|NODE_706573_length_310_cov_1123_AU,0.15106068947573487,0.3613261100059403,0.10092368104770194,Pass
EOG7G25S3|Lucilia_sericata|JSM_6055_S7_SPM_1|NODE_403063_length_238_cov_793_AU,0.08096524049818983,0.3005549245671181,0.1004950282873307,Pass
EOG7G25S3|Rhagoletis_pomonella|JSM_6152_S9_SPM|NODE_4337_length_844_cov_0.616457_S,0.34027368778594674,0.7905678517110474,0.23645433112455722,Pass
EOG7G25S3|Lucilia_sericata|JSM_6153_S10_SPM_1|NODE_223200_length_628_cov_1847_AU,0.19056267521134926,0.44823887246712074,0.12399862913935655,Pass
EOG7G25S3|Lucilia_sericata|JSM_6163_S11_SPM|NODE_47943_length_133_cov_4.000000_R,0.12269922278992496,0.41565749844981825,0.13103463548587113,Pass
EOG7G25S3|Bactrocera_dorsalis|JSM_6258_S12_SPM|NODE_27272_length_131_cov_268_A,0.09894281321768178,0.26042019774011305,0.07874293785310738,Pass
EOG7G25S3|Musca_domestica|JSM_6713_S4_SPM_1|NODE_253364_length_181_cov_302_AU,0.10286098828021786,0.2551074796842494,0.07975381201930343,Pass
EOG7G25S3|Bactrocera_dorsalis|JSM_6897_S6_SPM|NODE_1081770_length_289_cov_710_AU,0.09970961236103673,0.24846590909090907,0.07386363636363635,Pass
EOG7G25S3|Drosophila_ficusphila|JSM_7037_II_S3_SPM|NODE_10584_length_585_cov_54.087336_R,0.14051940223697315,0.32322249365454747,0.10115474241361089,Pass
EOG7G25S3|Lucilia_sericata|JSM_7037_II_S3_SPM_1|NODE_80628_length_206_cov_352_AU,0.2890222350748667,0.5221913835956918,0.12486684814770976,Pass
EOG7G25S3|Ceratitis_capitata|JSM_7192_S14_SPM|NODE_436253_length_37271_cov_512043_A,0.42753041633441163,0.38996141975308646,0.10169753086419753,Fail
EOG7G25S3|Lucilia_sericata|JSM_7567_II_S15_SPM|NODE_56_length_373_cov_20.536585_R,0.16943859637006864,0.3722614445171395,0.11962965165843886,Pass
EOG7G25S3|Teleopsis_dalmanni|JSM_7804_S15_SPM|NODE_460335_length_149_cov_238_AU,0.20922166005669876,0.6196088797190358,0.16439628415630164,Pass
EOG7G25S3|Bactrocera_dorsalis|JSM_8355_S10_SPM|NODE_163_length_1078_cov_23.248160_S,0.11616013629967145,0.3768338101815313,0.12079222573007109,Pass
EOG7G25S3|Bactrocera_dorsalis|JSM_9049_S13_SPM|NODE_814_length_178_cov_6994_AU,0.12381520710053101,0.3262129766498131,0.09828301886948271,Pass
EOG7G25S3|Scaptodrosophila_lebanonensis|JSM_9156_S14_SPM_1|NODE_323920_length_294_cov_909_AU,0.11647399575157637,0.3403518863352295,0.09958421549371221,Pass
EOG7G25S3|Lucilia_sericata|JSM_9557_S16_SPM|NODE_12056_length_157_cov_632_A,0.1652287423659855,0.43172991893883567,0.151105379513633,Pass
EOG7G25S3|Drosophila_melanogaster|JSM_9724_S16_SPM|NODE_10362_length_566_cov_1.476082_S,0.133249791144528,0.258959962655672,0.08098405368739664,Pass
EOG7G25S3|Drosophila_ficusphila|JSS13087_S84_SPM|NODE_1005_length_473_cov_25.358382_g1004_i0_R,0.09810666524882483,0.32591690670613005,0.10201456973476741,Pass
EOG7G25S3|Lucilia_sericata|JSS17034_S75_SPM|NODE_33702_length_232_cov_404_A,0.2401007609586655,0.5534944202335508,0.14606488519532002,Pass
EOG7G25S3|Drosophila_melanogaster|JSS17053_S20_SPM|NODE_7948_length_328_cov_19825_A,0.06606867426279835,0.24203703703703705,0.07407407407407407,Pass
EOG7G25S3|Lucilia_sericata|JSS17490_S89_SPM|NODE_27894_length_240_cov_852_AU,0.09693314831268882,0.29238728750923887,0.08743532889874361,Pass
EOG7G25S3|Bactrocera_dorsalis|JSS18587_S35_SPM|NODE_64306_length_276_cov_492_AU,0.17499426367363025,0.39656979802230174,0.12962865558594572,Pass
EOG7G25S3|Bactrocera_dorsalis|JSS18765_S51_SPM|NODE_6400_length_139_cov_970_AU,0.12163869107612345,0.3115677966101694,0.09745762711864403,Pass
EOG7G25S3|Musca_domestica|JSS50551_S55_SPM|NODE_61462_length_305_cov_953_AU,0.14391435468606426,0.32252474246055224,0.10222993370887934,Pass
EOG7G25S3|Lucilia_sericata|JSS_42447_S54_SPM|NODE_5799_length_193_cov_764_AU,0.1841430453783441,0.4333150458978773,0.13959409064830752,Pass
EOG7G25S3|Ceratitis_capitata|JSS_42618_S57_SPM|NODE_902_length_260_cov_2.541353_R,0.19085820286202945,0.4147383350985657,0.1335172459091768,Pass
EOG7G25S3|Lucilia_sericata|JSS_52524_S58_SPM|NODE_4960_length_178_cov_296_AU,0.12905446301943807,0.3191109116424873,0.09182188768195176,Pass
EOG7G25S3|Lucilia_sericata|KMM1399_S61_SPM|NODE_493_length_299_cov_6.232558_R,0.15022798080643557,0.366637856442402,0.11779183571442309,Pass
EOG7G25S3|Lucilia_sericata|CAJHUG01.1|CAJHUG010000101.1_723,0.15959674826847867,0.48608794008361655,0.14601235748981223,Pass
EOG7G25S3|Musca_domestica|CAJHUJ01.1_2|CAJHUJ010000029.1_1687,0.22105477911124152,0.5922325939976816,0.1693844046212638,Pass
EOG7G25S3|Lucilia_sericata|CAJZBV01|CAJZBV010000032.1_2127,0.16553975491108705,0.48738942122599144,0.14142747144629342,Pass
EOG7G25S3|Rhagoletis_pomonella|CAJVQV01_1|CAJVQV010000274.1_786,0.29504089271676126,0.7567915505240147,0.2198869995188687,Pass
EOG7G25S3|Ceratitis_capitata|CAJMZT01.1|CAJMZT010000045.1_204,0.2289024533424129,0.5506250653677779,0.16145126071764748,Pass
EOG7G25S3|Bactrocera_dorsalis|CAJVQV01|CAJVQV010000274.1_787,0.1579158048497386,0.4710545140185217,0.1415265622983325,Pass
EOG7G25S3|Bactrocera_dorsalis|CAKKXW01|CAKKXW010000001.1_2964,0.17212380612192182,0.4710545140185217,0.1415265622983325,Pass
EOG7G25S3|Lucilia_sericata|CAKAIX01.1|CAKAIX010000001.1_184,0.17963789600131264,0.47066049963927176,0.14146832232033268,Pass
EOG7G25S3|Rhagoletis_pomonella|JSM_642_S1_SPM|NODE_2627_length_1449_cov_18.086989_S,0.1397069868138242,0.39061061478912834,0.11210312439247394,Pass
EOG7G25S3|Hermetia_illucens|AHE_158_S43_merged_SPM|NODE_350_length_1020_cov_18.446448_S,0.1638508065065233,0.35590135351866237,0.10846738919129073,Pass
EOG7G25S3|Hermetia_illucens|JSM_6006_S14_SPM_2|NODE_35143_length_884_cov_1.792602_S,0.19179075830635153,0.5002604777094554,0.14440913104971664,Pass
EOG7G25S3|Ceratitis_capitata|AHE_179_S20_merged_SPM|NODE_72163_length_1124_cov_51.748806_R,0.13690877070376112,0.3788933782267117,0.12145903479236819,Pass
