EOG7W775V|Glossina_morsitans|130501_249_44|s8219_L_21877_0_a_25_3_l_2129,0.5330622786276179,0.9623026209836755,0.1881705171622759,Pass
EOG7W775V|Ceratitis_capitata|AHE_28_S11_merged_SPM|NODE_784_length_1064_cov_20.412361_S,0.4875313877621552,0.9354632412456397,0.15713932598412028,Pass
EOG7W775V|Ceratitis_capitata|AHE_210_S53_merged_SPM|NODE_2095_length_657_cov_20.215517_S,0.4965108342884372,0.9354632412456397,0.15713932598412028,Pass
EOG7W775V|Ceratitis_capitata|Sample_655211_S1_SPM_1|NODE_50386_length_584_cov_83.816193_R,0.4939550267322593,0.9354632412456397,0.15713932598412028,Pass
EOG7W775V|Ceratitis_capitata|JSM_9156_S14_SPM|NODE_32187_length_761_cov_15.525237_R,0.4964655688922193,0.9354632412456397,0.15713932598412028,Pass
EOG7W775V|Ceratitis_capitata|AHE_283_S23_SPM_1|NODE_1874_length_1000_cov_21.569881_S,0.4874906441649847,0.9354632412456397,0.15713932598412028,Pass
EOG7W775V|Ceratitis_capitata|AHE_32_S40_merged_SPM|NODE_1828_length_703_cov_29.571885_S,0.4879687498692216,0.9354632412456397,0.15713932598412028,Pass
EOG7W775V|Ceratitis_capitata|130608_189_16|C128927_a_10_0_l_736,0.4634503799427847,0.9354632412456397,0.15713932598412028,Pass
EOG7W775V|Glossina_morsitans|130919_247_37|s4176_L_6258_0_a_27_3_l_1972,0.4748407158361583,0.9307929851542404,0.17667712914345823,Pass
EOG7W775V|Glossina_morsitans|130919_247_55|s1410_L_1360_0_a_17_6_l_1672,0.37304415866020135,0.785150642092474,0.15243605299571822,Pass
EOG7W775V|Musca_domestica|CAJZBV01|CAJZBV010000161.1_2941,0.4097984784673749,0.785150642092474,0.15243605299571822,Pass
EOG7W775V|Glossina_morsitans|130928_232_71|s7013_L_17131_0_a_22_0_l_1815,0.4011637512553399,0.785150642092474,0.15243605299571822,Pass
EOG7W775V|Glossina_morsitans|130919_247_71|C75195_a_7_0_l_1623,0.40427946786052005,0.785150642092474,0.15243605299571822,Pass
EOG7W775V|Glossina_morsitans|130919_247_21|C130364_a_13_0_l_1992,0.4155666205643008,0.785150642092474,0.15243605299571822,Pass
EOG7W775V|Ceratitis_capitata|130314_269_33|C30407_a_3_0_l_246,0.4713232462273419,1.1974515603618956,0.26051298577592763,Pass
EOG7W775V|Ceratitis_capitata|120823_263_57|s3298_L_3618_0_a_20_9_l_1118,0.4796660454478958,1.1566616823641014,0.27375977800806434,Pass
EOG7W775V|Glossina_morsitans|130928_232_22|s4712_L_6301_0_a_71_1_l_1117,0.3956321330115971,nan,nan,Fail
EOG7W775V|Drosophila_melanogaster|130919_247_44|s2025_L_3408_0_a_14_0_l_1378_a,0.381279142136032,nan,nan,Fail
EOG7W775V|Glossina_morsitans|130928_232_84|C52870_a_8_0_l_1153,0.4125746049551357,1.6383333333333334,0.6666666666666667,Pass
EOG7W775V|Glossina_morsitans|130928_232_37|C109910_a_16_0_l_1327,0.42459321148591794,1.000350670976197,0.23887791173786355,Pass
EOG7W775V|Drosophila_melanogaster|120429_266_9|s2005_L_2050_2_a_43_9_l_2758,0.4945422937015799,nan,nan,Fail
EOG7W775V|Drosophila_melanogaster|120429_266_9_1|s2003_L_2050_0_a_46_1_l_2773,0.4945422937015799,nan,nan,Fail
EOG7W775V|Ceratitis_capitata|AHE_105_S55_merged_SPM_1|NODE_2428_length_703_cov_5.969649_S,0.22804054054054054,0.5419541952054794,0.12350171232876711,Pass
EOG7W775V|Ceratitis_capitata|JSM_6892_S6_SPM|NODE_30996_length_687_cov_25.332143_R,0.22360521784583218,0.5419541952054794,0.12350171232876711,Pass
EOG7W775V|Ceratitis_capitata|JSM_9049_S13_SPM|NODE_2218_length_303_cov_14.096591_R,0.22271487358875172,0.5419541952054794,0.12350171232876711,Pass
EOG7W775V|Ceratitis_capitata|AHE_166_S24_merged_SPM|NODE_2449_length_845_cov_6.229167_S,0.221484379986978,0.5419541952054794,0.12350171232876711,Pass
EOG7W775V|Ceratitis_capitata|AHE_162_S18_merged_SPM|NODE_1985_length_847_cov_15.922078_S,0.21451549672539436,0.5419541952054794,0.12350171232876711,Pass
EOG7W775V|Ceratitis_capitata|JSS_30548_S2_SPM|NODE_265_length_579_cov_24.387168_R,0.2235551229195297,0.5419541952054794,0.12350171232876711,Pass
EOG7W775V|Ceratitis_capitata|AHE_214_S47_merged_SPM|NODE_1770_length_520_cov_0.882619_R,0.20245326499177757,0.5419541952054794,0.12350171232876711,Pass
EOG7W775V|Ceratitis_capitata|JSM_9639_II_S16_SPM|NODE_1263_length_516_cov_24.267352_S,0.22299396854481598,0.5419541952054794,0.12350171232876711,Pass
EOG7W775V|Ceratitis_capitata|AHE_282_S24_SPM|NODE_4855_length_419_cov_2.885965_S,0.20997640131599177,0.5419541952054794,0.12350171232876711,Pass
EOG7W775V|Ceratitis_capitata|AHE_95_S21_merged_SPM|NODE_1422_length_1064_cov_13.726444_S,0.23706125352612414,0.5419541952054794,0.12350171232876711,Pass
EOG7W775V|Ceratitis_capitata|AHE_112_S42_merged_SPM|NODE_10755_length_237_cov_0.318750_S,0.21203371681606942,0.5419541952054794,0.12350171232876711,Pass
EOG7W775V|Ceratitis_capitata|CNC482918_S17_SPM|NODE_745_length_482_cov_4.802817_R,0.20954667992161474,0.5419541952054794,0.12350171232876711,Pass
EOG7W775V|Ceratitis_capitata|AHE_185_S39_merged_SPM|NODE_1484_length_663_cov_6.546075_S,0.2145212618762107,0.5419541952054794,0.12350171232876711,Pass
EOG7W775V|Ceratitis_capitata|AHE_134_S14_merged_SPM|NODE_7380_length_370_cov_1.228669_R,0.21984508717503523,0.5419541952054794,0.12350171232876711,Pass
EOG7W775V|Ceratitis_capitata|AHE_191_S25_merged_SPM|NODE_2259_length_948_cov_17.575201_S,0.21414911543173262,0.5419541952054794,0.12350171232876711,Pass
EOG7W775V|Ceratitis_capitata|JSM_10051_S8_SPM|NODE_3371_length_466_cov_24.436578_R,0.20954667992161474,0.5419541952054794,0.12350171232876711,Pass
EOG7W775V|Ceratitis_capitata|AHE_12_S18_merged_SPM|NODE_83831_length_809_cov_5.086066_R,0.21281477723457246,0.5419541952054794,0.12350171232876711,Pass
EOG7W775V|Ceratitis_capitata|AHE_280_S24_SPM|NODE_4891_length_586_cov_29.854617_S,0.22557678722652744,0.5419541952054794,0.12350171232876711,Pass
EOG7W775V|Ceratitis_capitata|CNC944366_S48_SPM|NODE_3616_length_463_cov_11.139881_S,0.23280916184231823,0.5419541952054794,0.12350171232876711,Pass
EOG7W775V|Ceratitis_capitata|AHE_198_S28_merged_SPM|NODE_2212_length_765_cov_13.699128_S,0.21451549672539436,0.5419541952054794,0.12350171232876711,Pass
EOG7W775V|Ceratitis_capitata|AHE_197_S33_merged_SPM|NODE_14647_length_666_cov_6.767402_R,0.21451549672539436,0.5419541952054794,0.12350171232876711,Pass
EOG7W775V|Ceratitis_capitata|AHE_52_S1_merged_SPM|NODE_63230_length_407_cov_1.957576_R,0.2095413480029776,0.5419541952054794,0.12350171232876711,Pass
EOG7W775V|Ceratitis_capitata|AHE_116_S35_merged_SPM|NODE_2576_length_888_cov_29.602959_S,0.21451549672539436,0.5419541952054794,0.12350171232876711,Pass
EOG7W775V|Ceratitis_capitata|AHE_137_S51_merged_SPM|NODE_1400_length_628_cov_6.453721_S,0.21451549672539436,0.5419541952054794,0.12350171232876711,Pass
EOG7W775V|Ceratitis_capitata|JSM_10636_S14_SPM|NODE_800_length_934_cov_72.602230_S,0.21281477723457246,0.5419541952054794,0.12350171232876711,Pass
EOG7W775V|Ceratitis_capitata|AHE_199_S37_merged_SPM|NODE_392_length_1419_cov_3.787630_S,0.23280916184231823,0.5419541952054794,0.12350171232876711,Pass
EOG7W775V|Ceratitis_capitata|JSM_10551_S1_SPM|NODE_9222_length_670_cov_57.377532_R,0.21281477723457246,0.5419541952054794,0.12350171232876711,Pass
EOG7W775V|Ceratitis_capitata|AHE_205_S52_merged_SPM|NODE_4376_length_450_cov_1.471850_R,0.22384887249081864,0.5419541952054794,0.12350171232876711,Pass
EOG7W775V|Ceratitis_capitata|AHE_108_S50_merged_SPM|NODE_26047_length_805_cov_11.789835_R,0.22473710912277464,0.5419541952054794,0.12350171232876711,Pass
EOG7W775V|Ceratitis_capitata|JSM7636_S58_SPM|NODE_850_length_683_cov_39.656475_S,0.21451549672539436,0.5419541952054794,0.12350171232876711,Pass
EOG7W775V|Ceratitis_capitata|AHE_6_S42_merged_SPM|NODE_3983_length_661_cov_9.758562_S,0.21735387264397502,0.5419541952054794,0.12350171232876711,Pass
EOG7W775V|Ceratitis_capitata|AHE_22_S34_merged_SPM|NODE_52_length_2588_cov_12.315014_S,0.20954667992161474,0.5419541952054794,0.12350171232876711,Pass
EOG7W775V|Ceratitis_capitata|CNC566616_S95_SPM|NODE_2195_length_543_cov_12.596154_R,0.20997640131599177,0.5419541952054794,0.12350171232876711,Pass
EOG7W775V|Ceratitis_capitata|JSM_10609_S2_SPM|NODE_23205_length_725_cov_1.754181_S,0.20290934568734734,0.5419541952054794,0.12350171232876711,Pass
EOG7W775V|Ceratitis_capitata|AHE_172_S16_merged_SPM|NODE_3469_length_826_cov_15.703605_S,0.21451549672539436,0.5419541952054794,0.12350171232876711,Pass
EOG7W775V|Ceratitis_capitata|AHE_106_S62_merged_SPM|NODE_41485_length_871_cov_7.122166_R,0.22804054054054054,0.5419541952054794,0.12350171232876711,Pass
EOG7W775V|Ceratitis_capitata|QM_REG_NO_T221365_S87_SPM|NODE_2171_length_191_cov_322_AU,0.23430336140405342,0.5419541952054794,0.12350171232876711,Pass
EOG7W775V|Ceratitis_capitata|CAJVQV01_1|CAJVQV010000027.1_451,0.21451549672539436,0.5419541952054794,0.12350171232876711,Pass
EOG7W775V|Ceratitis_capitata|CNC_Dip103096_S49_SPM|NODE_10643_length_249_cov_1185_AU,0.22756395473972266,0.5419541952054794,0.12350171232876711,Pass
EOG7W775V|Ceratitis_capitata|AHE_133_S17_merged_SPM|NODE_204508_length_780_cov_31001_A,0.21451549672539436,0.5419541952054794,0.12350171232876711,Pass
EOG7W775V|Ceratitis_capitata|AHE_100_S30_merged_SPM|NODE_1562_length_961_cov_22.056561_S,0.21963495065030902,0.5419541952054794,0.12350171232876711,Pass
EOG7W775V|Ceratitis_capitata|CNC452105_S5_SPM|NODE_1361_length_474_cov_8.331412_S,0.220628535947379,0.5419541952054794,0.12350171232876711,Pass
EOG7W775V|Ceratitis_capitata|G0464_S50_SPM|NODE_1561_length_237_cov_2.127273_R,0.23856018767025072,0.5419541952054794,0.12350171232876711,Pass
EOG7W775V|Ceratitis_capitata|AHE_103_S38_merged_SPM|NODE_2573_length_747_cov_9.589552_S,0.21394090336069857,0.5419541952054794,0.12350171232876711,Pass
EOG7W775V|Ceratitis_capitata|AHE_273_S20_SPM|NODE_3005_length_764_cov_36.742358_S,0.22762415549286616,0.5419541952054794,0.12350171232876711,Pass
EOG7W775V|Ceratitis_capitata|JSM_6704_S2_SPM|NODE_2177_length_712_cov_13.495726_S,0.24543197508548034,0.5419541952054794,0.12350171232876711,Pass
EOG7W775V|Ceratitis_capitata|AHE_102_S3_merged_SPM|NODE_2055_length_462_cov_1.257143_S,0.21451549672539436,0.5419541952054794,0.12350171232876711,Pass
EOG7W775V|Ceratitis_capitata|AHE_180_S71_merged_SPM|NODE_3220_length_683_cov_6.199670_S,0.2234871532990876,0.5419541952054794,0.12350171232876711,Pass
EOG7W775V|Ceratitis_capitata|AB49104653_S38_SPM|NODE_514_length_534_cov_17.066339_S,0.21281477723457246,0.5419541952054794,0.12350171232876711,Pass
EOG7W775V|Ceratitis_capitata|AHE_145_S52_merged_SPM|NODE_1356_length_482_cov_2.661728_S,0.2184274029791671,0.5419541952054794,0.12350171232876711,Pass
EOG7W775V|Ceratitis_capitata|AHE_186_S45_merged_SPM|NODE_674_length_1079_cov_9.582834_S,0.21414911543173262,0.5419541952054794,0.12350171232876711,Pass
EOG7W775V|Ceratitis_capitata|CNC1584451_S52_SPM|NODE_1380_length_408_cov_7.017794_R,0.20997640131599177,0.5419541952054794,0.12350171232876711,Pass
EOG7W775V|Ceratitis_capitata|JSM_10699_S3_SPM_1|NODE_13102_length_954_cov_1.279323_R,0.20700261669727113,0.5419541952054794,0.12350171232876711,Pass
EOG7W775V|Ceratitis_capitata|CAJZLI01_1|CAJZLI010000470.1_796,0.21451549672539436,0.5419541952054794,0.12350171232876711,Pass
EOG7W775V|Ceratitis_capitata|AHE_79_S46_merged_SPM|NODE_1982_length_754_cov_5.841950_S,0.21110252744211788,0.5419541952054794,0.12350171232876711,Pass
EOG7W775V|Ceratitis_capitata|AHE_196_S62_merged_SPM|NODE_2022_length_513_cov_9.220183_S,0.21961177278973892,0.5419541952054794,0.12350171232876711,Pass
EOG7W775V|Ceratitis_capitata|JSBVM_75_S7_SPM|NODE_1513_length_664_cov_65.322160_S,0.212438574844219,0.5419541952054794,0.12350171232876711,Pass
EOG7W775V|Ceratitis_capitata|CAJNIT01_1|CAJNIT010000196.1_427,0.21677156608663456,0.5419541952054794,0.12350171232876711,Pass
EOG7W775V|Ceratitis_capitata|AHE_167_S32_merged_SPM|NODE_2417_length_877_cov_23.726250_S,0.22703011230408493,0.5419541952054794,0.12350171232876711,Pass
EOG7W775V|Ceratitis_capitata|AHE_271_S21_SPM_2|NODE_465_length_1661_cov_4.248106_S,0.21168288595763,0.5419541952054794,0.12350171232876711,Pass
EOG7W775V|Ceratitis_capitata|JSM_10507_S12_SPM|NODE_337635_length_569_cov_32427_AU,0.2150823768974454,0.5419541952054794,0.12350171232876711,Pass
EOG7W775V|Ceratitis_capitata|USNM_ENT27989_S88_SPM|NODE_862_length_383_cov_3.464844_R,0.22363649436515248,0.5419541952054794,0.12350171232876711,Pass
EOG7W775V|Ceratitis_capitata|AHE_54_S60_merged_SPM|NODE_5619_length_709_cov_6.392405_S,0.21565315315315317,0.5419541952054794,0.12350171232876711,Pass
EOG7W775V|Ceratitis_capitata|AHE_107_S69_merged_SPM|NODE_16431_length_738_cov_12.821483_R,0.23706125352612414,0.5419541952054794,0.12350171232876711,Pass
EOG7W775V|Ceratitis_capitata|JSM_9082_S6_SPM|NODE_23636_length_563_cov_6.497706_R,0.2152747811581066,0.5419541952054794,0.12350171232876711,Pass
EOG7W775V|Ceratitis_capitata|CNC566583_S21_SPM|NODE_1583_length_466_cov_16.442478_R,0.21451549672539436,0.5419541952054794,0.12350171232876711,Pass
EOG7W775V|Ceratitis_capitata|AHE_114_S60_merged_SPM|NODE_2458_length_324_cov_0.421053_S,0.26090924600265386,0.5419541952054794,0.12350171232876711,Pass
EOG7W775V|Ceratitis_capitata|JSM13506_S57_SPM|NODE_1228_length_559_cov_40.060185_g1227_i0_R,0.21451549672539436,0.5419541952054794,0.12350171232876711,Pass
EOG7W775V|Ceratitis_capitata|AHE_159_S37_merged_SPM|NODE_1995_length_837_cov_18.693421_S,0.21451549672539436,0.5419541952054794,0.12350171232876711,Pass
EOG7W775V|Ceratitis_capitata|AHE_151_S53_merged_SPM|NODE_2254_length_765_cov_28.530523_S,0.21451549672539436,0.5419541952054794,0.12350171232876711,Pass
EOG7W775V|Ceratitis_capitata|AHE_164_S19_merged_SPM|NODE_2687_length_771_cov_16.615274_S,0.21451549672539436,0.5419541952054794,0.12350171232876711,Pass
EOG7W775V|Ceratitis_capitata|CNC457425_S9_SPM|NODE_286_length_382_cov_11.874510_R,0.227569719890539,0.5419541952054794,0.12350171232876711,Pass
EOG7W775V|Ceratitis_capitata|CNC_Diptera158252_S45_SPM|NODE_237_length_395_cov_8.406716_R,0.22271487358875172,0.5419541952054794,0.12350171232876711,Pass
EOG7W775V|Ceratitis_capitata|JSM_8264_S9_SPM|NODE_7865_length_297_cov_5733_AU,0.20997640131599177,0.5419541952054794,0.12350171232876711,Pass
EOG7W775V|Ceratitis_capitata|AHE_265_S23_SPM|NODE_76565_length_451_cov_3.788770_R,0.25642078072404006,0.5419541952054794,0.12350171232876711,Pass
EOG7W775V|Ceratitis_capitata|AHE_63_S36_merged_SPM_1|NODE_1500_length_928_cov_47.560517_S,0.2145212618762107,0.5419541952054794,0.12350171232876711,Pass
EOG7W775V|Ceratitis_capitata|130919_247_17|C70706_a_7_0_l_878,0.23271473528322845,0.5419541952054794,0.12350171232876711,Pass
EOG7W775V|Ceratitis_capitata|AHE_118_S50_merged_SPM|NODE_1691_length_575_cov_7.395582_S,0.20885027518986563,0.5419541952054794,0.12350171232876711,Pass
EOG7W775V|Ceratitis_capitata|CNC_Diptera232480_S46_SPM|NODE_142_length_316_cov_3.566138_R,0.21168288595763,0.5419541952054794,0.12350171232876711,Pass
EOG7W775V|Ceratitis_capitata|AHE_53_S32_merged_SPM_1|NODE_2306_length_692_cov_5.304065_S,0.23101783290139455,0.5419541952054794,0.12350171232876711,Pass
EOG7W775V|Ceratitis_capitata|AHE_56_S48_merged_SPM|NODE_35129_length_897_cov_5.709756_R,0.21281477723457246,0.5419541952054794,0.12350171232876711,Pass
EOG7W775V|Ceratitis_capitata|AHE_135_S42_merged_SPM|NODE_389_length_509_cov_9.159722_R,0.2680488707885968,0.5419541952054794,0.12350171232876711,Pass
EOG7W775V|Ceratitis_capitata|AHE_48_S52_merged_SPM|NODE_1489_length_1071_cov_76.238431_S,0.21964071580112537,0.5419541952054794,0.12350171232876711,Pass
EOG7W775V|Ceratitis_capitata|AHE_67_S40_merged_SPM|NODE_1039_length_633_cov_8.253597_S,0.2124146279165358,0.5419541952054794,0.12350171232876711,Pass
EOG7W775V|Ceratitis_capitata|AHE_181_S51_merged_SPM_1|NODE_155888_length_806_cov_25220_AU,0.22756174541888827,0.5419541952054794,0.12350171232876711,Pass
EOG7W775V|Ceratitis_capitata|AHE_57_S9_merged_SPM|NODE_551_length_1247_cov_9.279487_S,0.21281477723457246,0.5419541952054794,0.12350171232876711,Pass
EOG7W775V|Ceratitis_capitata|AHE_202_S45_merged_SPM|NODE_1548_length_634_cov_3.366248_S,0.229876280389979,0.5419541952054794,0.12350171232876711,Pass
EOG7W775V|Ceratitis_capitata|CNC482858_S92_SPM|NODE_4172_length_388_cov_2043_A,0.21924723495342294,0.5419541952054794,0.12350171232876711,Pass
EOG7W775V|Ceratitis_capitata|AHE_4_S10_merged_SPM|NODE_57574_length_733_cov_18.330793_R,0.22841598412177166,0.5419541952054794,0.12350171232876711,Pass
EOG7W775V|Ceratitis_capitata|AHE_119_S48_merged_SPM|NODE_23525_length_644_cov_10.552028_R,0.2162162162162162,0.5419541952054794,0.12350171232876711,Pass
EOG7W775V|Ceratitis_capitata|AustralianMuseumK405966_S60_SPM|NODE_3527_length_223_cov_954_A,0.20954667992161474,0.5419541952054794,0.12350171232876711,Pass
EOG7W775V|Ceratitis_capitata|AHE_148_S53_merged_SPM|NODE_5293_length_664_cov_4.226576_R,0.21451549672539436,0.5419541952054794,0.12350171232876711,Pass
EOG7W775V|Ceratitis_capitata|AHE_122_S39_merged_SPM|NODE_4940_length_650_cov_5.202443_S,0.21790860811515408,0.5419541952054794,0.12350171232876711,Pass
EOG7W775V|Glossina_morsitans|131012_246_93|C88425_a_18_0_l_1855,0.38245793017358887,0.7866806089199497,0.15153412943618266,Pass
EOG7W775V|Bactrocera_dorsalis|CAJSMG01|CAJSMG010000310.1_143,0.43553368140001203,0.7866806089199497,0.15153412943618266,Pass
EOG7W775V|Scaptodrosophila_lebanonensis|120126_283_11|s5979_L_12000_0_a_7_0_l_890,0.3840563543663618,nan,nan,Fail
EOG7W775V|Glossina_morsitans|120707_249_19|s12330_L_42917_0_a_19_2_l_1807,0.6066386595726868,0.9659200879079785,0.1896470342742363,Pass
EOG7W775V|Ceratitis_capitata|AHE_127_S63_merged_SPM|NODE_1840_length_726_cov_4.682589_S,0.5443215806132338,0.9179403588882831,0.15657467878085674,Pass
EOG7W775V|Ceratitis_capitata|AHE_77_S24_merged_SPM|NODE_1555_length_805_cov_8.982143_S,0.4977448547276664,0.9179403588882831,0.15657467878085674,Pass
EOG7W775V|Ceratitis_capitata|AHE_276_S23_SPM|NODE_8779_length_790_cov_7.065919_R,0.4941263140113407,0.9179403588882831,0.15657467878085674,Pass
EOG7W775V|Ceratitis_capitata|JSM_5716_II_S12_SPM|NODE_44268_length_692_cov_4.644248_R,0.4906487504740327,0.9179403588882831,0.15657467878085674,Pass
EOG7W775V|Ceratitis_capitata|AHE_211_S38_merged_SPM|NODE_1249_length_896_cov_19.118437_S,0.5051776588282937,0.9179403588882831,0.15657467878085674,Pass
EOG7W775V|Ceratitis_capitata|GCVD01.1|GCVD01010816.1,0.5183873049980849,0.9179403588882831,0.15657467878085674,Pass
EOG7W775V|Glossina_morsitans|GCGW01.1|GCGW01028978.1,0.557675354569651,0.9748025103003702,0.1899427719117298,Pass
EOG7W775V|Glossina_morsitans|GCFN01.1|GCFN01003692.1,0.36797098675398443,nan,nan,Fail
EOG7W775V|Glossina_morsitans|GAVA02.1|GAVA02001618.1,0.35895477356385125,nan,nan,Fail
EOG7W775V|Glossina_morsitans|GCGG01.1|GCGG01013591.1,0.3701903355927636,nan,nan,Fail
EOG7W775V|Ceratitis_capitata|JSM_11396_S7_SPM_1|NODE_12118_length_780_cov_0.973966_S,0.5106454772249889,0.8400599252282396,0.11542326352227483,Pass
EOG7W775V|Glossina_morsitans|GCFF01.1|GCFF01000750.1,0.4966574083404839,0.8400599252282396,0.11542326352227483,Pass
EOG7W775V|Glossina_morsitans|GCNB01.1|GCNB01009085.1,0.3815213084864767,nan,nan,Fail
EOG7W775V|Glossina_morsitans|GIFS01.1|GIFS01035363.1,0.5314612539932544,nan,nan,Fail
EOG7W775V|Glossina_morsitans|GHFF01.1|GHFF01002672.1,0.3969303497398185,nan,nan,Fail
EOG7W775V|Glossina_morsitans|GCFV01.1|GCFV01004295.1,0.36424829879364745,nan,nan,Fail
EOG7W775V|Glossina_morsitans|GAZD02.1|GAZD02016724.1,0.42974677798834243,nan,nan,Fail
EOG7W775V|Zeugodacus_cucurbitae|GCGH01.1|GCGH01041450.1,0.5215893998022101,0.7736489272568227,0.14649596993859004,Pass
EOG7W775V|Ceratitis_capitata|GCLW01.1|GCLW01015398.1,0.2482210183227625,0.6453829941860465,0.14698939142253098,Pass
EOG7W775V|Glossina_morsitans|GCNK01.1|GCNK01071163.1,0.41507184521612817,nan,nan,Fail
EOG7W775V|Ceratitis_capitata|GCMC01.1|GCMC01011437.1,0.5078646185979364,0.8287927552099065,0.12599604852511836,Pass
EOG7W775V|Glossina_morsitans|GCGQ01.1|GCGQ01026244.1,0.34909609305664435,nan,nan,Fail
EOG7W775V|Glossina_morsitans|GIFT01.1|GIFT01025174.1,0.4124713199387745,nan,nan,Fail
EOG7W775V|Bactrocera_dorsalis|GCGQ01.1_1|GCGQ01016801.1,0.4359816250054048,0.8572219894258414,0.14246326849692859,Pass
EOG7W775V|Glossina_morsitans|GDDE01.1|GDDE01003583.1,0.5977628396838485,0.9413824166247517,0.18118847106829572,Pass
EOG7W775V|Glossina_morsitans|GIFO01.1|GIFO01042412.1,0.4118358521943443,nan,nan,Fail
EOG7W775V|Glossina_morsitans|GCGS01.1|GCGS01015246.1,0.4119949786203137,nan,nan,Fail
EOG7W775V|Drosophila_melanogaster|GDDH01.1|GDDH01056833.1,0.48450716516185044,0.8409085621313096,0.15660434763227138,Pass
EOG7W775V|Ceratitis_capitata|CNC482954_S16_SPM|NODE_1733_length_489_cov_9.179558_R,0.17646290491118077,0.5078232256249497,0.1367072582589824,Pass
EOG7W775V|Ceratitis_capitata|CNC1178158_S85_SPM|NODE_1427_length_480_cov_1.835694_S,0.17669172932330826,0.5078232256249497,0.1367072582589824,Pass
EOG7W775V|Ceratitis_capitata|JSM_2977_S7_SPM|NODE_195127_length_504_cov_16292_AU,0.17669172932330826,0.5078232256249497,0.1367072582589824,Pass
EOG7W775V|Glossina_morsitans|JSM_11468_S9_SPM|NODE_44373_length_661_cov_1.608614_R,0.17039800995024876,0.5078232256249497,0.1367072582589824,Pass
EOG7W775V|Ceratitis_capitata|AHE_80_S13_merged_SPM|NODE_31441_length_562_cov_4.913402_R,0.18851435705368288,0.5078232256249497,0.1367072582589824,Pass
EOG7W775V|Ceratitis_capitata|AHE_126_S12_merged_SPM|NODE_2300_length_594_cov_13.700193_S,0.17669172932330826,0.5078232256249497,0.1367072582589824,Pass
EOG7W775V|Ceratitis_capitata|AHE_207_S65_merged_SPM|NODE_57010_length_884_cov_12.885998_R,0.17982456140350875,0.5078232256249497,0.1367072582589824,Pass
EOG7W775V|Ceratitis_capitata|AHE_203_S73_merged_SPM|NODE_1841_length_789_cov_12.074438_S,0.17669172932330826,0.5078232256249497,0.1367072582589824,Pass
EOG7W775V|Ceratitis_capitata|JSM_4641_II_S8_SPM|NODE_244289_length_232_cov_858_AU,0.21085376667437736,0.5078232256249497,0.1367072582589824,Pass
EOG7W775V|Ceratitis_capitata|JSM_7174_S7_SPM|NODE_21216_length_566_cov_44.466970_R,0.17646290491118077,0.5078232256249497,0.1367072582589824,Pass
EOG7W775V|Ceratitis_capitata|JSM_8398_S11_SPM|NODE_1113_length_669_cov_35.848708_S,0.17355889724310777,0.5078232256249497,0.1367072582589824,Pass
EOG7W775V|Ceratitis_capitata|AHE_74_S51_merged_SPM|NODE_8492_length_611_cov_9.582397_R,0.17355889724310777,0.5078232256249497,0.1367072582589824,Pass
EOG7W775V|Ceratitis_capitata|MZH_Y126_S44_SPM|NODE_2190_length_412_cov_13.221053_R,0.1954887218045113,0.5078232256249497,0.1367072582589824,Pass
EOG7W775V|Ceratitis_capitata|JSM_5000_S11_SPM|NODE_941_length_612_cov_29.670103_S,0.18233082706766915,0.5078232256249497,0.1367072582589824,Pass
EOG7W775V|Ceratitis_capitata|JSM5576_S67_SPM|NODE_7466_length_359_cov_15508_AU,0.17264600023220714,0.5078232256249497,0.1367072582589824,Pass
EOG7W775V|Ceratitis_capitata|JSM_6897_S6_SPM|NODE_29404_length_501_cov_23.491979_R,0.15476190476190477,0.5078232256249497,0.1367072582589824,Pass
EOG7W775V|Ceratitis_capitata|AHE_128_S38_merged_SPM|NODE_1714_length_511_cov_1.513825_S,0.18364779874213835,0.5078232256249497,0.1367072582589824,Pass
EOG7W775V|Ceratitis_capitata|CNC457392_S6_SPM|NODE_812_length_271_cov_6.722222_R,0.17454719609892025,0.5078232256249497,0.1367072582589824,Pass
EOG7W775V|Ceratitis_capitata|AHE_215_S30_merged_SPM|NODE_6060_length_702_cov_2.017600_R,0.17731829573934837,0.5078232256249497,0.1367072582589824,Pass
EOG7W775V|Ceratitis_capitata|AHE_39_S41_merged_SPM|NODE_26929_length_669_cov_4.947635_R,0.16946040868454662,0.5078232256249497,0.1367072582589824,Pass
EOG7W775V|Ceratitis_capitata|AHE_70_S45_merged_SPM|NODE_2475_length_747_cov_16.468657_S,0.17669172932330826,0.5078232256249497,0.1367072582589824,Pass
EOG7W775V|Ceratitis_capitata|JSM_3555_S6_SPM|NODE_1225_length_439_cov_20.044872_R,0.17264600023220714,0.5078232256249497,0.1367072582589824,Pass
EOG7W775V|Ceratitis_capitata|AHE_46_S20_merged_SPM|NODE_2856_length_757_cov_12.941176_S,0.17355889724310777,0.5078232256249497,0.1367072582589824,Pass
EOG7W775V|Ceratitis_capitata|AHE_85_S54_merged_SPM|NODE_28321_length_602_cov_3.539048_R,0.18427672955974841,0.5078232256249497,0.1367072582589824,Pass
EOG7W775V|Drosophila_melanogaster|GDDH01.1_1|GDDH01065114.1,0.16402071057243472,0.5078232256249497,0.1367072582589824,Pass
EOG7W775V|Ceratitis_capitata|JSM_9171_S15_SPM|NODE_1710_length_422_cov_3.186441_R,0.17073029141994658,0.5078232256249497,0.1367072582589824,Pass
EOG7W775V|Ceratitis_capitata|AHE_50_S50_merged_SPM|NODE_1040_length_853_cov_12.346649_S,0.17669172932330826,0.5078232256249497,0.1367072582589824,Pass
EOG7W775V|Ceratitis_capitata|CNC_Diptera246675_S43_SPM|NODE_1080_length_755_cov_6.716561_S,0.1767204538756263,0.5078232256249497,0.1367072582589824,Pass
EOG7W775V|Ceratitis_capitata|JSS_52524_S58_SPM|NODE_5321_length_214_cov_528_AU,0.17355889724310777,0.5078232256249497,0.1367072582589824,Pass
EOG7W775V|Ceratitis_capitata|AHE_259_S18_SPM|NODE_36469_length_661_cov_27.565068_R,0.1824484902071109,0.5078232256249497,0.1367072582589824,Pass
EOG7W775V|Ceratitis_capitata|AHE_38_S66_merged_SPM|NODE_3044_length_490_cov_2.619855_S,0.17264600023220714,0.5078232256249497,0.1367072582589824,Pass
EOG7W775V|Ceratitis_capitata|ZMFK_18031_S11_SPM_1|NODE_18309_length_882_cov_20.164238_R,0.17731829573934837,0.5078232256249497,0.1367072582589824,Pass
EOG7W775V|Ceratitis_capitata|CNC_Diptera106420_S67_SPM|NODE_685_length_280_cov_2.954248_R,0.17669172932330826,0.5078232256249497,0.1367072582589824,Pass
EOG7W775V|Ceratitis_capitata|AHE_93_S36_merged_SPM|NODE_6630_length_345_cov_1.044776_R,0.1947565543071161,0.5078232256249497,0.1367072582589824,Pass
EOG7W775V|Ceratitis_capitata|AHE_45_S33_merged_SPM|NODE_1312_length_714_cov_10.043956_S,0.17264600023220714,0.5078232256249497,0.1367072582589824,Pass
EOG7W775V|Ceratitis_capitata|AB33593873_S12_SPM|NODE_425_length_500_cov_16.739946_R,0.15914786967418545,0.5078232256249497,0.1367072582589824,Pass
EOG7W775V|Ceratitis_capitata|AHE_158_S43_merged_SPM|NODE_1095_length_731_cov_7.159021_S,0.20474406991260927,0.5078232256249497,0.1367072582589824,Pass
EOG7W775V|Ceratitis_capitata|AHE_49_S59_merged_SPM|NODE_942_length_880_cov_6.501868_S,0.17547169811320754,0.5078232256249497,0.1367072582589824,Pass
EOG7W775V|Ceratitis_capitata|AHE_59_S33_merged_SPM|NODE_18088_length_802_cov_3.838621_R,0.17669172932330826,0.5078232256249497,0.1367072582589824,Pass
EOG7W775V|Ceratitis_capitata|JSM_10050_S14_SPM|NODE_1912_length_590_cov_8.401728_S,0.16903071385830007,0.5078232256249497,0.1367072582589824,Pass
EOG7W775V|Ceratitis_capitata|AHE_87_S41_merged_SPM|NODE_1673_length_359_cov_1.319149_S,0.20199128691495105,0.5078232256249497,0.1367072582589824,Pass
EOG7W775V|Ceratitis_capitata|AB48933026_S24_SPM|NODE_3866_length_578_cov_22.439024_R,0.17669172932330826,0.5078232256249497,0.1367072582589824,Pass
EOG7W775V|Ceratitis_capitata|JSM_10502_S4_SPM|NODE_1591_length_594_cov_10.537473_S,0.18483709273182958,0.5078232256249497,0.1367072582589824,Pass
EOG7W775V|Ceratitis_capitata|AHE_60_S67_merged_SPM|NODE_2252_length_778_cov_13.261056_S,0.17264600023220714,0.5078232256249497,0.1367072582589824,Pass
EOG7W775V|Ceratitis_capitata|CNC_Dip183103_S71_SPM|NODE_19533_length_211_cov_516_AU,0.1823678803241541,0.5078232256249497,0.1367072582589824,Pass
EOG7W775V|Ceratitis_capitata|AHE_91_S2_merged_SPM|NODE_56640_length_247_cov_0.870588_R,0.18050314465408804,0.5078232256249497,0.1367072582589824,Pass
EOG7W775V|Ceratitis_capitata|JSBVM0060_S56_SPM|NODE_696_length_462_cov_5.313433_S,0.17669172932330826,0.5078232256249497,0.1367072582589824,Pass
EOG7W775V|Ceratitis_capitata|JSM_9163_II_S3_SPM|NODE_13673_length_396_cov_39.516729_R,0.20246409045526928,0.5078232256249497,0.1367072582589824,Pass
EOG7W775V|Ceratitis_capitata|AHE_99_S33_merged_SPM|NODE_2528_length_564_cov_2.655031_S,0.19683908045977014,0.5078232256249497,0.1367072582589824,Pass
EOG7W775V|Ceratitis_capitata|AHE_250_S55_merged_SPM|NODE_1720_length_580_cov_1.880716_S,0.1936534889121096,0.5078232256249497,0.1367072582589824,Pass
EOG7W775V|Ceratitis_capitata|AHE_260_S19_SPM|NODE_1805_length_780_cov_9.277383_S,0.19660920135058066,0.5078232256249497,0.1367072582589824,Pass
EOG7W775V|Ceratitis_capitata|CNC1042823_S29_SPM|NODE_2114_length_372_cov_8.138776_R,0.17264600023220714,0.5078232256249497,0.1367072582589824,Pass
EOG7W775V|Ceratitis_capitata|AHE_68_S60_merged_SPM|NODE_1648_length_775_cov_12.415473_S,0.17669172932330826,0.5078232256249497,0.1367072582589824,Pass
EOG7W775V|Ceratitis_capitata|JSM_7334_S8_SPM|NODE_13816_length_522_cov_22.073418_R,0.17731829573934837,0.5078232256249497,0.1367072582589824,Pass
EOG7W775V|Ceratitis_capitata|AHE_81_S53_merged_SPM|NODE_971_length_872_cov_7.201258_S,0.17355889724310777,0.5078232256249497,0.1367072582589824,Pass
EOG7W775V|Ceratitis_capitata|JSM_6713_S4_SPM|NODE_2708_length_682_cov_30.255856_R,0.20818721211664273,0.5078232256249497,0.1367072582589824,Pass
EOG7W775V|Ceratitis_capitata|JSM_6602_S10_SPM|NODE_827_length_957_cov_54.633735_S,0.17264600023220714,0.5078232256249497,0.1367072582589824,Pass
EOG7W775V|Ceratitis_capitata|AHE_89_S15_merged_SPM|NODE_1864_length_714_cov_1.171115_S,0.17669172932330826,0.5078232256249497,0.1367072582589824,Pass
EOG7W775V|Ceratitis_capitata|AHE_16_S58_merged_SPM|NODE_10471_length_383_cov_2.843137_R,0.17669172932330826,0.5078232256249497,0.1367072582589824,Pass
EOG7W775V|Ceratitis_capitata|AHE_71_S34_merged_SPM|NODE_789_length_743_cov_9.127628_S,0.17669172932330826,0.5078232256249497,0.1367072582589824,Pass
EOG7W775V|Ceratitis_capitata|CNC451885_S4_SPM|NODE_2930_length_488_cov_11.047091_R,0.17774004411935448,0.5078232256249497,0.1367072582589824,Pass
EOG7W775V|Ceratitis_capitata|AHE_125_S6_merged_SPM|NODE_2367_length_774_cov_5.450502_S,0.17669172932330826,0.5078232256249497,0.1367072582589824,Pass
EOG7W775V|Ceratitis_capitata|AHE_69_S34_merged_SPM|NODE_1087_length_694_cov_6.674230_S,0.17731829573934837,0.5078232256249497,0.1367072582589824,Pass
EOG7W775V|Ceratitis_capitata|AHE_61_S61_merged_SPM|NODE_34235_length_805_cov_10.317308_R,0.17355889724310777,0.5078232256249497,0.1367072582589824,Pass
EOG7W775V|Ceratitis_capitata|CNC464828_S13_SPM|NODE_1881_length_312_cov_2.708108_R,0.19858318522111626,0.5078232256249497,0.1367072582589824,Pass
EOG7W775V|Ceratitis_capitata|AHE_82_S29_merged_SPM|NODE_1273_length_768_cov_5.059334_S,0.19559748427672954,0.5078232256249497,0.1367072582589824,Pass
EOG7W775V|Ceratitis_capitata|AHE_136_S35_merged_SPM|NODE_1962_length_735_cov_1.191489_S,0.18610725576374434,0.5078232256249497,0.1367072582589824,Pass
EOG7W775V|Ceratitis_capitata|KMM1400_S62_SPM|NODE_1616_length_260_cov_2.240602_R,0.1861635220125786,0.5078232256249497,0.1367072582589824,Pass
EOG7W775V|Ceratitis_capitata|JSM_8931_S10_SPM|NODE_12373_length_559_cov_47.854167_R,0.1854636591478697,0.5078232256249497,0.1367072582589824,Pass
EOG7W775V|Ceratitis_capitata|CNC1059087_S66_SPM|NODE_1303_length_652_cov_24.066667_S,0.1860196795541623,0.5078232256249497,0.1367072582589824,Pass
EOG7W775V|Ceratitis_capitata|JSS_29956_S1_SPM|NODE_1218_length_333_cov_5.810680_R,0.1854636591478697,0.5078232256249497,0.1367072582589824,Pass
EOG7W775V|Ceratitis_capitata|JSM_6206_S14_SPM|NODE_1350_length_669_cov_19.955720_S,0.17355889724310777,0.5078232256249497,0.1367072582589824,Pass
EOG7W775V|Ceratitis_capitata|AHE_261_S18_SPM|NODE_35429_length_487_cov_2.873171_R,0.19840089667675875,0.5078232256249497,0.1367072582589824,Pass
EOG7W775V|Ceratitis_capitata|JSM_4942_S10_SPM|NODE_2329_length_497_cov_6.783784_R,0.17861635220125785,0.5078232256249497,0.1367072582589824,Pass
EOG7W775V|Ceratitis_capitata|AHE_253_S20_SPM|NODE_2735_length_643_cov_4.443463_S,0.1804511278195489,0.5078232256249497,0.1367072582589824,Pass
EOG7W775V|Ceratitis_capitata|AHE_65_S28_merged_SPM|NODE_715_length_917_cov_20.111905_S,0.17264600023220714,0.5078232256249497,0.1367072582589824,Pass
EOG7W775V|Ceratitis_capitata|AHE_9_S57_merged_SPM|NODE_939_length_562_cov_5.884536_S,0.17355889724310777,0.5078232256249497,0.1367072582589824,Pass
EOG7W775V|Ceratitis_capitata|CNC254466_S52_SPM|NODE_544_length_488_cov_15.795014_S,0.17669172932330826,0.5078232256249497,0.1367072582589824,Pass
EOG7W775V|Ceratitis_capitata|AB34950737_S20_SPM|NODE_1918_length_278_cov_4.132450_R,0.17649193080227563,0.5078232256249497,0.1367072582589824,Pass
EOG7W775V|Ceratitis_capitata|CNC457400_S90_SPM|NODE_189_length_532_cov_3.012346_R,0.17964123998606757,0.5078232256249497,0.1367072582589824,Pass
EOG7W775V|Ceratitis_capitata|CNC566754_S93_SPM|NODE_829_length_548_cov_3.978622_S,0.17669172932330826,0.5078232256249497,0.1367072582589824,Pass
EOG7W775V|Ceratitis_capitata|AHE_10_S47_merged_SPM|NODE_1100_length_928_cov_5.244418_S,0.19819151591965278,0.5078232256249497,0.1367072582589824,Pass
EOG7W775V|Ceratitis_capitata|CNC611910_S25_SPM|NODE_14_length_273_cov_3.534247_R,0.17669172932330826,0.5078232256249497,0.1367072582589824,Pass
EOG7W775V|Ceratitis_capitata|S_BOT_SPECIMEN337_S27_SPM|NODE_1176_length_698_cov_28.458844_S,0.16979949874686717,0.5078232256249497,0.1367072582589824,Pass
EOG7W775V|Ceratitis_capitata|AHE_278_S24_SPM|NODE_45565_length_665_cov_14.517007_R,0.18047154050005762,0.5078232256249497,0.1367072582589824,Pass
EOG7W775V|Ceratitis_capitata|AHE_157_S17_merged_SPM|NODE_2367_length_892_cov_32.868712_S,0.17669172932330826,0.5078232256249497,0.1367072582589824,Pass
EOG7W775V|Ceratitis_capitata|AHE_94_S37_merged_SPM|NODE_1460_length_660_cov_9.186964_S,0.1962264150943396,0.5078232256249497,0.1367072582589824,Pass
EOG7W775V|Ceratitis_capitata|AHE_257_S20_SPM|NODE_26007_length_645_cov_10.176056_R,0.19455239843170877,0.5078232256249497,0.1367072582589824,Pass
EOG7W775V|Ceratitis_capitata|QM_REG_NO_T222516_S37_SPM|NODE_1031_length_251_cov_5160_A,0.16946040868454662,0.5078232256249497,0.1367072582589824,Pass
EOG7W775V|Ceratitis_capitata|wvs06189_S30_SPM|NODE_479_length_592_cov_10.049462_S,0.17264600023220714,0.5078232256249497,0.1367072582589824,Pass
EOG7W775V|Ceratitis_capitata|AHE_262_S21_SPM|NODE_854_length_978_cov_6.988901_S,0.1933085501858736,0.5078232256249497,0.1367072582589824,Pass
EOG7W775V|Ceratitis_capitata|JSM_7567_II_S15_SPM|NODE_4841_length_436_cov_2.071197_R,0.17669172932330826,0.5078232256249497,0.1367072582589824,Pass
EOG7W775V|Ceratitis_capitata|CNC451875_S3_SPM|NODE_976_length_513_cov_10.683938_S,0.18671679197994986,0.5078232256249497,0.1367072582589824,Pass
EOG7W775V|Glossina_morsitans|GCFJ01.1|GCFJ01006295.1,0.36123861007599894,nan,nan,Fail
EOG7W775V|Glossina_morsitans|GIGV01.1|GIGV01021817.1,0.4195733733019315,nan,nan,Fail
EOG7W775V|Stomoxys_calcitrans|CAKLPK01.1|CAKLPK010000005.1_1175,0.3996025127543381,nan,nan,Fail
EOG7W775V|Drosophila_melanogaster|GCMY01.1|GCMY01093644.1,0.5018312898734923,nan,nan,Fail
EOG7W775V|Glossina_morsitans|GDDC01.1|GDDC01025955.1,0.4077243248195553,0.7693523643749982,0.1435328231235387,Pass
EOG7W775V|Drosophila_ficusphila|GIGU01.1|GIGU01057928.1,0.44382558245513387,nan,nan,Fail
EOG7W775V|Drosophila_melanogaster|GIFO01.1_1|GIFO01042416.1,0.506951553694979,0.8972777827985402,0.14892103511679,Pass
EOG7W775V|Glossina_morsitans|GIFE01.1|GIFE01014735.1,0.4333777752685824,nan,nan,Fail
EOG7W775V|Zeugodacus_cucurbitae|GIGL01.1|GIGL01023607.1,0.4240880273330695,nan,nan,Fail
EOG7W775V|Ceratitis_capitata|GIGL01.1_1|GIGL01023601.1,0.5313470652913286,0.979977440751919,0.19836082841725916,Pass
EOG7W775V|Glossina_morsitans|GIGS01.1|GIGS01044374.1,0.4375234508444789,0.7737239956658087,0.15662916909995278,Pass
EOG7W775V|Drosophila_melanogaster|GIGW01.1|GIGW01018361.1,0.5079187536762136,nan,nan,Fail
EOG7W775V|Glossina_morsitans|GIGM01.1|GIGM01018017.1,0.4450730759291203,0.7800835455637533,0.14937174878887155,Pass
EOG7W775V|Glossina_morsitans|GIFM01.1|GIFM01020245.1,0.4093564404964188,1.6383333333333334,0.6666666666666667,Pass
EOG7W775V|Glossina_morsitans|GIFH01.1|GIFH01009967.1,0.39199192543116734,1.6383333333333334,0.6666666666666667,Pass
EOG7W775V|Glossina_morsitans|GIGR01.1|GIGR01022557.1,0.40178935328917875,0.7327352444719949,0.17757168917086186,Pass
EOG7W775V|Glossina_morsitans|GHEX01.1|GHEX01007308.1,0.4184545228463276,1.6383333333333334,0.6666666666666667,Pass
EOG7W775V|Glossina_morsitans|GIGP01.1|GIGP01001797.1,0.41395566019484464,0.77842766474745,0.14979165096660885,Pass
EOG7W775V|Scaptodrosophila_lebanonensis|GIFF01.1|GIFF01025749.1,0.42585565665604047,nan,nan,Fail
EOG7W775V|Glossina_morsitans|GIGQ01.1|GIGQ01005324.1,0.518060593669824,0.7959795364359948,0.15377320656829896,Pass
EOG7W775V|Bactrocera_dorsalis|JSM_7821_S9_SPM|NODE_110026_length_707_cov_2.322414_R,0.3957537068849915,0.7959795364359948,0.15377320656829896,Pass
EOG7W775V|Glossina_morsitans|GIFR01.1|GIFR01058150.1,0.43769475538393465,nan,nan,Fail
EOG7W775V|Drosophila_melanogaster|GIFG01.1|GIFG01010998.1,0.4881208881712229,nan,nan,Fail
EOG7W775V|Scaptodrosophila_lebanonensis|GIGT01.1|GIGT01015082.1,0.41360856731726386,nan,nan,Fail
EOG7W775V|Ceratitis_capitata|CNC569384_S19_SPM|NODE_3562_length_336_cov_7.593301_R,0.25235109717868337,0.6109323264594829,0.14466633949943408,Pass
EOG7W775V|Ceratitis_capitata|AHE_179_S20_merged_SPM|NODE_85274_length_642_cov_1.610619_R,0.2201035537212235,0.6109323264594829,0.14466633949943408,Pass
EOG7W775V|Ceratitis_capitata|ZMFK_18025_S5_SPM|NODE_4377_length_374_cov_5.663968_R,0.22052681717644187,0.6109323264594829,0.14466633949943408,Pass
EOG7W775V|Ceratitis_capitata|AHE_176_S44_merged_SPM|NODE_1394_length_613_cov_7.011194_S,0.2206260197609309,0.6109323264594829,0.14466633949943408,Pass
EOG7W775V|Ceratitis_capitata|AHE_208_S54_merged_SPM|NODE_2360_length_432_cov_2.242254_S,0.2184404058040025,0.6109323264594829,0.14466633949943408,Pass
EOG7W775V|Ceratitis_capitata|CNC468289_S15_SPM|NODE_2224_length_297_cov_9.129412_R,0.2216049627660278,0.6109323264594829,0.14466633949943408,Pass
EOG7W775V|Ceratitis_capitata|AHE_209_S39_merged_SPM|NODE_1031_length_854_cov_9.065637_S,0.21637935086770646,0.6109323264594829,0.14466633949943408,Pass
EOG7W775V|Ceratitis_capitata|AHE_177_S46_merged_SPM|NODE_1503_length_754_cov_3.779911_S,0.2206260197609309,0.6109323264594829,0.14466633949943408,Pass
EOG7W775V|Ceratitis_capitata|AHE_110_S11_merged_SPM|NODE_1534_length_981_cov_39.839602_S,0.24777461498944406,0.6109323264594829,0.14466633949943408,Pass
EOG7W775V|Ceratitis_capitata|AHE_201_S72_merged_SPM|NODE_2923_length_758_cov_12.317181_S,0.23787200506518563,0.6109323264594829,0.14466633949943408,Pass
EOG7W775V|Ceratitis_capitata|JSBVM_8_S11_SPM|NODE_1105_length_496_cov_61.883469_R,0.21637935086770646,0.6109323264594829,0.14466633949943408,Pass
EOG7W775V|Ceratitis_capitata|AHE_113_S4_merged_SPM|NODE_3275_length_667_cov_3.501695_S,0.21868126933859602,0.6109323264594829,0.14466633949943408,Pass
EOG7W775V|Ceratitis_capitata|AB59937875_S42_SPM|NODE_823_length_577_cov_19.555556_S,0.2184404058040025,0.6109323264594829,0.14466633949943408,Pass
EOG7W775V|Ceratitis_capitata|AHE_178_S61_merged_SPM|NODE_2112_length_516_cov_3.291572_S,0.2206260197609309,0.6109323264594829,0.14466633949943408,Pass
EOG7W775V|Ceratitis_capitata|AHE_174_S49_merged_SPM|NODE_2336_length_731_cov_11.128440_S,0.23838955199773212,0.6109323264594829,0.14466633949943408,Pass
EOG7W775V|Ceratitis_capitata|AHE_84_S14_merged_SPM|NODE_30877_length_633_cov_6.611511_R,0.22319220136767057,0.6109323264594829,0.14466633949943408,Pass
EOG7W775V|Ceratitis_capitata|JSM_2594_S5_SPM|NODE_3647_length_281_cov_2.863636_R,0.22423713344708543,0.6109323264594829,0.14466633949943408,Pass
EOG7W775V|Ceratitis_capitata|PROBE_TW0069_S35_SPM|NODE_1400_length_334_cov_6.676329_R,0.2216049627660278,0.6109323264594829,0.14466633949943408,Pass
EOG7W775V|Ceratitis_capitata|CNC_Diptera50238_S49_SPM|NODE_1469_length_265_cov_3.231884_R,0.2200326045262754,0.6109323264594829,0.14466633949943408,Pass
EOG7W775V|Ceratitis_capitata|AHE_156_S45_merged_SPM|NODE_24281_length_712_cov_3.853543_R,0.5123161780390739,0.8310860382262043,0.12215006318914656,Pass
EOG7W775V|Ceratitis_capitata|AHE_171_S44_merged_SPM|NODE_2201_length_798_cov_9.106796_S,0.5147766637928517,0.8310860382262043,0.12215006318914656,Pass
EOG7W775V|Ceratitis_capitata|AHE_173_S62_merged_SPM|NODE_1926_length_884_cov_17.635688_S,0.4908163975275804,0.8310860382262043,0.12215006318914656,Pass
EOG7W775V|Ceratitis_capitata|AHE_129_S7_merged_SPM|NODE_2428_length_878_cov_24.421973_S,0.488478053805593,0.8310860382262043,0.12215006318914656,Pass
EOG7W775V|Ceratitis_capitata|CNC569435_S94_SPM|NODE_2444_length_879_cov_19.526596_R,0.5067253624110445,0.8310860382262043,0.12215006318914656,Pass
EOG7W775V|Ceratitis_capitata|AHE_130_S26_merged_SPM|NODE_13631_length_840_cov_11.804718_R,0.5047013830800993,0.8310860382262043,0.12215006318914656,Pass
EOG7W775V|Ceratitis_capitata|AHE_152_S44_merged_SPM|NODE_2603_length_801_cov_8.354972_S,0.5016996839763844,0.8310860382262043,0.12215006318914656,Pass
EOG7W775V|Ceratitis_capitata|AHE_101_S25_merged_SPM|NODE_1552_length_925_cov_10.540094_S,0.5147284712610987,0.8310860382262043,0.12215006318914656,Pass
EOG7W775V|Ceratitis_capitata|CAJVCN01_1|CAJVCN010000679.1_110,0.22463752172669468,0.5311618647014942,0.11242233889073744,Pass
EOG7W775V|Ceratitis_capitata|AHE_104_S47_merged_SPM|NODE_2382_length_730_cov_8.493109_S,0.22853568800588667,0.5311618647014942,0.11242233889073744,Pass
EOG7W775V|Ceratitis_capitata|CNC571880_S96_SPM|NODE_288_length_500_cov_2.713137_R,0.2381105826925641,0.5311618647014942,0.11242233889073744,Pass
EOG7W775V|Ceratitis_capitata|AHE_149_S61_merged_SPM|NODE_430_length_1560_cov_6.716790_S,0.22961724347832466,0.5311618647014942,0.11242233889073744,Pass
EOG7W775V|Ceratitis_capitata|AHE_204_S41_merged_SPM|NODE_4380_length_712_cov_21.395276_S,0.22463752172669468,0.5311618647014942,0.11242233889073744,Pass
EOG7W775V|Ceratitis_capitata|AHE_203_S24_merged_SPM|NODE_2814_length_829_cov_25.045213_S,0.22463752172669468,0.5311618647014942,0.11242233889073744,Pass
EOG7W775V|Ceratitis_capitata|KMM1404_S64_SPM|NODE_242_length_289_cov_7.111111_R,0.2381105826925641,0.5311618647014942,0.11242233889073744,Pass
EOG7W775V|Bactrocera_dorsalis|AHE_105_S55_merged_SPM|NODE_12586_length_386_cov_0.925566_R,0.48278804439926953,0.8544056030637318,0.142182155522381,Pass
EOG7W775V|Ceratitis_capitata|AHE_115_S22_merged_SPM|NODE_3767_length_671_cov_8.754209_S,0.5175805962314908,1.464249229986065,0.390615232502705,Pass
EOG7W775V|Ceratitis_capitata|AHE_160_S17_merged_SPM|NODE_998_length_922_cov_7.811834_S,0.5106461733428856,1.464249229986065,0.390615232502705,Pass
EOG7W775V|Ceratitis_capitata|AHE_117_S52_merged_SPM|NODE_930_length_943_cov_30.008083_S,0.5164071911523297,0.8846466607118318,0.12298680775044668,Pass
EOG7W775V|Ceratitis_capitata|JSM_8424_S12_SPM|NODE_2372_length_865_cov_172.050136_S,0.5106054899981206,0.8846466607118318,0.12298680775044668,Pass
EOG7W775V|Ceratitis_capitata|AHE_8_S50_merged_SPM|NODE_2434_length_896_cov_14.921856_S,0.5070344655076365,0.8846466607118318,0.12298680775044668,Pass
EOG7W775V|Ceratitis_capitata|CAJSMD01.1_1|CAJSMD010000072.1_638,0.5601603121102947,0.8846466607118318,0.12298680775044668,Pass
EOG7W775V|Bactrocera_dorsalis|AHE_119_S48_merged_SPM_1|NODE_7689_length_424_cov_0.619597_S,0.5047412914865312,0.8913428042374882,0.15312886567516526,Pass
EOG7W775V|Drosophila_melanogaster|AHE_120_S31_merged_SPM|NODE_21771_length_413_cov_0.952381_S,0.49429141349070616,0.8486693956631698,0.1452353162057376,Pass
EOG7W775V|Drosophila_melanogaster|AHE_120_S31_merged_SPM_1|NODE_761_length_1209_cov_4.749117_S,0.4998287483017875,0.8252052696078432,0.11196738310708909,Pass
EOG7W775V|Glossina_morsitans|AHE_121_S5_merged_SPM|NODE_21297_length_321_cov_0.672131_S,0.32283312217647675,nan,nan,Fail
EOG7W775V|Ceratitis_capitata|AHE_123_S56_merged_SPM|NODE_1939_length_789_cov_10.884831_S,0.4208170621438381,0.6618889584525722,0.10539768714532849,Pass
EOG7W775V|Ceratitis_capitata|AHE_124_S16_merged_SPM|NODE_30646_length_932_cov_5.002339_R,0.4992084874930599,0.8259587053744067,0.12699605181342433,Pass
EOG7W775V|Ceratitis_capitata|AHE_183_S63_merged_SPM|NODE_1037_length_1029_cov_8.327731_S,0.4877795406554356,0.8259587053744067,0.12699605181342433,Pass
EOG7W775V|Ceratitis_capitata|AHE_75_S41_merged_SPM|NODE_8258_length_839_cov_4.989501_R,0.4613028326346509,0.8259587053744067,0.12699605181342433,Pass
EOG7W775V|Drosophila_ficusphila|AHE_129_S7_merged_SPM_1|NODE_50510_length_232_cov_0.954839_R,0.3967520073159915,0.7975106558321385,0.1706821300788342,Pass
EOG7W775V|Ceratitis_capitata|AHE_131_S8_merged_SPM|NODE_1358_length_994_cov_39.586696_S,0.49735530361647146,0.9181935483870967,0.13520737327188936,Pass
EOG7W775V|Ceratitis_capitata|AHE_55_S43_merged_SPM|NODE_471_length_1153_cov_14.147770_S,0.48297239833537026,0.9181935483870967,0.13520737327188936,Pass
EOG7W775V|Ceratitis_capitata|AHE_195_S23_merged_SPM|NODE_1771_length_1073_cov_29.690763_S,0.4818256231673237,0.9181935483870967,0.13520737327188936,Pass
EOG7W775V|Ceratitis_capitata|AHE_161_S18_merged_SPM|NODE_131829_length_1089_cov_18.902174_R,0.4836783332554293,0.9181935483870967,0.13520737327188936,Pass
EOG7W775V|Ceratitis_capitata|AHE_132_S13_merged_SPM|NODE_2062_length_970_cov_12.181411_S,0.5592973337147108,1.105669473631,0.22746688040798757,Pass
EOG7W775V|Ceratitis_capitata|CNC584400_S81_SPM|NODE_1311_length_564_cov_21.661327_S,0.5158673270361335,1.105669473631,0.22746688040798757,Pass
EOG7W775V|Ceratitis_capitata|AHE_138_S13_merged_SPM|NODE_1812_length_853_cov_36.072165_S,0.5102817864892504,0.9226890645586298,0.13633728590250327,Pass
EOG7W775V|Ceratitis_capitata|AHE_139_S14_merged_SPM|NODE_2959_length_781_cov_8.132102_S,0.5439323264060919,1.4525308281498002,0.3891017205630807,Pass
EOG7W775V|Ceratitis_capitata|JSBVM_26_S2_SPM|NODE_668_length_1230_cov_90.452403_S,0.5015094462507871,0.8699855054800604,0.12061355781702954,Pass
EOG7W775V|Ceratitis_capitata|AHE_13_S26_merged_SPM|NODE_1026_length_988_cov_17.557629_S,0.4892716424591563,0.8699855054800604,0.12061355781702954,Pass
EOG7W775V|Ceratitis_capitata|AHE_251_S46_merged_SPM|NODE_1087_length_996_cov_12.639826_S,0.4875468681313364,0.8699855054800604,0.12061355781702954,Pass
EOG7W775V|Ceratitis_capitata|AHE_40_S58_merged_SPM|NODE_1010_length_968_cov_3.365881_S,0.5101338211509889,0.8699855054800604,0.12061355781702954,Pass
EOG7W775V|Ceratitis_capitata|AHE_44_S31_merged_SPM|NODE_267_length_1704_cov_9.196681_S,0.477984186434097,0.8699855054800604,0.12061355781702954,Pass
EOG7W775V|Ceratitis_capitata|AHE_141_S15_merged_SPM|NODE_4724_length_620_cov_0.968692_S,0.22402597402597405,0.5689151640012132,0.12984438444093382,Pass
EOG7W775V|Ceratitis_capitata|AHE_143_S57_merged_SPM|NODE_1627_length_878_cov_16.750312_S,0.2013888888888889,0.574349774970964,0.14919062137049943,Pass
EOG7W775V|Ceratitis_capitata|JSS17034_S75_SPM|NODE_58238_length_271_cov_482_AU,0.22226658278487546,0.574349774970964,0.14919062137049943,Pass
EOG7W775V|Ceratitis_capitata|JSS16919_S15_SPM|NODE_681_length_482_cov_2.281690_S,0.23851464705123243,0.574349774970964,0.14919062137049943,Pass
EOG7W775V|Ceratitis_capitata|AHE_144_S36_merged_SPM|NODE_1837_length_950_cov_14.774341_S,0.5513856140375178,1.1567795124016043,0.23850009288000618,Pass
EOG7W775V|Ceratitis_capitata|AHE_146_S23_merged_SPM|NODE_2234_length_1073_cov_15.787149_S,0.4646668818960547,0.9200050825921219,0.13645670720638947,Pass
EOG7W775V|Ceratitis_capitata|AHE_169_S19_merged_SPM_1|NODE_72350_length_1065_cov_9.773279_R,0.500876432705978,0.9200050825921219,0.13645670720638947,Pass
EOG7W775V|Glossina_morsitans|AHE_147_S43_merged_SPM|NODE_3923_length_449_cov_0.723118_S,0.5557479505427817,1.0724019281401307,0.21659872020377047,Pass
EOG7W775V|Ceratitis_capitata|AHE_14_S48_merged_SPM|NODE_35028_length_512_cov_22.059770_R,0.505556359879604,0.9308657901944197,0.16017406878359342,Pass
EOG7W775V|Glossina_morsitans|AHE_159_S64_merged_SPM|NODE_5570_length_554_cov_1.566038_S,0.2657692364690704,0.6334947345058446,0.1573486042041784,Pass
EOG7W775V|Ceratitis_capitata|AHE_15_S51_merged_SPM|NODE_4308_length_583_cov_6.758893_S,0.5285766743797521,0.9757325268817204,0.15428187403993854,Pass
EOG7W775V|Ceratitis_capitata|AHE_78_S12_merged_SPM|NODE_1766_length_991_cov_25.188184_S,0.5147972708765812,0.9243356587207371,0.15236772024884548,Pass
EOG7W775V|Ceratitis_capitata|JSM_8384_S2_SPM|NODE_2744_length_707_cov_191.544828_S,0.5004289115815367,0.9243356587207371,0.15236772024884548,Pass
EOG7W775V|Ceratitis_capitata|AHE_24_S40_merged_SPM|NODE_1309_length_852_cov_9.797419_S,0.5022380652189294,0.9243356587207371,0.15236772024884548,Pass
EOG7W775V|Ceratitis_capitata|AHE_272_S22_SPM_1|NODE_2094_length_997_cov_24.950000_S,0.5104367939250017,0.9243356587207371,0.15236772024884548,Pass
EOG7W775V|Ceratitis_capitata|AHE_20_S56_merged_SPM|NODE_1697_length_804_cov_10.279230_S,0.5238082241016122,0.9243356587207371,0.15236772024884548,Pass
EOG7W775V|Ceratitis_capitata|AHE_34_S58_merged_SPM|NODE_640_length_1132_cov_9.274882_S,0.4918811377028394,0.9243356587207371,0.15236772024884548,Pass
EOG7W775V|Ceratitis_capitata|AHE_168_S70_merged_SPM|NODE_16952_length_818_cov_8.570850_R,0.5398571929169029,0.9243356587207371,0.15236772024884548,Pass
EOG7W775V|Ceratitis_capitata|AHE_212_S47_merged_SPM|NODE_912_length_798_cov_6.647712_S,0.4765083707054157,0.9243356587207371,0.15236772024884548,Pass
EOG7W775V|Ceratitis_capitata|JSM_4904_S2_SPM|NODE_1835_length_697_cov_58.694737_R,0.5101259242944678,0.9243356587207371,0.15236772024884548,Pass
EOG7W775V|Musca_domestica|AHE_169_S19_merged_SPM|NODE_81954_length_246_cov_0.781065_R,0.32714232825033684,0.8131689297525574,0.20444757974852273,Pass
EOG7W775V|Ceratitis_capitata|AHE_175_S40_merged_SPM|NODE_31236_length_261_cov_0.701087_S,0.23173428249464648,0.6194295584765758,0.1470646811900604,Pass
EOG7W775V|Drosophila_ficusphila|AHE_181_S51_merged_SPM|NODE_2369_length_267_cov_1.157895_R,0.5144926822450562,0.9054567948229919,0.15683288922725536,Pass
EOG7W775V|Ceratitis_capitata|AHE_182_S27_merged_SPM|NODE_1161_length_930_cov_4.976553_S,0.549570067176923,0.8851939593269573,0.12463320536702094,Pass
EOG7W775V|Ceratitis_capitata|AHE_184_S38_merged_SPM|NODE_29996_length_736_cov_23.520486_R,0.48053104210817416,0.8364061088533857,0.12425944081011786,Pass
EOG7W775V|Drosophila_melanogaster|AHE_188_S54_merged_SPM|NODE_54615_length_451_cov_6.491979_R,0.13934619754818833,0.5331823531557677,0.15391360549319855,Pass
EOG7W775V|Ceratitis_capitata|JSM_9557_S16_SPM|NODE_7237_length_161_cov_37.000000_R,0.13681592039800994,0.5331823531557677,0.15391360549319855,Pass
EOG7W775V|Musca_domestica|AHE_36_S19_merged_SPM|NODE_103521_length_372_cov_0.989831_R,0.29359386880438215,0.7195722245400676,0.18174983091540153,Pass
EOG7W775V|Musca_domestica|AHE_189_S21_merged_SPM|NODE_126414_length_544_cov_0.901499_R,0.311301799201736,0.7195722245400676,0.18174983091540153,Pass
EOG7W775V|Musca_domestica|AHE_283_S23_SPM|NODE_144441_length_246_cov_0.875740_R,0.29470850597575976,0.7195722245400676,0.18174983091540153,Pass
EOG7W775V|Glossina_morsitans|AHE_190_S36_merged_SPM|NODE_29649_length_263_cov_1.193548_S,0.5147482944577526,1.1297856069188779,0.25617367108566513,Pass
EOG7W775V|Bactrocera_dorsalis|AHE_194_S22_merged_SPM|NODE_53083_length_302_cov_1.262222_R,0.38941231744212046,0.8067962816104125,0.18340041554377234,Pass
EOG7W775V|Ceratitis_capitata|AHE_200_S63_merged_SPM|NODE_4789_length_255_cov_0.724719_R,0.27166511889999206,0.5778803549061188,0.13699144970255245,Pass
EOG7W775V|Drosophila_ficusphila|AHE_203_S24_merged_SPM_1|NODE_30597_length_262_cov_0.767568_R,0.5090282043177928,0.903374514649456,0.15298543070423354,Pass
EOG7W775V|Glossina_morsitans|AHE_206_S46_merged_SPM|NODE_2116_length_255_cov_0.764045_R,0.289602931535476,0.8052053373370988,0.19028540645613123,Pass
EOG7W775V|Ceratitis_capitata|AHE_29_S32_merged_SPM|NODE_656_length_843_cov_19.503916_S,0.5343959223736823,0.9081682436571917,0.13429541100619447,Pass
EOG7W775V|Ceratitis_capitata|AHE_213_S29_merged_SPM|NODE_989_length_1062_cov_7.701523_S,0.5020411631041557,0.9081682436571917,0.13429541100619447,Pass
EOG7W775V|Ceratitis_capitata|AHE_30_S57_merged_SPM|NODE_465_length_1160_cov_13.867959_S,0.4775842296664218,0.9081682436571917,0.13429541100619447,Pass
EOG7W775V|Ceratitis_capitata|AHE_23_S35_merged_SPM|NODE_1640_length_777_cov_8.172857_S,0.5229921047196117,1.0698604338932032,0.20723321586883403,Pass
EOG7W775V|Musca_domestica|AHE_252_S17_SPM|NODE_19541_length_424_cov_0.694524_S,0.47156040887424283,0.8241411964926096,0.16078026332548934,Pass
EOG7W775V|Ceratitis_capitata|AHE_252_S17_SPM_1|NODE_1954_length_835_cov_9.939314_S,0.5528460437785211,0.9573218535785025,0.1702520719807954,Pass
EOG7W775V|Ceratitis_capitata|AHE_254_S17_SPM|NODE_1462_length_895_cov_19.696822_S,0.5218994196554365,1.5047258290141499,0.41853012838414294,Pass
EOG7W775V|Ceratitis_capitata|AHE_255_S18_SPM|NODE_66597_length_783_cov_15.036827_R,0.1926328502415459,0.47097197684098063,0.10631990259296537,Pass
EOG7W775V|Ceratitis_capitata|AHE_258_S17_SPM|NODE_4164_length_826_cov_16.853138_S,0.5394460412557419,1.1516302851579194,0.24518331064034726,Pass
EOG7W775V|Ceratitis_capitata|AHE_256_S19_SPM|NODE_7664_length_634_cov_6.021544_R,0.5340694472278884,1.1516302851579194,0.24518331064034726,Pass
EOG7W775V|Drosophila_ficusphila|AHE_259_S18_SPM_1|NODE_116837_length_340_cov_0.844106_R,0.5311710979320268,0.8931199531127899,0.15168147236618734,Pass
EOG7W775V|Ceratitis_capitata|JSM_10605_S1_SPM|NODE_3111987_length_390_cov_1265_AU,0.27582671957671956,0.5897941468253969,0.13199404761904765,Pass
EOG7W775V|Ceratitis_capitata|AHE_263_S22_SPM|NODE_54986_length_683_cov_3.896040_R,0.235176917989418,0.5897941468253969,0.13199404761904765,Pass
EOG7W775V|Ceratitis_capitata|AHE_5_S56_merged_SPM|NODE_1941_length_395_cov_2.245283_S,0.235176917989418,0.5897941468253969,0.13199404761904765,Pass
EOG7W775V|Ceratitis_capitata|CNC102312_S62_SPM|NODE_12981_length_265_cov_3043_AU,0.235176917989418,0.5897941468253969,0.13199404761904765,Pass
EOG7W775V|Ceratitis_capitata|JSM_1944_S2_SPM|NODE_20360_length_289_cov_5.259259_R,0.2423649247081755,0.5897941468253969,0.13199404761904765,Pass
EOG7W775V|Glossina_morsitans|AHE_264_S21_SPM|NODE_53037_length_285_cov_0.711538_S,0.39243637042387164,0.6542199825469724,0.1579786522052154,Pass
EOG7W775V|Ceratitis_capitata|AHE_266_S26_SPM|NODE_1358_length_1517_cov_21.672222_S,0.4898228493572597,0.898554380189296,0.12724905507699447,Pass
EOG7W775V|Ceratitis_capitata|AHE_90_S49_merged_SPM|NODE_290_length_1483_cov_2.389047_S,0.5075896368205668,0.898554380189296,0.12724905507699447,Pass
EOG7W775V|Musca_domestica|AHE_267_S19_SPM|NODE_35057_length_313_cov_0.940678_R,0.4962259566921921,0.8455209169188809,0.16215949313825395,Pass
EOG7W775V|Ceratitis_capitata|AHE_268_S20_SPM|NODE_1274_length_993_cov_5.110262_S,0.45696917259408915,0.8078877411576013,0.1161115423857424,Pass
EOG7W775V|Ceratitis_capitata|AHE_7_S39_merged_SPM|NODE_1140_length_785_cov_10.048023_S,0.46875720278841077,0.8078877411576013,0.1161115423857424,Pass
EOG7W775V|Ceratitis_capitata|JSM_8315_S13_SPM|NODE_38_length_2044_cov_70.910276_S,0.4775896467407075,0.894210464697721,0.12847771918236683,Pass
EOG7W775V|Ceratitis_capitata|AHE_279_S25_SPM_1|NODE_75445_length_876_cov_12.977472_R,0.5003976009205958,0.894210464697721,0.12847771918236683,Pass
EOG7W775V|Ceratitis_capitata|AHE_269_S23_SPM|NODE_37786_length_674_cov_1.110553_R,0.5070444026914117,0.894210464697721,0.12847771918236683,Pass
EOG7W775V|Ceratitis_capitata|AHE_270_S22_SPM|NODE_69434_length_721_cov_12.978261_R,0.5299180138172447,0.8448111995976901,0.1178277835833883,Pass
EOG7W775V|Drosophila_ficusphila|AHE_271_S21_SPM|NODE_25387_length_468_cov_0.629156_S,0.42085508534633825,0.8067659767995501,0.15928527287032318,Pass
EOG7W775V|Ceratitis_capitata|AHE_271_S21_SPM_1|NODE_18320_length_521_cov_1.000000_S,0.53043390029161,1.064776360537499,0.21133970806402436,Pass
EOG7W775V|Glossina_morsitans|AHE_53_S32_merged_SPM|NODE_31997_length_234_cov_1.414013_R,0.23552079072061494,0.6147237222467169,0.1526833369056826,Pass
EOG7W775V|Lucilia_sericata|AHE_272_S22_SPM|NODE_22692_length_233_cov_0.737179_R,0.27649301402025034,0.6147237222467169,0.1526833369056826,Pass
EOG7W775V|Ceratitis_capitata|AHE_274_S21_SPM|NODE_2403_length_685_cov_11.825658_S,0.2428490570365128,0.5987385789764512,0.13861909338571965,Pass
EOG7W775V|Ceratitis_capitata|CNC485316_S92_SPM|NODE_7088_length_194_cov_711_A,0.2626070700577451,0.5987385789764512,0.13861909338571965,Pass
EOG7W775V|Ceratitis_capitata|JSS42569_S72_SPM|NODE_363_length_263_cov_1906_AU,0.22605178271867055,0.5987385789764512,0.13861909338571965,Pass
EOG7W775V|Ceratitis_capitata|AHE_275_S22_SPM|NODE_2368_length_908_cov_37.027677_S,0.5285848534701305,0.93525,0.14500000000000002,Pass
EOG7W775V|Ceratitis_capitata|AHE_47_S27_merged_SPM|NODE_1636_length_955_cov_25.561503_S,0.4868545395406727,0.93525,0.14500000000000002,Pass
EOG7W775V|Glossina_morsitans|AHE_275_S22_SPM_1|NODE_82098_length_292_cov_1.376744_R,0.26081969512744835,0.6453126386292342,0.15762186358430696,Pass
EOG7W775V|Ceratitis_capitata|AHE_277_S24_SPM|NODE_1667_length_978_cov_14.302997_S,0.5989492927733653,1.285765675940734,0.2618010264215572,Pass
EOG7W775V|Drosophila_ficusphila|JSM12015_S64_SPM_1|NODE_334374_length_235_cov_410_AU,0.3703325450102914,0.7828879658071505,0.16759191066451484,Pass
EOG7W775V|Drosophila_ficusphila|AHE_279_S25_SPM|NODE_16651_length_266_cov_0.783069_R,0.3892379048719794,0.7828879658071505,0.16759191066451484,Pass
EOG7W775V|Glossina_morsitans|AHE_281_S27_SPM|NODE_80170_length_343_cov_0.714286_R,0.2605498662911691,0.6239669285921412,0.1549808673106774,Pass
EOG7W775V|Ceratitis_capitata|AHE_33_S59_merged_SPM|NODE_662_length_766_cov_5.703919_S,0.5309442060171807,1.1135247761482407,0.22370751115940013,Pass
EOG7W775V|Ceratitis_capitata|AHE_281_S27_SPM_1|NODE_757_length_879_cov_5.567332_S,0.5235871346504121,1.1135247761482407,0.22370751115940013,Pass
EOG7W775V|Ceratitis_capitata|CNC866427_S83_SPM|NODE_959_length_731_cov_5.995033_S,0.5217609874019649,1.1135247761482407,0.22370751115940013,Pass
EOG7W775V|Glossina_morsitans|AHE_31_S49_merged_SPM|NODE_2294_length_235_cov_0.936709_R,0.24232726237381674,0.6473373716702958,0.16078764422783426,Pass
EOG7W775V|Ceratitis_capitata|AHE_31_S49_merged_SPM_1|NODE_894_length_865_cov_5.064721_S,0.5170899038641967,1.054070548712206,0.1992552915671424,Pass
EOG7W775V|Ceratitis_capitata|AHE_36_S19_merged_SPM_1|NODE_1146_length_1101_cov_22.431641_S,0.5126386293551665,0.9326042351914309,0.14217157049934703,Pass
EOG7W775V|Ceratitis_capitata|AHE_3_S23_merged_SPM|NODE_1504_length_895_cov_22.935208_S,0.18075980392156862,0.48966294481522166,0.12244609651469501,Pass
EOG7W775V|Ceratitis_capitata|JSS19037_S73_SPM|NODE_49891_length_168_cov_561_AU,0.17156862745098037,0.48966294481522166,0.12244609651469501,Pass
EOG7W775V|Ceratitis_capitata|AHE_37_S59_merged_SPM|NODE_22501_length_350_cov_1.351648_R,0.20652910454356513,0.48966294481522166,0.12244609651469501,Pass
EOG7W775V|Glossina_morsitans|CAKKXW01|CAKKXW010000002.1_5279,0.274570873969868,0.6639235776277723,0.16490678238508516,Pass
EOG7W775V|Glossina_morsitans|AHE_51_S42_merged_SPM|NODE_39719_length_270_cov_0.766839_S,0.254118067646876,0.6639235776277723,0.16490678238508516,Pass
EOG7W775V|Ceratitis_capitata|AHE_51_S42_merged_SPM_1|NODE_73312_length_996_cov_15.807399_R,0.47213931726520786,0.8957891871436678,0.12956649328301983,Pass
EOG7W775V|Glossina_morsitans|CAJVQV01|CAJVQV010000027.1_449,0.39975638521571766,0.7893374858306582,0.15325173533210557,Pass
EOG7W775V|Glossina_morsitans|AHE_58_S43_merged_SPM|NODE_3249_length_595_cov_0.826255_S,0.4273348283780307,0.7893374858306582,0.15325173533210557,Pass
EOG7W775V|Ceratitis_capitata|AHE_58_S43_merged_SPM_1|NODE_495_length_1373_cov_20.935185_S,0.5269122276976224,0.9999073424480196,0.2277113114164513,Pass
EOG7W775V|Bactrocera_dorsalis|JSM_6163_S11_SPM|NODE_407196_length_276_cov_504_AU,0.3602693958330094,0.8063766200652979,0.18132114153295908,Pass
EOG7W775V|Bactrocera_dorsalis|AHE_63_S36_merged_SPM|NODE_46620_length_308_cov_0.839827_S,0.3706345673089448,0.8063766200652979,0.18132114153295908,Pass
EOG7W775V|Ceratitis_capitata|AHE_64_S44_merged_SPM|NODE_5379_length_607_cov_1.675472_S,0.41678415488595205,0.6996628385130125,0.105671921119884,Pass
EOG7W775V|Drosophila_ficusphila|AHE_70_S45_merged_SPM_1|NODE_73435_length_265_cov_0.930851_R,0.4870536311659051,0.8897117443481596,0.14969579998695193,Pass
EOG7W775V|Ceratitis_capitata|AHE_72_S37_merged_SPM|NODE_1884_length_920_cov_20.118624_S,0.5125040105941313,0.9021722744772699,0.13567583048066023,Pass
EOG7W775V|Ceratitis_capitata|AHE_76_S32_merged_SPM|NODE_871_length_952_cov_14.997714_S,0.5037617895538861,0.9055543293485481,0.13946929705574407,Pass
EOG7W775V|Musca_domestica|AHE_92_S10_merged_SPM|NODE_17203_length_265_cov_0.787234_R,0.2626883356710968,0.6727515239191747,0.167473688380177,Pass
EOG7W775V|Ceratitis_capitata|AHE_92_S10_merged_SPM_1|NODE_8456_length_556_cov_3.638831_R,0.5135300948219683,0.8884447582554623,0.1415801333489729,Pass
EOG7W775V|Drosophila_melanogaster|AHE_97_S49_merged_SPM|NODE_1595_length_632_cov_14.497297_S,0.16851607615100692,0.5024280174787035,0.14055930772559155,Pass
EOG7W775V|Ceratitis_capitata|CNC1054967_II_S79_SPM|NODE_214_length_291_cov_2.804878_R,0.2559532688815171,0.6565348996741553,0.15357571600068598,Pass
EOG7W775V|Ceratitis_capitata|JSS18765_S51_SPM|NODE_6972_length_173_cov_508_A,0.200709219858156,0.5473373160768604,0.1551351805027823,Pass
EOG7W775V|Ceratitis_capitata|CNC1059123_S33_SPM|NODE_2052_length_280_cov_5.124183_R,0.1910949706285227,0.5473373160768604,0.1551351805027823,Pass
EOG7W775V|Ceratitis_capitata|JSM_4774_S13_SPM|NODE_125903_length_237_cov_414_AU,0.1843971631205674,0.5473373160768604,0.1551351805027823,Pass
EOG7W775V|Ceratitis_capitata|CNC590663_S23_SPM|NODE_4052_length_173_cov_677_A,0.1843971631205674,0.5473373160768604,0.1551351805027823,Pass
EOG7W775V|Ceratitis_capitata|CNC1531678_S31_SPM|NODE_2117_length_371_cov_3.676230_R,0.37338637232845834,0.6483081431908013,0.10122095460534197,Pass
EOG7W775V|Ceratitis_capitata|CNC254465_S69_SPM|NODE_9594_length_192_cov_593_A,0.22446321280733864,0.5254103343465046,0.11707654048079585,Pass
EOG7W775V|Ceratitis_capitata|CNC457410_S40_SPM|NODE_108503_length_131_cov_380_A,0.22081218274111672,0.6078452427437199,0.1518677599895874,Pass
EOG7W775V|Bactrocera_dorsalis|CNC464825_S42_SPM|NODE_1356_length_433_cov_0.960784_S,0.39900679226188396,0.8362857352635251,0.17831618105948438,Pass
EOG7W775V|Bactrocera_oleae|CNC484014_S2_SPM|NODE_112958_length_158_cov_256_AU,0.4732775609363532,0.8849760289278022,0.16385649859830165,Pass
EOG7W775V|Bactrocera_dorsalis|CNC485058_S23_SPM|NODE_17147_length_154_cov_248_AU,0.44517382009389106,0.7909740990618329,0.14937269718051066,Pass
EOG7W775V|Hermetia_illucens|JSM_6006_S14_SPM_1|NODE_77641_length_513_cov_3.963731_S,0.5239985652557186,0.8896997064746685,0.15537436169365926,Pass
EOG7W775V|Glossina_morsitans|CNC485132_S85_SPM|NODE_131830_length_220_cov_380_AU,0.5218187219708661,0.8896997064746685,0.15537436169365926,Pass
EOG7W775V|Glossina_morsitans|CNC_Dip12307_S33_SPM|NODE_16142_length_271_cov_482_AU,0.37907759644882066,0.7838531348322088,0.16750350427465144,Pass
EOG7W775V|Glossina_morsitans|CNC_Dip12532_S77_SPM|NODE_51724_length_163_cov_266_AU,0.4276863687918797,0.7680014999510943,0.13593803777881558,Pass
EOG7W775V|Ceratitis_capitata|JSM12015_S64_SPM|NODE_356_length_716_cov_35.606112_g353_i0_R,0.5194916083836896,0.8763999746316108,0.12519968807049542,Pass
EOG7W775V|Ceratitis_capitata|JSS_42447_S54_SPM|NODE_580_length_151_cov_4.000000_R,0.18098057073466908,0.4505441712204006,0.13055555555555548,Pass
EOG7W775V|Ceratitis_capitata|JSM12800_S50_SPM|NODE_4619_length_129_cov_198_A,0.17095874971067435,0.4505441712204006,0.13055555555555548,Pass
EOG7W775V|Ceratitis_capitata|JSM_4776_S1_SPM|NODE_1381_length_397_cov_7.670370_R,0.1498404935140738,0.4505441712204006,0.13055555555555548,Pass
EOG7W775V|Ceratitis_capitata|JSM_10506_S5_SPM|NODE_166308_length_772_cov_50.043411_R,0.491891393379512,0.936060673955906,0.14628594915662796,Pass
EOG7W775V|Bactrocera_dorsalis|JSM_10506_S5_SPM_1|NODE_2372195_length_256_cov_955_AU,0.359982246843527,0.7920490471090569,0.18285392551797514,Pass
EOG7W775V|Glossina_morsitans|JSM_10540_S15_SPM|NODE_12854_length_836_cov_1.290550_R,0.32601652387288915,nan,nan,Fail
EOG7W775V|Scaptodrosophila_lebanonensis|JSM_10611_S9_SPM|NODE_334_length_1470_cov_77.865972_S,0.48489242688735323,0.9626119073875118,0.18899744901425802,Pass
EOG7W775V|Hermetia_illucens|JSM_10699_S3_SPM|NODE_23812_length_876_cov_1.915888_S,0.46866397896563733,nan,nan,Fail
EOG7W775V|Bactrocera_dorsalis|JSM_11142_S4_SPM|NODE_149495_length_234_cov_2.299065_R,0.3849153535545031,0.7466794481475665,0.1656516772737615,Pass
EOG7W775V|Hermetia_illucens|JSM_11249_S5_SPM|NODE_7134_length_891_cov_2.357330_R,0.42353504519297447,nan,nan,Fail
EOG7W775V|Drosophila_melanogaster|JSM_11249_S5_SPM_1|NODE_152573_length_583_cov_1.625000_R,0.2187702644703649,0.5553913569824709,0.14487986625925225,Pass
EOG7W775V|Zeugodacus_cucurbitae|JSM_11384_S6_SPM|NODE_2851_length_889_cov_1.370079_R,0.40552383382916884,nan,nan,Fail
EOG7W775V|Ceratitis_capitata|JSM_6055_S7_SPM_1|NODE_4732_length_455_cov_0.881098_R,0.29139779525441956,0.6471274040810265,0.14877162744707212,Pass
EOG7W775V|Ceratitis_capitata|JSM_11384_S6_SPM_1|NODE_37653_length_819_cov_2.054913_S,0.250450266935122,0.6471274040810265,0.14877162744707212,Pass
EOG7W775V|Ceratitis_capitata|JSM_5812_S4_SPM|NODE_22787_length_461_cov_1.314371_S,0.2603478019545652,0.6471274040810265,0.14877162744707212,Pass
EOG7W775V|Musca_domestica|JSM_11396_S7_SPM|NODE_17079_length_716_cov_0.791171_S,0.40178086948355973,0.8069595819213471,0.16017468481281838,Pass
EOG7W775V|Drosophila_melanogaster|JSM_11457_S8_SPM|NODE_169918_length_537_cov_1.207317_R,0.574110365980215,0.8394486744892504,0.1515917582684485,Pass
EOG7W775V|Anopheles_stephensi|JSM_11685_S10_SPM|NODE_141871_length_262_cov_2.118519_R,0.5307028245558966,nan,nan,Fail
EOG7W775V|Glossina_morsitans|JSM_11804_S12_SPM|NODE_1447_length_2394_cov_3.010587_S,0.46922190637250294,nan,nan,Fail
EOG7W775V|Bactrocera_oleae|JSM_11807_S13_SPM|NODE_1063810_length_897_cov_2374_AU,0.4995388835659726,0.9036928334913851,0.16176453551750614,Pass
EOG7W775V|Musca_domestica|JSM_11807_S13_SPM_1|NODE_2899646_length_233_cov_498_AU,0.2102807524548486,nan,nan,Fail
EOG7W775V|Bactrocera_dorsalis|JSM_6043_S6_SPM|NODE_4696_length_440_cov_1.169329_S,0.3576876065897676,nan,nan,Fail
EOG7W775V|Glossina_morsitans|JSM_6055_S7_SPM|NODE_971105_length_294_cov_532_AU,0.3712667500024378,nan,nan,Fail
EOG7W775V|Ceratitis_capitata|JSM_6055_S7_SPM_2|NODE_9084_length_906_cov_0.752246_S,0.5841769592593591,1.0500345918040357,0.19724205404045358,Pass
EOG7W775V|Zeugodacus_cucurbitae|JSM_6145_S8_SPM|NODE_1557767_length_278_cov_931_AU,0.4614850173556227,0.8073617588373208,0.13790997893698265,Pass
EOG7W775V|Glossina_morsitans|JSM_6152_S9_SPM|NODE_40778_length_403_cov_2.141304_R,0.3564176893913054,nan,nan,Fail
EOG7W775V|Glossina_morsitans|JSS17104_S21_SPM|NODE_2945_length_463_cov_0.851190_S,0.3544712465109919,nan,nan,Fail
EOG7W775V|Glossina_morsitans|JSM_6153_S10_SPM|NODE_1573136_length_156_cov_308_AU,0.38447613770873185,0.7713128306878307,0.1836640211640212,Pass
EOG7W775V|Bactrocera_oleae|JSM_6258_S12_SPM|NODE_183147_length_167_cov_274_AU,0.5660418505209134,0.9562829645549795,0.16855380954725308,Pass
EOG7W775V|Glossina_morsitans|JSM_6310_S13_SPM|NODE_23656_length_456_cov_1.003040_S,0.24516057681026213,nan,nan,Fail
EOG7W775V|Ceratitis_capitata|JSM_6314_S15_SPM|NODE_50758_length_676_cov_85.859745_R,0.554210417849106,1.130850793252916,0.23271005401962985,Pass
EOG7W775V|Hermetia_illucens|JSM_642_S1_SPM|NODE_1309455_length_181_cov_302_AU,0.3602237261458778,0.7505339610279128,0.1699104009856901,Pass
EOG7W775V|Ceratitis_capitata|JSM_6608_S1_SPM|NODE_144900_length_170_cov_280_AU,0.18716931216931215,0.5350204667390803,0.15053763865573877,Pass
EOG7W775V|Ceratitis_capitata|JSM_6712_S3_SPM|NODE_19308_length_683_cov_47.154676_R,0.41453618384187335,0.5992682622036297,0.06808453971724765,Pass
EOG7W775V|Musca_domestica|JSM_7804_S15_SPM|NODE_50740_length_221_cov_2.287234_R,0.3187867923558888,0.7592998917376018,0.19025184039037002,Pass
EOG7W775V|Ceratitis_capitata|JSM_7821_S9_SPM_1|NODE_2082_length_1154_cov_71.641675_S,0.4751713704498615,0.8766807702270963,0.12523098178050263,Pass
EOG7W775V|Ceratitis_capitata|JSM_8355_S10_SPM|NODE_704_length_738_cov_10.279869_S,0.35967302452316074,0.6605096418732782,0.11294765840220383,Pass
EOG7W775V|Musca_domestica|JSM_8424_S12_SPM_1|NODE_252688_length_199_cov_338_AU,0.23259058649797282,0.6389273723788398,0.15527432360080667,Pass
EOG7W775V|Glossina_morsitans|JSM_8601_S5_SPM|NODE_37246_length_1491_cov_93.964076_R,0.47989554019042696,0.8378931519597024,0.12528498777999142,Pass
EOG7W775V|Ceratitis_capitata|JSM_9724_S16_SPM|NODE_723541_length_229_cov_398_AU,0.278789430391988,0.5427349258129012,0.1221824686940966,Pass
EOG7W775V|Bactrocera_dorsalis|JSS17021_S19_SPM|NODE_45915_length_105_cov_150_AU,0.28195476668455044,0.7518056962737815,0.19222109647641566,Pass
EOG7W775V|Glossina_morsitans|JSS17053_S20_SPM|NODE_132590_length_166_cov_272_AU,0.5182834154144691,0.8836955359247337,0.1593635243372874,Pass
EOG7W775V|Ceratitis_capitata|JSS17803_S32_SPM|NODE_51995_length_166_cov_272_AU,0.281307017005341,0.5833185991268618,0.1204401460121799,Pass
EOG7W775V|Scaptodrosophila_lebanonensis|JSS19038_S79_SPM|NODE_105012_length_141_cov_222_AU,0.42154882154882156,0.843936183243508,0.1964110730034297,Pass
EOG7W775V|Ceratitis_capitata|JSS50551_S55_SPM|NODE_42917_length_110_cov_414_AU,0.154969061070756,0.4658343074225598,0.1350574712643678,Pass
EOG7W775V|Ceratitis_capitata|JSS_29946_S53_SPM|NODE_576_length_194_cov_2.238806_R,0.20910887323306562,0.4875062814070352,0.10771972105425087,Pass
EOG7W775V|Ceratitis_capitata|JSS_42606_S56_SPM|NODE_1562_length_142_cov_242_A,0.2284961563658445,0.48539234459404984,0.09696242844473113,Pass
EOG7W775V|Ceratitis_capitata|LEM_0014396_S65_SPM|NODE_313_length_132_cov_1071_AU,0.20265075531548585,0.43146333057772557,0.08618289878407004,Pass
EOG7W775V|Ceratitis_capitata|QM_REG_NO_T221129_S36_SPM|NODE_2669_length_226_cov_786_AU,0.2011449527164169,0.4954926772477128,0.11294018974706177,Pass
EOG7W775V|Ceratitis_capitata|Sample_487784_S4_SPM|NODE_11118_length_572_cov_1.305618_S,0.49259293138728394,1.1051441267066267,0.23911653822368117,Pass
EOG7W775V|Glossina_morsitans|Sample_655211_S1_SPM|NODE_24738_length_460_cov_1.855856_S,0.32619312251526417,nan,nan,Fail
EOG7W775V|Ceratitis_capitata|ZFMK_DIP_00061255_S34_SPM|NODE_2547_length_281_cov_665_AU,0.18958333333333333,0.5735748554741046,0.1603283866738185,Pass
EOG7W775V|Musca_domestica|ZMFK_18031_S11_SPM|NODE_851506_length_276_cov_492_AU,0.30669550507412446,0.740477382344835,0.17920012245960182,Pass
EOG7W775V|Drosophila_melanogaster|JXPC01.1|JXPC01044890.1,0.4152189381261166,nan,nan,Fail
EOG7W775V|Glossina_morsitans|CAJHUG01.1|CAJHUG010000045.1_5216,0.39962607293227376,nan,nan,Fail
EOG7W775V|Glossina_morsitans|CAKAIX01.1|CAKAIX010000373.1_4,0.40817707940826903,nan,nan,Fail
EOG7W775V|Glossina_morsitans|CAJHUJ01.1|CAJHUJ010000022.1_1380,0.4365047761426072,nan,nan,Fail
EOG7W775V|Glossina_morsitans|CAJZLI01|CAJZLI010000470.1_797,0.43863339271572516,nan,nan,Fail
EOG7W775V|Drosophila_ficusphila|CAJNIT01|CAJNIT010000196.1_428,0.4168560085785328,nan,nan,Fail
EOG7W775V|Drosophila_ficusphila|CAKJUZ01.1|CAKJUZ010001757.1_6,0.4221304723982716,nan,nan,Fail
EOG7W775V|Drosophila_ficusphila|CAJMZT01.1|CAJMZT010000106.1_374,0.42104067493248515,nan,nan,Fail
EOG7W775V|Bactrocera_oleae|CAJVCN01|CAJVCN010000679.1_107,0.3956862198850994,0.7822654545175171,0.15114070291929738,Pass
EOG7W775V|Ceratitis_capitata|CAKKTD01|CAKKTD010002316.1_878,0.49688373764093413,0.9307929851542404,0.17667712914345823,Pass
EOG7W775V|Drosophila_ficusphila|CAKKTD01_1|CAKKTD010002316.1_877,0.4417483136194556,0.8423907680093305,0.15136726288746255,Pass
EOG7W775V|Bactrocera_dorsalis|CAKKXW01_1|CAKKXW010000002.1_5280,0.4682943879774295,0.8513859656979559,0.16029435912172751,Pass
EOG7W775V|Drosophila_ficusphila|CAJSMD01.1|CAJSMD010000072.1_639,0.3885687884238077,nan,nan,Fail
EOG7W775V|Musca_domestica|CAKAJG01.1|CAKAJG010000474.1_192,0.4041614287880876,0.8039973935034596,0.15695284493536776,Pass
EOG7W775V|Ceratitis_capitata|CAJSMG01_1|CAJSMG010000310.1_142,0.5111116479753738,0.9243433583959898,0.1394486215538846,Pass
EOG7W775V|Ceratitis_capitata|CAKLPK01.1_1|CAKLPK010000005.1_1176,0.5540190925704127,0.9899140229430741,0.15158141738009556,Pass
EOG7W775V|Glossina_morsitans|GCFU01.1|GCFU01013486.1,0.4694302758261053,0.7746546389568413,0.14604550957311385,Pass
EOG7W775V|Zeugodacus_cucurbitae|GCMS01.1|GCMS01016311.1,0.4361046512905832,nan,nan,Fail
EOG7W775V|Zeugodacus_cucurbitae|GCNJ01.1|GCNJ01007981.1,0.43053657540365625,nan,nan,Fail
EOG7W775V|Hermetia_illucens|JSM_6006_S14_SPM|NODE_97570_length_1100_cov_1.964029_R,0.3098626688008782,nan,nan,Fail
