EOG71W4CN|Lucilia_sericata|130501_249_44|s7326_L_17208_0_a_57_7_l_2220,0.2256426359263814,0.7362452259459014,0.23626549016719056,Pass
EOG71W4CN|Teleopsis_dalmanni|131012_246_93|s5349_L_23944_0_a_34_4_l_2116,0.22855494291056203,0.7362452259459014,0.23626549016719056,Pass
EOG71W4CN|Hermetia_illucens|GCMC01.1|GCMC01020371.1,0.288273611254523,0.7362452259459014,0.23626549016719056,Pass
EOG71W4CN|Lucilia_sericata|GCFJ01.1|GCFJ01024553.1,0.20483523619975885,0.7554738373336756,0.24337911265134982,Pass
EOG71W4CN|Lucilia_sericata|GIFF01.1|GIFF01025833.1,0.18961093414052083,0.7554738373336756,0.24337911265134982,Pass
EOG71W4CN|Lucilia_sericata|130608_189_16|C144791_a_46_0_l_1838,0.2157822591126651,0.7554738373336756,0.24337911265134982,Pass
EOG71W4CN|Musca_domestica|120126_283_11|C127295_a_60_0_l_1894,0.22543209107625814,0.7415872594661016,0.2381399005492254,Pass
EOG71W4CN|Lucilia_sericata|130919_247_37|s3508_L_4876_1_a_50_9_l_1859,0.2266760488344697,0.7415872594661016,0.2381399005492254,Pass
EOG71W4CN|Musca_domestica|130928_232_84|C57740_a_34_0_l_1815,0.22246861357465733,0.7382934364534912,0.23652452352862752,Pass
EOG71W4CN|Musca_domestica|CAJSMD01.1|CAJSMD010000089.1_776,0.2170992787932643,0.7382934364534912,0.23652452352862752,Pass
EOG71W4CN|Lucilia_sericata|130928_232_71|s6607_L_15068_0_a_62_5_l_2058,0.22068955133439103,0.7382934364534912,0.23652452352862752,Pass
EOG71W4CN|Musca_domestica|CAJNIT01|CAJNIT010000100.1_820,0.22000372706401947,0.7382934364534912,0.23652452352862752,Pass
EOG71W4CN|Lucilia_sericata|GAVA02.1|GAVA02000972.1,0.19279834542366267,0.7630330312619348,0.24611561005436766,Pass
EOG71W4CN|Rhagoletis_pomonella|130314_269_33|s5636_L_19461_0_a_37_7_l_3386,0.19740771253341738,0.7630330312619348,0.24611561005436766,Pass
EOG71W4CN|Teleopsis_dalmanni|CAJZBV01|CAJZBV010000106.1_351,0.22266393920364125,0.7476679053124139,0.24041102816023185,Pass
EOG71W4CN|Teleopsis_dalmanni|120823_263_57|s6356_L_9522_1_a_46_7_l_1860,0.26048158591227705,0.7476679053124139,0.24041102816023185,Pass
EOG71W4CN|Lucilia_sericata|130919_247_17|s4121_L_9318_0_a_30_1_l_2054,0.22669550706800898,0.7476679053124139,0.24041102816023185,Pass
EOG71W4CN|Lucilia_sericata|130919_247_21|s6870_L_10868_0_a_59_5_l_1856,0.22524584184380492,0.744810635762489,0.23944357661935134,Pass
EOG71W4CN|Lucilia_sericata|GAZD02.1|GAZD02028311.1,0.22085219357940084,0.7511799721566139,0.2421712490846124,Pass
EOG71W4CN|Lucilia_sericata|130928_232_22|s414_L_311_0_a_100_8_l_1853,0.25671966153823916,0.7511799721566139,0.2421712490846124,Pass
EOG71W4CN|Lucilia_sericata|130919_247_44|C100782_a_30_0_l_1011,0.2654413696595492,0.7837041523688971,0.26247243455989233,Pass
EOG71W4CN|Hermetia_illucens|130919_247_44_1|C100286_a_14_0_l_971,0.2439838574745836,0.6835359908539873,0.20848163247697316,Pass
EOG71W4CN|Lucilia_sericata|GCFV01.1|GCFV01019757.1,0.22116985593528263,0.7548704772358762,0.243724835577256,Pass
EOG71W4CN|Lucilia_sericata|GCGS01.1|GCGS01015681.1,0.21448300734499892,0.7548704772358762,0.243724835577256,Pass
EOG71W4CN|Lucilia_sericata|GHEX01.1|GHEX01003053.1,0.19009801807346974,0.7548704772358762,0.243724835577256,Pass
EOG71W4CN|Lucilia_sericata|GIFR01.1|GIFR01061893.1,0.190129434031355,0.7548704772358762,0.243724835577256,Pass
EOG71W4CN|Rhagoletis_pomonella|130928_232_37|C116266_a_40_0_l_2204,0.2403408052878464,0.7548704772358762,0.243724835577256,Pass
EOG71W4CN|Lucilia_sericata|120429_266_9|C105975_a_39_0_l_1702_a,0.22414740722019302,0.7499460962414702,0.24146590353208608,Pass
EOG71W4CN|Lucilia_sericata|GIFH01.1|GIFH01026983.1,0.2020214000829873,0.7499460962414702,0.24146590353208608,Pass
EOG71W4CN|Lucilia_sericata|GIGQ01.1|GIGQ01010988.1,0.22057880143177536,0.7499460962414702,0.24146590353208608,Pass
EOG71W4CN|Lucilia_sericata|GIFM01.1|GIFM01016156.1,0.20944315193445542,0.7499460962414702,0.24146590353208608,Pass
EOG71W4CN|Lucilia_sericata|130928_232_126|C133567_a_34_0_l_1629,0.28184268596747775,0.744104466514076,0.2389565633445837,Pass
EOG71W4CN|Lucilia_sericata|130919_247_55|C106750_a_41_0_l_2283,0.2361127833788926,0.7541444493907766,0.239915017300386,Pass
EOG71W4CN|Lucilia_sericata|GCGH01.1|GCGH01017515.1,0.20164927238584798,0.7437091395013474,0.23981019232811895,Pass
EOG71W4CN|Lucilia_sericata|GCMY01.1|GCMY01086025.1,0.29342469657549575,0.7437091395013474,0.23981019232811895,Pass
EOG71W4CN|Hermetia_illucens|120707_249_19|C192202_a_20_0_l_1644,0.30261775628199594,0.7437091395013474,0.23981019232811895,Pass
EOG71W4CN|Lucilia_sericata|130919_247_71|s526_L_599_0_a_9_4_l_1782,0.25702306699697813,0.746703252489077,0.24014349129911539,Pass
EOG71W4CN|Hermetia_illucens|GIGR01.1|GIGR01016106.1,0.25188741943858045,0.7412061946871465,0.23841051433243932,Pass
EOG71W4CN|Lucilia_sericata|GCVD01.1|GCVD01019970.1,0.25381258173855054,0.7412061946871465,0.23841051433243932,Pass
EOG71W4CN|Lucilia_sericata|GCGW01.1|GCGW01057919.1,0.2501620308144276,0.7570537863546766,0.24419636836572767,Pass
EOG71W4CN|Lucilia_sericata|GCFU01.1|GCFU01013497.1,0.2397149675947188,0.7414841481363618,0.2384939735072994,Pass
EOG71W4CN|Lucilia_sericata|GCGG01.1|GCGG01000369.1,0.21542352133792014,0.7424684684684685,0.23832867350108733,Pass
EOG71W4CN|Lucilia_sericata|GCFF01.1|GCFF01018370.1,0.19838722704241762,0.7635488680279653,0.24281086895460458,Pass
EOG71W4CN|Lucilia_sericata|GCNB01.1|GCNB01009246.1,0.1911254546037288,0.7667897765123387,0.24534346020290587,Pass
EOG71W4CN|Lucilia_sericata|GCLW01.1|GCLW01019309.1,0.21371034560466198,0.7498970251716247,0.24164759725400453,Pass
EOG71W4CN|Lucilia_sericata|GCNK01.1|GCNK01073766.1,0.20121055469614982,0.76063091995295,0.24466817309478117,Pass
EOG71W4CN|Musca_domestica|GCFN01.1|GCFN01003838.1,0.201862212153912,0.7635488680279653,0.24281086895460458,Pass
EOG71W4CN|Musca_domestica|GCGQ01.1|GCGQ01024221.1,0.2027080959644448,0.8182645218496245,0.26994920297671643,Pass
EOG71W4CN|Scaptodrosophila_lebanonensis|GCGQ01.1_2|GCGQ01035156.1,0.16122095523620023,0.650071518411475,0.20329827660029975,Pass
EOG71W4CN|Teleopsis_dalmanni|GDDE01.1|GDDE01022843.1,0.33934095415741705,0.7466848746977094,0.2405593021744391,Pass
EOG71W4CN|Lucilia_sericata|GDDH01.1|GDDH01043161.1,0.20937997146366114,0.7476679053124139,0.24041102816023185,Pass
EOG71W4CN|Lucilia_sericata|GCNJ01.1|GCNJ01030255.1,0.217403016817182,0.7597133693601986,0.2455802221490374,Pass
EOG71W4CN|Lucilia_sericata|GCMS01.1|GCMS01015198.1,0.2882667056065525,0.7061815152116865,0.22904093121602265,Pass
EOG71W4CN|Lucilia_sericata|GIGO01.1|GIGO01016140.1,0.19391627087529884,0.7525187209674836,0.2425416466442416,Pass
EOG71W4CN|Lucilia_sericata|GDDC01.1|GDDC01031075.1,0.21904960170854007,0.7525187209674836,0.2425416466442416,Pass
EOG71W4CN|Lucilia_sericata|GIFO01.1|GIFO01050167.1,0.2172489222463098,0.7542341538595121,0.24304549795953811,Pass
EOG71W4CN|Lucilia_sericata|GIGP01.1|GIGP01019505.1,0.21356640753677006,0.7542341538595121,0.24304549795953811,Pass
EOG71W4CN|Lucilia_sericata|GIGW01.1|GIGW01024332.1,0.19545962544758724,0.7542341538595121,0.24304549795953811,Pass
EOG71W4CN|Lucilia_sericata|GIFT01.1|GIFT01036201.1,0.19563403737436127,0.7542341538595121,0.24304549795953811,Pass
EOG71W4CN|Lucilia_sericata|GIFS01.1|GIFS01034556.1,0.2088212069693687,0.7447257421718517,0.23936506957740677,Pass
EOG71W4CN|Lucilia_sericata|GIGT01.1|GIGT01018250.1,0.19575755555552463,0.7496529105587424,0.2415816868493733,Pass
EOG71W4CN|Lucilia_sericata|GIGU01.1|GIGU01064787.1,0.23239578874167874,0.7496529105587424,0.2415816868493733,Pass
EOG71W4CN|Lucilia_sericata|GHFF01.1|GHFF01004658.1,0.1963042149637362,0.7813096488943571,0.260943426161247,Pass
EOG71W4CN|Lucilia_sericata|GHFF01.1_1|GHFF01004476.1,0.1908455809379154,0.692557942829352,0.21166888208480783,Pass
EOG71W4CN|Lucilia_sericata|GIFE01.1|GIFE01021216.1,0.2281264461397106,0.7593317315383916,0.244120735419193,Pass
EOG71W4CN|Lucilia_sericata|GIGL01.1|GIGL01030650.1,0.20514726852644824,0.7626634365602497,0.24566899626835692,Pass
EOG71W4CN|Lucilia_sericata|GIGS01.1|GIGS01051583.1,0.22152484924078128,0.7820954231265862,0.24816045986761093,Pass
EOG71W4CN|Scaptodrosophila_lebanonensis|GIGS01.1_2|GIGS01058266.1,0.1975318900112788,0.6151111935421195,0.20808824828219674,Pass
EOG71W4CN|Lucilia_sericata|GIGM01.1|GIGM01039829.1,0.2773828745427247,0.7338175460126445,0.23475552450467962,Pass
EOG71W4CN|Rhagoletis_pomonella|GIGV01.1|GIGV01011606.1,0.2223492558951756,0.7595181462802171,0.2439662952162307,Pass
EOG71W4CN|Musca_domestica|GIFG01.1|GIFG01046276.1,0.19343771512191624,0.7546011065906105,0.24353906271845205,Pass
EOG71W4CN|Musca_domestica|AHE_106_S62_merged_SPM|NODE_6641_length_414_cov_0.902077_S,0.2256343663884973,0.7203871528409712,0.24513613365850107,Pass
EOG71W4CN|Scaptodrosophila_lebanonensis|AHE_107_S69_merged_SPM|NODE_42025_length_264_cov_0.791444_R,0.16802579200360998,0.5245937801950413,0.16964010001095742,Pass
EOG71W4CN|Drosophila_melanogaster|AHE_110_S11_merged_SPM|NODE_19568_length_151_cov_242_A,0.3030935203968502,0.9634507042253518,0.3145539906103285,Pass
EOG71W4CN|Scaptodrosophila_lebanonensis|AHE_111_S34_merged_SPM|NODE_8404_length_263_cov_0.795699_R,0.1671420100615542,0.6262698412698413,0.20952380952380956,Pass
EOG71W4CN|Scaptodrosophila_lebanonensis|AHE_116_S35_merged_SPM|NODE_27338_length_396_cov_1.021944_S,0.18132681537794684,0.6846610169491524,0.22975517890772124,Pass
EOG71W4CN|Teleopsis_dalmanni|AHE_119_S48_merged_SPM|NODE_9775_length_242_cov_1.296970_R,0.23122359695790223,0.8518897787948131,0.2906559877955759,Pass
EOG71W4CN|Teleopsis_dalmanni|AHE_120_S31_merged_SPM|NODE_45281_length_307_cov_1.286957_R,0.15346889362346472,0.6289481648349149,0.2165563064600542,Pass
EOG71W4CN|Scaptodrosophila_lebanonensis|AHE_123_S56_merged_SPM|NODE_70189_length_242_cov_0.896970_R,0.2053167927032768,0.7936825988412546,0.2702177642139201,Pass
EOG71W4CN|Scaptodrosophila_lebanonensis|AHE_124_S16_merged_SPM|NODE_18046_length_268_cov_0.769634_R,0.1795545534603912,0.5291314679339992,0.14213702141293327,Pass
EOG71W4CN|Lucilia_sericata|AHE_125_S6_merged_SPM|NODE_197782_length_128_cov_196_AU,0.1665398582625366,0.602906976744186,0.1813953488372093,Pass
EOG71W4CN|Hermetia_illucens|AHE_129_S7_merged_SPM|NODE_1046_length_151_cov_242_A,0.3383050816741957,0.8403374233128836,0.26082383873794923,Pass
EOG71W4CN|Drosophila_melanogaster|AHE_134_S14_merged_SPM|NODE_12963_length_233_cov_0.948718_R,0.2785263157894737,0.9094825977574515,0.3030772562936306,Pass
EOG71W4CN|Lucilia_sericata|AHE_136_S35_merged_SPM|NODE_18301_length_273_cov_0.755102_S,0.16175562986975214,0.5827614415661057,0.182525793125903,Pass
EOG71W4CN|Scaptodrosophila_lebanonensis|AHE_138_S13_merged_SPM|NODE_32560_length_271_cov_0.757732_S,0.21137976929545071,0.7970263732589364,0.26910337189011835,Pass
EOG71W4CN|Musca_domestica|AHE_13_S26_merged_SPM|NODE_42213_length_318_cov_1.224066_S,0.186182124213895,0.7097963824559569,0.24109243258179425,Pass
EOG71W4CN|Musca_domestica|AHE_13_S26_merged_SPM_1|NODE_101079_length_310_cov_1.128755_R,0.2330445137164854,0.8240298620943679,0.28057257364147237,Pass
EOG71W4CN|Musca_domestica|AHE_141_S15_merged_SPM|NODE_15590_length_419_cov_1.020468_S,0.21538965717712186,0.717948303557436,0.2455199028365459,Pass
EOG71W4CN|Musca_domestica|AHE_146_S23_merged_SPM|NODE_147398_length_117_cov_174_AU,0.29855487142088594,0.8850794455713319,0.3011928909494832,Pass
EOG71W4CN|Ceratitis_capitata|AHE_159_S64_merged_SPM|NODE_3734_length_258_cov_0.817680_R,0.18839389079026786,0.8047275595067392,0.2752390652967178,Pass
EOG71W4CN|Hermetia_illucens|AHE_15_S51_merged_SPM|NODE_5298_length_526_cov_0.770601_S,0.2606085961034115,0.9044009018137603,0.3215878001823893,Pass
EOG71W4CN|Lucilia_sericata|AHE_161_S18_merged_SPM|NODE_110357_length_240_cov_1.588957_R,0.16590465214422614,0.59375,0.18928571428571428,Pass
EOG71W4CN|Ceratitis_capitata|AHE_164_S19_merged_SPM|NODE_22006_length_236_cov_0.930818_R,0.18115256305653174,0.7928048780487805,0.27177700348432055,Pass
EOG71W4CN|Rhagoletis_pomonella|AHE_168_S70_merged_SPM|NODE_38720_length_321_cov_0.639344_S,0.20926764147634602,0.8206082492168464,0.284597981204316,Pass
EOG71W4CN|Musca_domestica|AHE_172_S16_merged_SPM|NODE_3550_length_333_cov_0.867188_R,0.28287627247377145,0.9536797634136037,0.32779016068645017,Pass
EOG71W4CN|Musca_domestica|AHE_174_S49_merged_SPM|NODE_84988_length_235_cov_0.664557_S,0.2309176897756175,0.6348255193166376,0.21969035138808002,Pass
EOG71W4CN|Hermetia_illucens|AHE_179_S20_merged_SPM|NODE_76285_length_251_cov_0.850575_R,0.2379835970409885,0.8555637689729944,0.30589394835403116,Pass
EOG71W4CN|Hermetia_illucens|AHE_180_S71_merged_SPM|NODE_17904_length_338_cov_1.134100_R,0.28769073505919646,0.9509775294400384,0.32882720499879836,Pass
EOG71W4CN|Stomoxys_calcitrans|AHE_181_S51_merged_SPM|NODE_50877_length_253_cov_1.068182_R,0.20362710997213673,0.8513516634724067,0.3039854538306551,Pass
EOG71W4CN|Rhagoletis_pomonella|AHE_184_S38_merged_SPM|NODE_28702_length_364_cov_0.794425_R,0.2669734382283427,0.9357789879872686,0.3211138300420959,Pass
EOG71W4CN|Ceratitis_capitata|AHE_188_S54_merged_SPM|NODE_33562_length_255_cov_0.825843_R,0.24498060984485598,0.879602204542424,0.30630250233343703,Pass
EOG71W4CN|Scaptodrosophila_lebanonensis|AHE_189_S21_merged_SPM|NODE_27231_length_203_cov_2.349206_R,0.18422314725277006,0.636169590643275,0.20868838763575615,Pass
EOG71W4CN|Teleopsis_dalmanni|AHE_190_S36_merged_SPM|NODE_14609_length_122_cov_184_AU,0.25203652488091915,0.5656430155210643,0.1175166297117517,Pass
EOG71W4CN|Hermetia_illucens|AHE_191_S25_merged_SPM|NODE_87783_length_272_cov_0.758974_S,0.2948198285386854,0.8868113818159614,0.28066801001404407,Pass
EOG71W4CN|Scaptodrosophila_lebanonensis|AHE_193_S55_merged_SPM|NODE_4428_length_507_cov_0.762791_S,0.16737562659393596,0.6018500303977767,0.18856392218169193,Pass
EOG71W4CN|Drosophila_ficusphila|AHE_198_S28_merged_SPM|NODE_13315_length_281_cov_0.725490_S,0.2059053640635886,0.7975114886506057,0.2819245230469294,Pass
EOG71W4CN|Teleopsis_dalmanni|AHE_204_S41_merged_SPM|NODE_6013_length_363_cov_0.982517_R,0.1801594143998723,0.6707677185200122,0.2313741304566993,Pass
EOG71W4CN|Musca_domestica|AHE_20_S56_merged_SPM|NODE_15626_length_117_cov_197_AU,0.20711094142372266,0.7371513002364066,0.26409996622762577,Pass
EOG71W4CN|Musca_domestica|AHE_212_S47_merged_SPM|NODE_12058_length_270_cov_0.766839_S,0.230135706050659,0.7657033487114221,0.255826439707286,Pass
EOG71W4CN|Lucilia_sericata|AHE_220_S54_merged_SPM|NODE_10702_length_262_cov_0.800000_R,0.2014953306232762,0.5933464493528666,0.1722630530560979,Pass
EOG71W4CN|Teleopsis_dalmanni|AHE_252_S17_SPM|NODE_37228_length_354_cov_0.703971_R,0.32869611361363643,0.8770755468636825,0.29751557293930175,Pass
EOG71W4CN|Musca_domestica|AHE_254_S17_SPM|NODE_19915_length_323_cov_0.873984_R,0.24060150375939848,0.7887089807646553,0.2658083054228665,Pass
EOG71W4CN|Lucilia_sericata|AHE_258_S17_SPM|NODE_23567_length_492_cov_0.787952_R,0.40896416384257583,0.9120384778842068,0.2766353918075125,Pass
EOG71W4CN|Musca_domestica|AHE_259_S18_SPM|NODE_74613_length_378_cov_1.129568_R,0.229328996274372,0.7198361057362991,0.23504427345042922,Pass
EOG71W4CN|Lucilia_sericata|AHE_262_S21_SPM|NODE_57035_length_238_cov_0.919255_R,0.16834277799662722,0.5078484269722533,0.13699400498700198,Pass
EOG71W4CN|Drosophila_melanogaster|AHE_264_S21_SPM|NODE_8424_length_531_cov_0.977974_S,0.22332755848465177,0.7280393043032866,0.24793422668143028,Pass
EOG71W4CN|Hermetia_illucens|AHE_265_S23_SPM|NODE_40665_length_320_cov_0.913580_S,0.2967623094011515,0.9180845771144278,0.2975530510711747,Pass
EOG71W4CN|Hermetia_illucens|AHE_85_S54_merged_SPM|NODE_9568_length_279_cov_0.732673_S,0.297677218843117,0.9264472624798711,0.3130032206119162,Pass
EOG71W4CN|Hermetia_illucens|JSM_8931_S10_SPM|NODE_623264_length_217_cov_374_AU,0.29409522605907396,0.9264472624798711,0.3130032206119162,Pass
EOG71W4CN|Hermetia_illucens|AHE_266_S26_SPM|NODE_208057_length_245_cov_1.321429_R,0.27863093956359863,0.9264472624798711,0.3130032206119162,Pass
EOG71W4CN|Stomoxys_calcitrans|AHE_267_S19_SPM|NODE_89011_length_273_cov_0.755102_S,0.20376684641876677,0.7140776114266046,0.2465029377781055,Pass
EOG71W4CN|Hermetia_illucens|AHE_271_S21_SPM|NODE_177595_length_231_cov_0.961039_R,0.2744813093977524,0.8082185438863521,0.25792744799594114,Pass
EOG71W4CN|Musca_domestica|AHE_275_S22_SPM|NODE_164623_length_251_cov_0.850575_R,0.20389844552679245,0.6918839605734767,0.23217485919098824,Pass
EOG71W4CN|Lucilia_sericata|AHE_278_S24_SPM|NODE_43597_length_237_cov_0.925000_R,0.16512888953028892,0.6645839311334288,0.21147776183644185,Pass
EOG71W4CN|Aedes_aegypti|AHE_280_S24_SPM|NODE_30814_length_279_cov_0.732673_S,0.30760233918128654,0.9475770308123249,0.3081232492997199,Pass
EOG71W4CN|Stomoxys_calcitrans|AHE_281_S27_SPM|NODE_252447_length_133_cov_206_AU,0.1412811428649649,0.7621979374738702,0.2813211316021741,Pass
EOG71W4CN|Drosophila_ficusphila|AHE_283_S23_SPM|NODE_6086_length_708_cov_1.179081_S,0.18706237074984924,0.711252686281405,0.24508654710272337,Pass
EOG71W4CN|Teleopsis_dalmanni|AHE_30_S57_merged_SPM|NODE_20070_length_311_cov_0.948718_S,0.13975503969563244,0.4702406417112299,0.15278838808250572,Pass
EOG71W4CN|Musca_domestica|AHE_31_S49_merged_SPM|NODE_8227_length_278_cov_0.736318_S,0.2696658232627732,0.9105748758587852,0.30689238827290666,Pass
EOG71W4CN|Musca_domestica|AHE_34_S58_merged_SPM|NODE_20971_length_280_cov_0.876847_S,0.21464624676445213,0.7497459792188197,0.25570968073797196,Pass
EOG71W4CN|Rhagoletis_pomonella|AHE_34_S58_merged_SPM_1|NODE_19929_length_285_cov_0.644231_S,0.24951413643274434,0.6100043334105957,0.1660351308589223,Pass
EOG71W4CN|Scaptodrosophila_lebanonensis|AHE_44_S31_merged_SPM|NODE_5444_length_247_cov_1.117647_R,0.19953210030449167,0.6204630172694686,0.19122841316389694,Pass
EOG71W4CN|Lucilia_sericata|AHE_4_S10_merged_SPM|NODE_111298_length_369_cov_1.565068_R,0.3345880333940845,0.9020238095238096,0.27380952380952384,Pass
EOG71W4CN|Drosophila_melanogaster|AHE_53_S32_merged_SPM|NODE_66661_length_146_cov_232_AU,0.15586486247193548,0.5385409382876657,0.18112041629400766,Pass
EOG71W4CN|Scaptodrosophila_lebanonensis|AHE_54_S60_merged_SPM|NODE_17516_length_500_cov_0.652482_S,0.24202910912109235,0.6250516856267206,0.18329956885356602,Pass
EOG71W4CN|Stomoxys_calcitrans|AHE_60_S67_merged_SPM|NODE_19495_length_291_cov_0.953271_R,0.15878519782264763,0.6662995218579236,0.22995218579234977,Pass
EOG71W4CN|Drosophila_melanogaster|AHE_63_S36_merged_SPM|NODE_67170_length_274_cov_1.126904_R,0.30647690849601605,0.8973717948717949,0.29358974358974355,Pass
EOG71W4CN|Bactrocera_dorsalis|AHE_64_S44_merged_SPM|NODE_46580_length_239_cov_0.913580_R,0.1842748680993437,0.5787058374989408,0.18502559881870217,Pass
EOG71W4CN|Ceratitis_capitata|AHE_64_S44_merged_SPM_1|NODE_84134_length_247_cov_1.305882_S,0.35253674727358936,0.8764457749495836,0.2932562197632258,Pass
EOG71W4CN|Drosophila_ficusphila|AHE_6_S42_merged_SPM|NODE_33590_length_147_cov_2.057143_R,0.20095044535523526,0.6583256041005614,0.21585480665295165,Pass
EOG71W4CN|Drosophila_ficusphila|AHE_72_S37_merged_SPM|NODE_62144_length_231_cov_0.928571_R,0.29412063356593776,0.9765489821882952,0.3269655190320403,Pass
EOG71W4CN|Scaptodrosophila_lebanonensis|AHE_78_S12_merged_SPM|NODE_11502_length_437_cov_1.083333_S,0.22223160296908628,0.6384492644117518,0.1869194186408285,Pass
EOG71W4CN|Lucilia_sericata|AHE_8_S50_merged_SPM|NODE_71473_length_312_cov_1.059574_R,0.18688132945602595,0.5867237952989127,0.16032935458147157,Pass
EOG71W4CN|Drosophila_ficusphila|AHE_91_S2_merged_SPM|NODE_3255_length_257_cov_0.822222_R,0.20224570949332132,0.7898069105691056,0.2693089430894309,Pass
EOG71W4CN|Lucilia_sericata|CNC457425_S9_SPM|NODE_1075_length_151_cov_3.000000_R,0.16947407630328834,0.6306415396952686,0.1936647955092221,Pass
EOG71W4CN|Drosophila_melanogaster|CNC484134_S71_SPM|NODE_8602_length_193_cov_326_AU,0.1781711916281122,0.7188807678760126,0.2266114829165199,Pass
EOG71W4CN|Scaptodrosophila_lebanonensis|CNC485220_S86_SPM|NODE_4824_length_227_cov_607_AU,0.18275187318313305,0.6169573978519808,0.21316230013020376,Pass
EOG71W4CN|Ceratitis_capitata|CNC485277_S24_SPM|NODE_125103_length_143_cov_226_AU,0.17757164048241253,0.6994954128440367,0.23853211009174313,Pass
EOG71W4CN|Bactrocera_dorsalis|CNC942134_S46_SPM|NODE_14828_length_112_cov_164_A,0.24622144198553203,0.5597779076563414,0.12497564776933567,Pass
EOG71W4CN|Musca_domestica|JSBVM_26_S2_SPM|NODE_1748531_length_246_cov_432_AU,0.2712550945911482,0.8968664777079821,0.3001324169931493,Pass
EOG71W4CN|Drosophila_melanogaster|JSM12015_S64_SPM|NODE_165353_length_112_cov_164_AU,0.06807227196981742,0.4077292866637129,0.15099689853788212,Pass
EOG71W4CN|Teleopsis_dalmanni|JSM_10506_S5_SPM|NODE_3246466_length_278_cov_1182_AU,0.24699195585530365,0.8193242198287766,0.27667495167080913,Pass
EOG71W4CN|Musca_domestica|JSM_10506_S5_SPM_1|NODE_1387586_length_250_cov_831_A,0.2476259771001334,0.8479548011683279,0.28156928706997464,Pass
EOG71W4CN|Scaptodrosophila_lebanonensis|JSM_10507_S12_SPM|NODE_5232_length_270_cov_2.685315_R,0.18963857664856937,0.5638560885608855,0.1512915129151291,Pass
EOG71W4CN|Lucilia_sericata|JSM_10540_S15_SPM|NODE_4062_length_1079_cov_1.512605_S,0.21722434532221363,0.8327235179433842,0.2728210716927342,Pass
EOG71W4CN|Lucilia_sericata|JSM_10540_S15_SPM_1|NODE_40813_length_604_cov_0.926625_S,0.18253436712425028,0.6449971434276649,0.20037329576339813,Pass
EOG71W4CN|Musca_domestica|JSM_10605_S1_SPM|NODE_1837902_length_248_cov_756_AU,0.23494744864090264,0.7955437352245863,0.264775413711584,Pass
EOG71W4CN|Hermetia_illucens|JSM_10609_S2_SPM|NODE_1771413_length_282_cov_660_AU,0.26399386311595147,0.5742666780315946,0.1555801795658598,Pass
EOG71W4CN|Ceratitis_capitata|JSM_10609_S2_SPM_1|NODE_7911459_length_187_cov_314_AU,0.25708117402989633,0.683092959671907,0.23171565276828432,Pass
EOG71W4CN|Lucilia_sericata|JSM_10611_S9_SPM|NODE_761126_length_182_cov_320_AU,0.19189972386560325,0.5458928571428573,0.14642857142857146,Pass
EOG71W4CN|Teleopsis_dalmanni|JSM_10699_S3_SPM|NODE_38968_length_754_cov_1.314195_S,0.24811919911863897,0.7403466757992393,0.24303223686775033,Pass
EOG71W4CN|Musca_domestica|JSM_11142_S4_SPM|NODE_155432_length_470_cov_1.510204_R,0.2671775291091819,0.7989111909164178,0.24780140330915468,Pass
EOG71W4CN|Zeugodacus_cucurbitae|JSM_11142_S4_SPM_1|NODE_1838598_length_300_cov_798_AU,0.22934752049439883,0.6284282181078521,0.2017312715253219,Pass
EOG71W4CN|Hermetia_illucens|JSM_11249_S5_SPM|NODE_473757_length_325_cov_1197_AU,0.3404202899046609,0.8789601279842479,0.2926760662423965,Pass
EOG71W4CN|Ceratitis_capitata|JSM_11249_S5_SPM_1|NODE_19533_length_325_cov_2.358586_R,0.24713688170743373,0.5515043856257998,0.1765847959245036,Pass
EOG71W4CN|Scaptodrosophila_lebanonensis|JSM_11384_S6_SPM|NODE_22180_length_1072_cov_1.876190_S,0.24231257938176817,0.6755176378001359,0.2081518336610615,Pass
EOG71W4CN|Lucilia_sericata|JSM_11396_S7_SPM|NODE_50019_length_999_cov_1.213303_R,0.3363468904618076,0.8160949153148642,0.25029957255021196,Pass
EOG71W4CN|Bradysia_coprophila|JSM_11457_S8_SPM|NODE_73177_length_289_cov_2.592593_R,0.3737231350518269,0.9155117638771485,0.31575795998872924,Pass
EOG71W4CN|Contarinia_nasturtii|JSM_11457_S8_SPM_1|NODE_151463_length_280_cov_2.352941_R,0.287974052050454,0.5521621621621621,0.18030888030888026,Pass
EOG71W4CN|Musca_domestica|JSM_11468_S9_SPM|NODE_193792_length_150_cov_240_AU,0.16437246963562754,0.8031693500298153,0.2799045915324986,Pass
EOG71W4CN|Lucilia_sericata|JSM_11505_S16_SPM|NODE_483188_length_177_cov_310_AU,0.3020188199678582,0.5928712871287127,0.1732673267326732,Pass
EOG71W4CN|Aedes_aegypti|JSM_11685_S10_SPM|NODE_100271_length_523_cov_0.926768_R,0.37610424134383125,0.7609779903917445,0.2515666737763693,Pass
EOG71W4CN|Aedes_aegypti|JSM_11685_S10_SPM_1|NODE_14386_length_907_cov_1.506410_S,0.39557337564511275,0.8923182355548988,0.2927220333973696,Pass
EOG71W4CN|Hermetia_illucens|JSM_11709_S11_SPM|NODE_211491_length_238_cov_416_AU,0.2660741563671712,0.6955678629449121,0.22275882439816863,Pass
EOG71W4CN|Lucilia_sericata|JSM_11804_S12_SPM|NODE_6885_length_605_cov_2.326360_R,0.2809416043805118,0.6987254736288703,0.2100986285349492,Pass
EOG71W4CN|Scaptodrosophila_lebanonensis|JSM_11807_S13_SPM|NODE_35110_length_528_cov_1.132170_S,0.23009374354940018,0.7299845382288465,0.2209869814948624,Pass
EOG71W4CN|Scaptodrosophila_lebanonensis|JSM_5000_S11_SPM|NODE_23086_length_108_cov_156_A,0.26276840316520306,0.851670475464991,0.27220212023106716,Pass
EOG71W4CN|Stomoxys_calcitrans|JSM_5812_S4_SPM|NODE_663959_length_271_cov_573_AU,0.19603336332623827,0.6242348961763228,0.19618046760949948,Pass
EOG71W4CN|Hermetia_illucens|JSM_6006_S14_SPM|NODE_12436_length_1411_cov_1.141745_S,0.25664151356561987,0.7077883962051547,0.22492963879837802,Pass
EOG71W4CN|Teleopsis_dalmanni|JSM_6043_S6_SPM|NODE_21160_length_115_cov_170_AU,0.21112189281905813,0.6778729206435777,0.22811562585219525,Pass
EOG71W4CN|Teleopsis_dalmanni|JSM_6055_S7_SPM|NODE_40942_length_748_cov_2.420290_R,0.23212601395963026,0.8075413361029603,0.2714872252612406,Pass
EOG71W4CN|Teleopsis_dalmanni|JSM_6055_S7_SPM_1|NODE_406952_length_363_cov_1257_AU,0.22930591571203168,0.6548926094871846,0.19180676136513064,Pass
EOG71W4CN|Scaptodrosophila_lebanonensis|JSM_6145_S8_SPM|NODE_2112950_length_237_cov_876_AU,0.1319019038331161,0.5969114615543186,0.20619459905174187,Pass
EOG71W4CN|Zeugodacus_cucurbitae|JSM_6152_S9_SPM|NODE_1168189_length_361_cov_844_AU,0.2232035033991628,0.5761320754716982,0.1622641509433963,Pass
EOG71W4CN|Rhagoletis_pomonella|JSM_6152_S9_SPM_1|NODE_459143_length_408_cov_890_AU,0.21822849807445444,0.7781621608873441,0.26465391188241316,Pass
EOG71W4CN|Scaptodrosophila_lebanonensis|JSM_6153_S10_SPM|NODE_712997_length_768_cov_2427_AU,0.2504880401668475,0.7529516678753069,0.2337278989788676,Pass
EOG71W4CN|Teleopsis_dalmanni|JSM_6153_S10_SPM_1|NODE_1380647_length_401_cov_1063_AU,0.22399020807833536,0.7464803102920103,0.25414299125450857,Pass
EOG71W4CN|Zeugodacus_cucurbitae|JSM_6163_S11_SPM|NODE_105403_length_203_cov_503_AU,0.32182797108663336,0.8862739526893088,0.28650720232588867,Pass
EOG71W4CN|Scaptodrosophila_lebanonensis|JSM_6258_S12_SPM|NODE_327185_length_175_cov_456_AU,0.19931795177014514,0.5990932400932402,0.19499167499167502,Pass
EOG71W4CN|Scaptodrosophila_lebanonensis|JSM_6310_S13_SPM|NODE_1457512_length_223_cov_615_AU,0.1978628268099955,0.62698543943269,0.2150517321553127,Pass
EOG71W4CN|Hermetia_illucens|JSM_6314_S15_SPM|NODE_947538_length_408_cov_812_AU,0.3049441159039417,0.9538457794465304,0.3152551800862189,Pass
EOG71W4CN|Teleopsis_dalmanni|JSM_642_S1_SPM|NODE_7273_length_1094_cov_1.475698_S,0.24585999067444583,0.8461675784624244,0.2900950187158077,Pass
EOG71W4CN|Scaptodrosophila_lebanonensis|JSM_6602_S10_SPM|NODE_39634_length_214_cov_368_AU,0.16086367933142692,0.569955745218903,0.17788841473051997,Pass
EOG71W4CN|Scaptodrosophila_lebanonensis|JSM_6608_S1_SPM|NODE_1903_length_262_cov_5.459259_R,0.1713506587981904,0.6801008037382171,0.23463987898168037,Pass
EOG71W4CN|Drosophila_ficusphila|JSM_6704_S2_SPM|NODE_305742_length_196_cov_332_AU,0.2379785099930445,0.8525647564756477,0.29542954295429547,Pass
EOG71W4CN|Drosophila_ficusphila|JSM_6712_S3_SPM|NODE_721829_length_161_cov_262_AU,0.16443295117151477,0.5852973977695167,0.21561338289962828,Pass
EOG71W4CN|Ceratitis_capitata|JSM_6713_S4_SPM|NODE_288483_length_185_cov_310_AU,0.20295722584052103,0.7766779279279278,0.2694658944658944,Pass
EOG71W4CN|Drosophila_melanogaster|JSM_6892_S6_SPM|NODE_46726_length_221_cov_4.000000_R,0.34483703082195033,0.9253228228228229,0.2917417417417417,Pass
EOG71W4CN|Teleopsis_dalmanni|JSM_7037_II_S3_SPM|NODE_540447_length_282_cov_698_AU,0.23326366764368547,0.6274247331921431,0.19607989701424355,Pass
EOG71W4CN|Lucilia_sericata|JSM_7174_S7_SPM|NODE_697272_length_143_cov_226_AU,0.21308046191896965,0.6512779156327544,0.20099255583126552,Pass
EOG71W4CN|Rhagoletis_pomonella|JSM_7192_S14_SPM|NODE_1838486_length_205_cov_412_AU,0.23857348177403076,1.0116300844611168,0.3408032486206194,Pass
EOG71W4CN|Bactrocera_dorsalis|JSM_7804_S15_SPM|NODE_10037_length_640_cov_1.003899_S,0.31695873393799884,0.856270032051282,0.2702724358974359,Pass
EOG71W4CN|Stomoxys_calcitrans|JSM_7821_S9_SPM|NODE_562668_length_206_cov_352_AU,0.14193062208210516,0.5774556859571024,0.2033346823148523,Pass
EOG71W4CN|Scaptodrosophila_lebanonensis|JSM_8315_S13_SPM|NODE_103854_length_157_cov_254_AU,0.19960175586687176,0.7876218708827404,0.25910031996988514,Pass
EOG71W4CN|Drosophila_melanogaster|JSM_8384_S2_SPM|NODE_626100_length_101_cov_142_AU,0.20121094671219253,0.5947565922920891,0.1926977687626774,Pass
EOG71W4CN|Scaptodrosophila_lebanonensis|JSM_8424_S12_SPM|NODE_28789_length_253_cov_2.214286_R,0.14364674815551784,0.5106099983615958,0.16581674449086592,Pass
EOG71W4CN|Musca_domestica|JSM_8601_S5_SPM|NODE_80557_length_550_cov_2.182033_R,0.22945585326398454,0.8135951783560897,0.2748327303847201,Pass
EOG71W4CN|Zeugodacus_cucurbitae|JSM_9724_S16_SPM|NODE_1323556_length_229_cov_522_AU,0.17911629004248084,0.6635100614531871,0.2308109410772382,Pass
EOG71W4CN|Drosophila_melanogaster|JSS13113_S90_SPM|NODE_36987_length_158_cov_256_AU,0.19258722775160342,0.570576923076923,0.18846153846153846,Pass
EOG71W4CN|Teleopsis_dalmanni|JSS13123_S6_SPM|NODE_26266_length_210_cov_360_AU,0.20273972602739726,0.5730747623163353,0.18715273490554385,Pass
EOG71W4CN|Scaptodrosophila_lebanonensis|JSS16919_S15_SPM|NODE_5111_length_180_cov_300_AU,0.18665187348564505,0.5567651430694909,0.1798587885544407,Pass
EOG71W4CN|Scaptodrosophila_lebanonensis|JSS17104_S21_SPM|NODE_28751_length_177_cov_294_AU,0.1734253666954271,0.551294701986755,0.17807947019867554,Pass
EOG71W4CN|Rhagoletis_pomonella|JSS18587_S35_SPM|NODE_7867_length_154_cov_248_AU,0.2108729964698173,0.8170754716981133,0.2867924528301887,Pass
EOG71W4CN|Glossina_morsitans|JSS19038_S79_SPM|NODE_1662_length_133_cov_206_A,0.18939117422891624,0.6321548635987876,0.21110498759988983,Pass
EOG71W4CN|Ceratitis_capitata|JSS50551_S55_SPM|NODE_79946_length_270_cov_480_AU,0.2255253573367821,0.8261420741689799,0.28332977436116447,Pass
EOG71W4CN|Bradysia_coprophila|Sample_487784_S4_SPM|NODE_1094456_length_203_cov_346_AU,0.40033237115755715,0.9697727272727273,0.3257575757575758,Pass
EOG71W4CN|Musca_domestica|Sample_655211_S1_SPM|NODE_6754_length_547_cov_0.857143_R,0.23694745869873862,0.8141645455235257,0.27364126123516064,Pass
EOG71W4CN|Ceratitis_capitata|Sample_655211_S1_SPM_1|NODE_594816_length_252_cov_444_AU,0.16985511115065768,0.8017374837524092,0.2740262650710412,Pass
EOG71W4CN|Stomoxys_calcitrans|Sander_Bot_Spec_74_S41_SPM|NODE_45482_length_200_cov_340_AU,0.1550723079404333,0.6602597402597403,0.2324675324675325,Pass
EOG71W4CN|Scaptodrosophila_lebanonensis|JXPC01.1|JXPC01119832.1_1,0.19977168278960306,0.6676270920860633,0.2045881442743681,Pass
EOG71W4CN|Musca_domestica|CAJHUG01.1|CAJHUG010000133.1_173,0.2372831510091467,0.7708298614495014,0.2475737420004548,Pass
EOG71W4CN|Musca_domestica|CAJHUJ01.1|CAJHUJ010000049.1_376,0.24971888540359535,0.7766974167969048,0.24732103968640307,Pass
EOG71W4CN|Lucilia_sericata|CAJHUJ01.1_1|CAJHUJ010000049.1_377,0.163850645217252,0.5760474853331995,0.1861304718447575,Pass
EOG71W4CN|Drosophila_ficusphila|CAKAIX01.1|CAKAIX010000230.1_418,0.23374647715358626,0.8178928960596156,0.27312735069773986,Pass
EOG71W4CN|Scaptodrosophila_lebanonensis|CAKAIX01.1_1|CAKAIX010000230.1_417,0.187528443497957,0.5510729669625148,0.15902069601105928,Pass
EOG71W4CN|Musca_domestica|CAJSMG01|CAJSMG010000036.1_133,0.23706294169343148,0.8436149776720921,0.28224282536942447,Pass
EOG71W4CN|Musca_domestica|CAJZLI01|CAJZLI010000507.1_362,0.2490318730860146,0.8436149776720921,0.28224282536942447,Pass
EOG71W4CN|Lucilia_sericata|CAJVQV01_1|CAJVQV010000085.1_521,0.1932612640159253,0.5514365063897317,0.16139432580672097,Pass
EOG71W4CN|Scaptodrosophila_lebanonensis|CAJZLI01_1|CAJZLI010000507.1_361,0.17461664409881242,0.5514365063897317,0.16139432580672097,Pass
EOG71W4CN|Lucilia_sericata|CAJVCN01_1|CAJVCN010000058.1_729,0.19168573671392206,0.5514365063897317,0.16139432580672097,Pass
EOG71W4CN|Scaptodrosophila_lebanonensis|CAKKXW01_1|CAKKXW010000002.1_10644,0.17587969547944213,0.5514365063897317,0.16139432580672097,Pass
EOG71W4CN|Lucilia_sericata|CAJMZT01.1|CAJMZT010000292.1_16,0.2510434497348201,0.8304821564160974,0.2750032728510461,Pass
EOG71W4CN|Scaptodrosophila_lebanonensis|CAJSMG01_1|CAJSMG010000036.1_134,0.17264123057165315,0.5398206704447219,0.1557621746229949,Pass
EOG71W4CN|Scaptodrosophila_lebanonensis|CAJMZT01.1_1|CAJMZT010000292.1_18,0.17880868313853227,0.5398206704447219,0.1557621746229949,Pass
EOG71W4CN|Musca_domestica|CAJVCN01|CAJVCN010000058.1_731,0.2484659984020502,0.8342946927374303,0.27863128491620115,Pass
EOG71W4CN|Teleopsis_dalmanni|CAKKTD01|CAKKTD010000135.1_291,0.2510376588064447,0.7977853881278539,0.26431833007175476,Pass
EOG71W4CN|Lucilia_sericata|CAKKTD01_2|CAKKTD010000135.1_292,0.16314338145566182,0.5667527937732556,0.1847213680947678,Pass
EOG71W4CN|Ceratitis_capitata|CAKKTD01_1|CAKKTD010000135.1_290,0.22780211594654873,0.7859892138794234,0.26223134140358784,Pass
EOG71W4CN|Scaptodrosophila_lebanonensis|CAKJUZ01.1|CAKJUZ010000886.1_65,0.21809655115016444,0.7161690909453388,0.23061327192136138,Pass
EOG71W4CN|Musca_domestica|CAJVQV01|CAJVQV010000085.1_519,0.2265339194643283,0.8240973091364204,0.27874575362059717,Pass
EOG71W4CN|Hermetia_illucens|CAJVQV01_2|CAJVQV010000085.1_518,0.25169625543517815,0.8197398142135132,0.2722760256374057,Pass
EOG71W4CN|Musca_domestica|CAKKXW01|CAKKXW010000002.1_10643,0.244449361863922,0.8088108312652904,0.2604431772180862,Pass
EOG71W4CN|Teleopsis_dalmanni|CAKAJG01.1|CAKAJG010000691.1_82,0.20452468174044042,0.7183048949854657,0.23138125334304283,Pass
EOG71W4CN|Hermetia_illucens|CAKAJG01.1_1|CAKAJG010000691.1_83,0.2786947477589929,0.8779464929196128,0.29014978865969343,Pass
EOG71W4CN|Glossina_morsitans|CAKLPK01.1|CAKLPK010000057.1_1057,0.21370045028419576,0.7482954146478479,0.24143770000100317,Pass
