EOG7PPGTH|Zeugodacus_cucurbitae|AHE_8_S50_merged_SPM|NODE_2236_length_918_cov_35.577883_S,0.018292774964515507,0.06691369197251537,0.019410088821853466,Pass
EOG7PPGTH|Stomoxys_calcitrans|AHE_122_S39_merged_SPM|NODE_1960_length_1034_cov_10.214211_S,0.02179193079301094,0.06691369197251537,0.019410088821853466,Pass
EOG7PPGTH|Teleopsis_dalmanni|131012_246_93|C84300_a_56_0_l_1183,0.01688200775424425,0.06691369197251537,0.019410088821853466,Pass
EOG7PPGTH|Stomoxys_calcitrans|AHE_61_S61_merged_SPM|NODE_1282_length_859_cov_17.709719_S,0.015341077707664165,0.06691369197251537,0.019410088821853466,Pass
EOG7PPGTH|Ceratitis_capitata|130928_232_84|C53750_a_46_0_l_1245,0.017329813293320735,0.06691369197251537,0.019410088821853466,Pass
EOG7PPGTH|Ceratitis_capitata|130314_269_33|C67432_a_11_0_l_1171,0.025229076521294275,0.06691369197251537,0.019410088821853466,Pass
EOG7PPGTH|Lucilia_sericata|AHE_59_S33_merged_SPM|NODE_680_length_832_cov_6.923179_S,0.015341077707664165,0.06691369197251537,0.019410088821853466,Pass
EOG7PPGTH|Stomoxys_calcitrans|AHE_253_S20_SPM|NODE_1725_length_846_cov_2.440832_S,0.020757829409606098,0.06691369197251537,0.019410088821853466,Pass
EOG7PPGTH|Stomoxys_calcitrans|130501_249_44|C107875_a_22_0_l_1357,0.016877690275242968,0.06691369197251537,0.019410088821853466,Pass
EOG7PPGTH|Stomoxys_calcitrans|CAJSMD01.1|CAJSMD010000354.1_53,0.017327223249885285,0.06691369197251537,0.019410088821853466,Pass
EOG7PPGTH|Rhagoletis_pomonella|GIGV01.1|GIGV01020113.1,0.017235098974046917,0.06691369197251537,0.019410088821853466,Pass
EOG7PPGTH|Stomoxys_calcitrans|AHE_47_S27_merged_SPM|NODE_320_length_1731_cov_22.206167_S,0.015341077707664165,0.06691369197251537,0.019410088821853466,Pass
EOG7PPGTH|Hermetia_illucens|JSM_6006_S14_SPM|NODE_13149_length_1382_cov_1.517928_S,0.02146568981737891,0.06691369197251537,0.019410088821853466,Pass
EOG7PPGTH|Rhagoletis_pomonella|GIFS01.1|GIFS01042299.1,0.026185467763844297,0.06691369197251537,0.019410088821853466,Pass
EOG7PPGTH|Rhagoletis_pomonella|GCFV01.1|GCFV01002753.1,0.017235098974046917,0.06691369197251537,0.019410088821853466,Pass
EOG7PPGTH|Teleopsis_dalmanni|GIGL01.1|GIGL01023375.1,0.015620785137869903,0.06691369197251537,0.019410088821853466,Pass
EOG7PPGTH|Teleopsis_dalmanni|GCMY01.1|GCMY01064432.1,0.027764232630531405,0.06691369197251537,0.019410088821853466,Pass
EOG7PPGTH|Stomoxys_calcitrans|GCVD01.1|GCVD01017105.1,0.030163558940632676,0.06691369197251537,0.019410088821853466,Pass
EOG7PPGTH|Stomoxys_calcitrans|GCNB01.1|GCNB01007905.1,0.01578663269986182,0.06691369197251537,0.019410088821853466,Pass
EOG7PPGTH|Stomoxys_calcitrans|130928_232_71|s7076_L_17431_0_a_54_0_l_1212,0.018292774964515507,0.06691369197251537,0.019410088821853466,Pass
EOG7PPGTH|Stomoxys_calcitrans|AHE_251_S46_merged_SPM|NODE_1382_length_912_cov_8.912575_S,0.018292774964515507,0.06691369197251537,0.019410088821853466,Pass
EOG7PPGTH|Stomoxys_calcitrans|AHE_55_S43_merged_SPM|NODE_33527_length_969_cov_13.636771_R,0.015341077707664165,0.06691369197251537,0.019410088821853466,Pass
EOG7PPGTH|Bactrocera_oleae|AHE_14_S48_merged_SPM|NODE_583_length_924_cov_17.303424_S,0.015341077707664165,0.06691369197251537,0.019410088821853466,Pass
EOG7PPGTH|Zeugodacus_cucurbitae|AHE_44_S31_merged_SPM|NODE_4738_length_847_cov_5.967532_R,0.015341077707664165,0.06691369197251537,0.019410088821853466,Pass
EOG7PPGTH|Stomoxys_calcitrans|130919_247_55|s7446_L_18941_0_a_20_5_l_1237,0.017327223249885285,0.06691369197251537,0.019410088821853466,Pass
EOG7PPGTH|Ceratitis_capitata|AHE_28_S11_merged_SPM|NODE_721_length_1092_cov_32.482759_S,0.01688200775424425,0.06691369197251537,0.019410088821853466,Pass
EOG7PPGTH|Stomoxys_calcitrans|120823_263_57|C141688_a_25_0_l_1149,0.016877690275242968,0.06691369197251537,0.019410088821853466,Pass
EOG7PPGTH|Stomoxys_calcitrans|GCGH01.1|GCGH01013986.1,0.028728634770515057,0.06691369197251537,0.019410088821853466,Pass
EOG7PPGTH|Teleopsis_dalmanni|GCNJ01.1|GCNJ01006531.1,0.022898318510854488,0.06691369197251537,0.019410088821853466,Pass
EOG7PPGTH|Teleopsis_dalmanni|GCMS01.1|GCMS01020875.1,0.020866463195113982,0.06691369197251537,0.019410088821853466,Pass
EOG7PPGTH|Ceratitis_capitata|130608_189_16|C138593_a_14_0_l_1164,0.01887080586211967,0.06691369197251537,0.019410088821853466,Pass
EOG7PPGTH|Lucilia_sericata|AHE_31_S49_merged_SPM|NODE_1063_length_822_cov_3.539597_S,0.01688200775424425,0.06691369197251537,0.019410088821853466,Pass
EOG7PPGTH|Teleopsis_dalmanni|GIGT01.1|GIGT01019706.1,0.018571131372567096,0.06691369197251537,0.019410088821853466,Pass
EOG7PPGTH|Teleopsis_dalmanni|130928_232_22|C67317_a_60_0_l_1035,0.04251291908113205,0.06691369197251537,0.019410088821853466,Pass
EOG7PPGTH|Lucilia_sericata|AHE_159_S64_merged_SPM|NODE_12908_length_970_cov_6.027996_R,0.02179193079301094,0.06691369197251537,0.019410088821853466,Pass
EOG7PPGTH|Lucilia_sericata|AHE_201_S72_merged_SPM|NODE_97571_length_897_cov_8.917073_R,0.01644649835750997,0.06691369197251537,0.019410088821853466,Pass
EOG7PPGTH|Stomoxys_calcitrans|AHE_89_S15_merged_SPM|NODE_1147_length_876_cov_13.847309_S,0.015341077707664165,0.06691369197251537,0.019410088821853466,Pass
EOG7PPGTH|Zeugodacus_cucurbitae|JSM_9156_S14_SPM|NODE_7980_length_871_cov_50.028226_R,0.017327223249885285,0.06691369197251537,0.019410088821853466,Pass
EOG7PPGTH|Teleopsis_dalmanni|120429_266_9|C100649_a_37_0_l_1281,0.01857455579509318,0.06691369197251537,0.019410088821853466,Pass
EOG7PPGTH|Ceratitis_capitata|AHE_32_S40_merged_SPM|NODE_752_length_950_cov_19.916380_S,0.02781331300032283,0.06691369197251537,0.019410088821853466,Pass
EOG7PPGTH|Stomoxys_calcitrans|130928_232_126|C127389_a_9_0_l_909,0.03412214338496309,0.06691369197251537,0.019410088821853466,Pass
EOG7PPGTH|Stomoxys_calcitrans|AHE_3_S23_merged_SPM|NODE_1729_length_845_cov_5.583333_S,0.03830848978527726,0.06691369197251537,0.019410088821853466,Pass
EOG7PPGTH|Teleopsis_dalmanni|GAZD02.1|GAZD02031537.1,0.03195220038296601,0.06691369197251537,0.019410088821853466,Pass
EOG7PPGTH|Stomoxys_calcitrans|AHE_48_S52_merged_SPM|NODE_37181_length_1053_cov_6.088115_R,0.015341077707664165,0.06691369197251537,0.019410088821853466,Pass
EOG7PPGTH|Stomoxys_calcitrans|AHE_24_S40_merged_SPM|NODE_1251_length_874_cov_5.560853_S,0.017327223249885285,0.06691369197251537,0.019410088821853466,Pass
EOG7PPGTH|Stomoxys_calcitrans|GCFU01.1|GCFU01012368.1,0.016396253278304226,0.06691369197251537,0.019410088821853466,Pass
EOG7PPGTH|Stomoxys_calcitrans|AHE_275_S22_SPM|NODE_871_length_1138_cov_14.823751_S,0.015341077707664165,0.06691369197251537,0.019410088821853466,Pass
EOG7PPGTH|Teleopsis_dalmanni|GCFJ01.1|GCFJ01004420.1,0.01688200775424425,0.06691369197251537,0.019410088821853466,Pass
EOG7PPGTH|Teleopsis_dalmanni|GIGQ01.1|GIGQ01011100.1,0.015620785137869903,0.06691369197251537,0.019410088821853466,Pass
EOG7PPGTH|Stomoxys_calcitrans|130919_247_21|C123126_a_55_0_l_1142,0.015341077707664165,0.06691369197251537,0.019410088821853466,Pass
EOG7PPGTH|Zeugodacus_cucurbitae|AHE_110_S11_merged_SPM|NODE_1574_length_973_cov_24.508929_S,0.018292774964515507,0.06691369197251537,0.019410088821853466,Pass
EOG7PPGTH|Teleopsis_dalmanni|GIGO01.1|GIGO01021361.1,0.015620785137869903,0.06691369197251537,0.019410088821853466,Pass
EOG7PPGTH|Stomoxys_calcitrans|AHE_121_S5_merged_SPM|NODE_2042_length_944_cov_27.051903_S,0.02122263258836888,0.06691369197251537,0.019410088821853466,Pass
EOG7PPGTH|Stomoxys_calcitrans|JSM_10636_S14_SPM|NODE_17253_length_1228_cov_128.501362_R,0.015341077707664165,0.06691369197251537,0.019410088821853466,Pass
EOG7PPGTH|Lucilia_sericata|GHEX01.1|GHEX01003684.1,0.016967970132596988,0.06691369197251537,0.019410088821853466,Pass
EOG7PPGTH|Stomoxys_calcitrans|AHE_103_S38_merged_SPM|NODE_1271_length_1045_cov_16.387397_S,0.015341077707664165,0.06691369197251537,0.019410088821853466,Pass
EOG7PPGTH|Stomoxys_calcitrans|CAJZBV01|CAJZBV010000042.1_1195,0.018292774964515507,0.06691369197251537,0.019410088821853466,Pass
EOG7PPGTH|Zeugodacus_cucurbitae|AHE_34_S58_merged_SPM|NODE_1272_length_903_cov_15.854722_S,0.017327223249885285,0.06691369197251537,0.019410088821853466,Pass
EOG7PPGTH|Stomoxys_calcitrans|GCFN01.1|GCFN01003029.1,0.01578663269986182,0.06691369197251537,0.019410088821853466,Pass
EOG7PPGTH|Rhagoletis_pomonella|CAJSMG01|CAJSMG010000946.1_60,0.01688200775424425,0.06691369197251537,0.019410088821853466,Pass
EOG7PPGTH|Stomoxys_calcitrans|GIFF01.1|GIFF01037903.1,0.021751603344552138,0.06691369197251537,0.019410088821853466,Pass
EOG7PPGTH|Teleopsis_dalmanni|130928_232_37|s986_L_1260_0_a_52_6_l_1415,0.021898054609599066,0.06691369197251537,0.019410088821853466,Pass
EOG7PPGTH|Ceratitis_capitata|AHE_30_S57_merged_SPM|NODE_29882_length_896_cov_16.056166_R,0.022730007582060462,0.06691369197251537,0.019410088821853466,Pass
EOG7PPGTH|Stomoxys_calcitrans|GIGP01.1|GIGP01008721.1,0.015341077707664165,0.06691369197251537,0.019410088821853466,Pass
EOG7PPGTH|Stomoxys_calcitrans|130919_247_17|s5510_L_17151_0_a_21_8_l_1257,0.018292774964515507,0.06691369197251537,0.019410088821853466,Pass
EOG7PPGTH|Lucilia_sericata|GIFG01.1|GIFG01014986.1,0.019164694748477585,0.06691369197251537,0.019410088821853466,Pass
EOG7PPGTH|Rhagoletis_pomonella|GCGQ01.1|GCGQ01029495.1,0.017235098974046917,0.06691369197251537,0.019410088821853466,Pass
EOG7PPGTH|Aedes_aegypti|JSM_10507_S12_SPM|NODE_6971_length_921_cov_53.264484_R,0.015341077707664165,0.06691369197251537,0.019410088821853466,Pass
EOG7PPGTH|Ceratitis_capitata|AHE_90_S49_merged_SPM|NODE_845_length_983_cov_13.631347_S,0.015341077707664165,0.06691369197251537,0.019410088821853466,Pass
EOG7PPGTH|Stomoxys_calcitrans|GIGM01.1|GIGM01011056.1,0.021828604239762458,0.06691369197251537,0.019410088821853466,Pass
EOG7PPGTH|Stomoxys_calcitrans|GIFM01.1|GIFM01010623.1,0.022531747167009984,0.06691369197251537,0.019410088821853466,Pass
EOG7PPGTH|Stomoxys_calcitrans|GAVA02.1|GAVA02000007.1,0.018377725817270735,0.06691369197251537,0.019410088821853466,Pass
EOG7PPGTH|Zeugodacus_cucurbitae|JSM_10611_S9_SPM|NODE_45708_length_909_cov_144.163683_R,0.01688200775424425,0.06691369197251537,0.019410088821853466,Pass
EOG7PPGTH|Lucilia_sericata|AHE_99_S33_merged_SPM|NODE_12102_length_808_cov_10.337893_R,0.018292774964515507,0.06691369197251537,0.019410088821853466,Pass
EOG7PPGTH|Zeugodacus_cucurbitae|AHE_207_S65_merged_SPM|NODE_816_length_1114_cov_6.173578_S,0.015341077707664165,0.06691369197251537,0.019410088821853466,Pass
EOG7PPGTH|Ceratitis_capitata|AHE_209_S39_merged_SPM|NODE_1858_length_948_cov_10.191734_R,0.01688200775424425,0.06691369197251537,0.019410088821853466,Pass
EOG7PPGTH|Lucilia_sericata|GHFF01.1|GHFF01003451.1,0.0185036820187397,0.06691369197251537,0.019410088821853466,Pass
EOG7PPGTH|Lucilia_sericata|AHE_213_S29_merged_SPM|NODE_492_length_1284_cov_11.139188_S,0.01688200775424425,0.06691369197251537,0.019410088821853466,Pass
EOG7PPGTH|Stomoxys_calcitrans|AHE_46_S20_merged_SPM|NODE_2462_length_811_cov_12.670300_S,0.015398551752925675,0.06691369197251537,0.019410088821853466,Pass
EOG7PPGTH|Lucilia_sericata|CAKAJG01.1|CAKAJG010000475.1_60,0.017327223249885285,0.06691369197251537,0.019410088821853466,Pass
EOG7PPGTH|Zeugodacus_cucurbitae|JSM_8424_S12_SPM|NODE_1558_length_974_cov_518.067296_S,0.017327223249885285,0.06691369197251537,0.019410088821853466,Pass
EOG7PPGTH|Teleopsis_dalmanni|GIFT01.1|GIFT01014911.1,0.021008495474364113,0.06691369197251537,0.019410088821853466,Pass
EOG7PPGTH|Lucilia_sericata|JSM_8601_S5_SPM|NODE_9979_length_1014_cov_182.317926_R,0.01688200775424425,0.06691369197251537,0.019410088821853466,Pass
EOG7PPGTH|Bradysia_coprophila|JSBVM_26_S2_SPM|NODE_1282_length_955_cov_239.002415_S,0.017327223249885285,0.06691369197251537,0.019410088821853466,Pass
EOG7PPGTH|Stomoxys_calcitrans|130919_247_71|s1214_L_1772_1_a_36_7_l_1248,0.015341077707664165,0.06691369197251537,0.019410088821853466,Pass
EOG7PPGTH|Teleopsis_dalmanni|GIFH01.1|GIFH01013646.1,0.01534865665122121,0.06691369197251537,0.019410088821853466,Pass
EOG7PPGTH|Teleopsis_dalmanni|GCLW01.1|GCLW01018220.1,0.01688200775424425,0.06691369197251537,0.019410088821853466,Pass
EOG7PPGTH|Rhagoletis_pomonella|GIGS01.1|GIGS01017339.1,0.02786720505643883,0.06691369197251537,0.019410088821853466,Pass
EOG7PPGTH|Lucilia_sericata|GCFF01.1|GCFF01026183.1,0.0185036820187397,0.06691369197251537,0.019410088821853466,Pass
EOG7PPGTH|Teleopsis_dalmanni|GCGG01.1|GCGG01010145.1,0.022482785125021176,0.06691369197251537,0.019410088821853466,Pass
EOG7PPGTH|Lucilia_sericata|AHE_36_S19_merged_SPM|NODE_1044_length_1131_cov_18.114801_S,0.01688200775424425,0.06691369197251537,0.019410088821853466,Pass
EOG7PPGTH|Stomoxys_calcitrans|GCGS01.1|GCGS01015011.1,0.015341077707664165,0.06691369197251537,0.019410088821853466,Pass
EOG7PPGTH|Stomoxys_calcitrans|AHE_23_S35_merged_SPM|NODE_19399_length_1084_cov_4.519364_R,0.033490477080723134,0.06691369197251537,0.019410088821853466,Pass
EOG7PPGTH|Teleopsis_dalmanni|GCNK01.1|GCNK01073745.1,0.015620785137869903,0.06691369197251537,0.019410088821853466,Pass
EOG7PPGTH|Ceratitis_capitata|130919_247_37|C91682_a_50_0_l_1269,0.01843535898760422,0.06691369197251537,0.019410088821853466,Pass
EOG7PPGTH|Stomoxys_calcitrans|GIGW01.1|GIGW01011467.1,0.021674419381278922,0.06691369197251537,0.019410088821853466,Pass
EOG7PPGTH|Hermetia_illucens|GDDH01.1|GDDH01039093.1,0.03299746006034247,0.06691369197251537,0.019410088821853466,Pass
EOG7PPGTH|Teleopsis_dalmanni|GIFE01.1|GIFE01007299.1,0.019904742686174155,0.06691369197251537,0.019410088821853466,Pass
EOG7PPGTH|Glossina_morsitans|130919_247_44|C104756_a_34_0_l_1761,0.05227417598021413,0.07146997154410667,0.019709450351954483,Pass
EOG7PPGTH|Stomoxys_calcitrans|120126_283_11|s6468_L_15439_0_a_23_6_l_817,0.030433023824329254,0.10010473486542065,0.02817893230796742,Pass
EOG7PPGTH|Hermetia_illucens|120707_249_19|C182728_a_24_0_l_915,0.04610050728028896,0.06519060805464959,0.017941568090156457,Pass
EOG7PPGTH|Glossina_morsitans|GCGW01.1|GCGW01057398.1,0.05094023634040527,0.06417360174810541,0.017653075456785516,Pass
EOG7PPGTH|Hermetia_illucens|GCMC01.1|GCMC01011806.1,0.0380059575004227,0.08850658350658372,0.024750024750024857,Pass
EOG7PPGTH|Lucilia_sericata|GCMC01.1_1|GCMC01002651.1,0.02708413369189398,0.08748175182481747,0.029197080291970767,Pass
EOG7PPGTH|Hermetia_illucens|GDDE01.1|GDDE01016843.1,0.05136206811845688,0.059675810473815524,0.016209476309226978,Pass
EOG7PPGTH|Stomoxys_calcitrans|AHE_211_S38_merged_SPM|NODE_1105_length_938_cov_11.599303_S,0.018208010541412745,0.07013046588239659,0.02041958561652979,Pass
EOG7PPGTH|Hermetia_illucens|GDDC01.1|GDDC01024065.1,0.025954273653758027,0.07013046588239659,0.02041958561652979,Pass
EOG7PPGTH|Lucilia_sericata|Sample_655211_S1_SPM|NODE_1139_length_1040_cov_88.161008_S,0.018208010541412745,0.07013046588239659,0.02041958561652979,Pass
EOG7PPGTH|Stomoxys_calcitrans|GIFO01.1|GIFO01045232.1,0.0284768307955533,0.08125608448147836,0.022605395594422872,Pass
EOG7PPGTH|Lucilia_sericata|GIFO01.1_1|GIFO01045228.1,0.013440252992997517,0.053497854077253264,0.01716738197424894,Pass
EOG7PPGTH|Hermetia_illucens|GIGR01.1|GIGR01020004.1,0.03394216129030858,0.05783132530120492,0.015662650602409678,Pass
EOG7PPGTH|Rhagoletis_pomonella|GIFR01.1|GIFR01040532.1,0.03056582181792721,0.06691051995163237,0.019347037484885088,Pass
EOG7PPGTH|Ceratitis_capitata|AB33593873_S12_SPM|NODE_2313_length_344_cov_7.843318_R,0.0060273382843611945,0.04007157464212676,0.014314928425357865,Pass
EOG7PPGTH|Stomoxys_calcitrans|AB34950737_S20_SPM|NODE_2029_length_365_cov_13.205882_R,0.01016820525241928,0.04154551961500975,0.011733979044834308,Pass
EOG7PPGTH|Ceratitis_capitata|AB48933026_S24_SPM|NODE_2982_length_420_cov_19.221843_R,0.01777408995745505,0.05479048495068719,0.013439623894935804,Pass
EOG7PPGTH|Bombyx_mori|JSS18765_S51_SPM|NODE_3080_length_191_cov_992_AU,0.0,0.005,0.0,Pass
EOG7PPGTH|Bombyx_mori|AB49104653_S38_SPM|NODE_1351_length_254_cov_3.653543_R,0.0,0.005,0.0,Pass
EOG7PPGTH|Stomoxys_calcitrans|AB59883956_S41_SPM|NODE_124_length_540_cov_6.535109_R,0.015761720344237885,0.06836984033533121,0.019959341615969572,Pass
EOG7PPGTH|Stomoxys_calcitrans|AHE_164_S19_merged_SPM|NODE_16067_length_653_cov_13.402778_R,0.014679506661821816,0.05190966719492861,0.01267828843106178,Pass
EOG7PPGTH|Stomoxys_calcitrans|AB59937875_S42_SPM|NODE_1766_length_469_cov_15.862573_R,0.017672460587355276,0.05190966719492861,0.01267828843106178,Pass
EOG7PPGTH|Stomoxys_calcitrans|AHE_100_S30_merged_SPM|NODE_595_length_823_cov_22.867292_R,0.015143644290218288,0.06318706413476914,0.017262458938640757,Pass
EOG7PPGTH|Scaptodrosophila_lebanonensis|AHE_91_S2_merged_SPM|NODE_19285_length_777_cov_18.771429_R,0.01551103634892667,0.06344226579520713,0.0185185185185186,Pass
EOG7PPGTH|Scaptodrosophila_lebanonensis|AHE_51_S42_merged_SPM|NODE_44812_length_1147_cov_6.363551_R,0.01551103634892667,0.06344226579520713,0.0185185185185186,Pass
EOG7PPGTH|Scaptodrosophila_lebanonensis|AHE_101_S25_merged_SPM|NODE_1357_length_975_cov_9.688196_S,0.01551103634892667,0.06344226579520713,0.0185185185185186,Pass
EOG7PPGTH|Danaus_plexippus|AHE_63_S36_merged_SPM|NODE_2153_length_807_cov_11.993151_S,0.017145121343578904,0.06344226579520713,0.0185185185185186,Pass
EOG7PPGTH|Ceratitis_capitata|JSM_8315_S13_SPM|NODE_6087_length_778_cov_151.980031_S,0.017145121343578904,0.06344226579520713,0.0185185185185186,Pass
EOG7PPGTH|Scaptodrosophila_lebanonensis|JSM_6602_S10_SPM|NODE_4_length_1050_cov_28.125677_R,0.01551103634892667,0.06344226579520713,0.0185185185185186,Pass
EOG7PPGTH|Lucilia_sericata|AHE_68_S60_merged_SPM|NODE_1695_length_764_cov_13.796215_S,0.01551103634892667,0.06344226579520713,0.0185185185185186,Pass
EOG7PPGTH|Scaptodrosophila_lebanonensis|AHE_259_S18_SPM|NODE_2763_length_988_cov_18.358946_S,0.017135200991956534,0.06344226579520713,0.0185185185185186,Pass
EOG7PPGTH|Scaptodrosophila_lebanonensis|CAKJUZ01.1|CAKJUZ010000587.1_48,0.01551103634892667,0.06344226579520713,0.0185185185185186,Pass
EOG7PPGTH|Bombyx_mori|ZMFK_18031_S11_SPM|NODE_13950_length_846_cov_8.157163_R,0.01551103634892667,0.06344226579520713,0.0185185185185186,Pass
EOG7PPGTH|Scaptodrosophila_lebanonensis|CAJHUG01.1|CAJHUG010000045.1_9595,0.017145121343578904,0.06344226579520713,0.0185185185185186,Pass
EOG7PPGTH|Scaptodrosophila_lebanonensis|AHE_78_S12_merged_SPM|NODE_1385_length_1081_cov_8.086653_S,0.01761395967448251,0.06344226579520713,0.0185185185185186,Pass
EOG7PPGTH|Scaptodrosophila_lebanonensis|AHE_199_S37_merged_SPM|NODE_17986_length_890_cov_10.230012_R,0.016678772022941758,0.06344226579520713,0.0185185185185186,Pass
EOG7PPGTH|Scaptodrosophila_lebanonensis|AHE_269_S23_SPM|NODE_22265_length_844_cov_16.975228_R,0.01551103634892667,0.06344226579520713,0.0185185185185186,Pass
EOG7PPGTH|Stomoxys_calcitrans|AHE_97_S49_merged_SPM|NODE_2354_length_461_cov_3.177083_S,0.028862807837849832,0.05956906788046696,0.01538689887195721,Pass
EOG7PPGTH|Stomoxys_calcitrans|AHE_102_S3_merged_SPM|NODE_1502_length_565_cov_3.065574_S,0.01576312165092215,0.05956906788046696,0.01538689887195721,Pass
EOG7PPGTH|Hermetia_illucens|JSM_9082_S6_SPM|NODE_2756_length_629_cov_40.852590_S,0.020860989173484983,0.05956906788046696,0.01538689887195721,Pass
EOG7PPGTH|Bradysia_coprophila|AHE_149_S61_merged_SPM|NODE_2139_length_828_cov_15.278296_S,0.015915543074952326,0.06714534140585243,0.018437638988504257,Pass
EOG7PPGTH|Lucilia_sericata|AHE_104_S47_merged_SPM|NODE_31597_length_768_cov_14.373372_R,0.015915543074952326,0.06714534140585243,0.018437638988504257,Pass
EOG7PPGTH|Stomoxys_calcitrans|CNC584400_S81_SPM|NODE_2038_length_594_cov_12.109208_R,0.01682477806475338,0.0738449848024317,0.021276595744680882,Pass
EOG7PPGTH|Stomoxys_calcitrans|AHE_130_S26_merged_SPM|NODE_41933_length_823_cov_10.619303_R,0.01682477806475338,0.0738449848024317,0.021276595744680882,Pass
EOG7PPGTH|Stomoxys_calcitrans|KMM1406_S69_SPM|NODE_726_length_640_cov_3.372320_R,0.01682477806475338,0.0738449848024317,0.021276595744680882,Pass
EOG7PPGTH|Stomoxys_calcitrans|AHE_202_S45_merged_SPM|NODE_1207_length_706_cov_8.993641_S,0.01682477806475338,0.0738449848024317,0.021276595744680882,Pass
EOG7PPGTH|Stomoxys_calcitrans|AHE_131_S8_merged_SPM|NODE_81600_length_771_cov_70.122478_R,0.01682477806475338,0.0738449848024317,0.021276595744680882,Pass
EOG7PPGTH|Stomoxys_calcitrans|AHE_172_S16_merged_SPM|NODE_3742_length_785_cov_16.473164_S,0.01682477806475338,0.0738449848024317,0.021276595744680882,Pass
EOG7PPGTH|Bradysia_coprophila|AHE_134_S14_merged_SPM|NODE_2493_length_823_cov_6.095174_S,0.01907260884180973,0.0738449848024317,0.021276595744680882,Pass
EOG7PPGTH|Stomoxys_calcitrans|CNC451885_S4_SPM|NODE_2136_length_481_cov_11.853107_R,0.01907036759767312,0.0738449848024317,0.021276595744680882,Pass
EOG7PPGTH|Stomoxys_calcitrans|JSBVM_75_S7_SPM|NODE_6442_length_562_cov_27.439080_R,0.01682477806475338,0.0738449848024317,0.021276595744680882,Pass
EOG7PPGTH|Stomoxys_calcitrans|AHE_132_S13_merged_SPM|NODE_98559_length_823_cov_37.203753_R,0.01682477806475338,0.0738449848024317,0.021276595744680882,Pass
EOG7PPGTH|Stomoxys_calcitrans|AHE_198_S28_merged_SPM|NODE_18759_length_840_cov_20.158585_R,0.01682477806475338,0.0738449848024317,0.021276595744680882,Pass
EOG7PPGTH|Stomoxys_calcitrans|AHE_152_S44_merged_SPM|NODE_36043_length_863_cov_21.751908_R,0.01682477806475338,0.0738449848024317,0.021276595744680882,Pass
EOG7PPGTH|Stomoxys_calcitrans|AHE_157_S17_merged_SPM|NODE_4914_length_737_cov_13.260606_R,0.01682477806475338,0.0738449848024317,0.021276595744680882,Pass
EOG7PPGTH|Stomoxys_calcitrans|AHE_128_S38_merged_SPM|NODE_710_length_782_cov_14.268085_S,0.01682477806475338,0.0738449848024317,0.021276595744680882,Pass
EOG7PPGTH|Stomoxys_calcitrans|AHE_79_S46_merged_SPM|NODE_2999_length_560_cov_6.325052_R,0.01682477806475338,0.0738449848024317,0.021276595744680882,Pass
EOG7PPGTH|Ceratitis_capitata|MZH_Y126_S44_SPM|NODE_1203_length_522_cov_15.275949_R,0.01907260884180973,0.0738449848024317,0.021276595744680882,Pass
EOG7PPGTH|Stomoxys_calcitrans|CNC482858_S92_SPM|NODE_190_length_505_cov_4.716931_R,0.01992759935643329,0.0738449848024317,0.021276595744680882,Pass
EOG7PPGTH|Bradysia_coprophila|AHE_138_S13_merged_SPM|NODE_37345_length_658_cov_98.612737_R,0.01682477806475338,0.0738449848024317,0.021276595744680882,Pass
EOG7PPGTH|Stomoxys_calcitrans|AHE_71_S34_merged_SPM|NODE_1465_length_600_cov_6.231358_S,0.01682477806475338,0.0738449848024317,0.021276595744680882,Pass
EOG7PPGTH|Stomoxys_calcitrans|AHE_126_S12_merged_SPM|NODE_1524_length_755_cov_23.977876_S,0.01682477806475338,0.0738449848024317,0.021276595744680882,Pass
EOG7PPGTH|Stomoxys_calcitrans|AHE_33_S59_merged_SPM|NODE_5656_length_591_cov_4.101167_R,0.01992759935643329,0.0738449848024317,0.021276595744680882,Pass
EOG7PPGTH|Stomoxys_calcitrans|JSM_10050_S14_SPM|NODE_1856_length_595_cov_24.286325_S,0.01682477806475338,0.0738449848024317,0.021276595744680882,Pass
EOG7PPGTH|Stomoxys_calcitrans|CAJHUJ01.1|CAJHUJ010000639.1_234,0.01682477806475338,0.0738449848024317,0.021276595744680882,Pass
EOG7PPGTH|Stomoxys_calcitrans|AHE_189_S21_merged_SPM|NODE_3491_length_918_cov_31.466112_S,0.01682477806475338,0.0738449848024317,0.021276595744680882,Pass
EOG7PPGTH|Stomoxys_calcitrans|CNC944366_S48_SPM|NODE_2358_length_574_cov_62.129754_S,0.01682477806475338,0.0738449848024317,0.021276595744680882,Pass
EOG7PPGTH|Stomoxys_calcitrans|AHE_127_S63_merged_SPM|NODE_859_length_943_cov_17.875289_S,0.01682477806475338,0.0738449848024317,0.021276595744680882,Pass
EOG7PPGTH|Stomoxys_calcitrans|AHE_139_S14_merged_SPM|NODE_32157_length_753_cov_8.284024_R,0.01682477806475338,0.0738449848024317,0.021276595744680882,Pass
EOG7PPGTH|Stomoxys_calcitrans|AHE_105_S55_merged_SPM|NODE_24764_length_831_cov_13.614058_R,0.01682477806475338,0.0738449848024317,0.021276595744680882,Pass
EOG7PPGTH|Stomoxys_calcitrans|AHE_162_S18_merged_SPM|NODE_37015_length_750_cov_15.433878_R,0.019637702059319022,0.0738449848024317,0.021276595744680882,Pass
EOG7PPGTH|Lucilia_sericata|AHE_5_S56_merged_SPM|NODE_1266_length_560_cov_3.608696_S,0.016676990563626194,0.06971773808842342,0.020116587478771986,Pass
EOG7PPGTH|Lucilia_sericata|AHE_183_S63_merged_SPM|NODE_2534_length_684_cov_13.868204_S,0.016676990563626194,0.06971773808842342,0.020116587478771986,Pass
EOG7PPGTH|Lucilia_sericata|AHE_203_S24_merged_SPM|NODE_44337_length_768_cov_25516_A,0.016676990563626194,0.06971773808842342,0.020116587478771986,Pass
EOG7PPGTH|Lucilia_sericata|AHE_58_S43_merged_SPM|NODE_3944_length_524_cov_2.454139_S,0.016676990563626194,0.06971773808842342,0.020116587478771986,Pass
EOG7PPGTH|Lucilia_sericata|JSM_4774_S13_SPM|NODE_1009_length_631_cov_44.418651_S,0.016676990563626194,0.06971773808842342,0.020116587478771986,Pass
EOG7PPGTH|Lucilia_sericata|S_BOT_SPECIMEN337_S27_SPM|NODE_1482_length_746_cov_15.820679_R,0.016676990563626194,0.06971773808842342,0.020116587478771986,Pass
EOG7PPGTH|Lucilia_sericata|CNC1042823_S29_SPM|NODE_2152_length_587_cov_9.415217_R,0.016676990563626194,0.06971773808842342,0.020116587478771986,Pass
EOG7PPGTH|Lucilia_sericata|AHE_106_S62_merged_SPM|NODE_9450_length_809_cov_10.591530_R,0.016676990563626194,0.06971773808842342,0.020116587478771986,Pass
EOG7PPGTH|Lucilia_sericata|wvs06189_S30_SPM|NODE_719_length_527_cov_2.945000_S,0.026058128684626272,0.06971773808842342,0.020116587478771986,Pass
EOG7PPGTH|Lucilia_sericata|AHE_282_S24_SPM|NODE_1727_length_565_cov_6.010246_S,0.018960017733111845,0.06971773808842342,0.020116587478771986,Pass
EOG7PPGTH|Lucilia_sericata|AHE_191_S25_merged_SPM|NODE_3942_length_802_cov_11.394483_S,0.016676990563626194,0.06971773808842342,0.020116587478771986,Pass
EOG7PPGTH|Stomoxys_calcitrans|CAJZLI01|CAJZLI010000437.1_556,0.02049547713611015,0.07720490826315493,0.02314704971067938,Pass
EOG7PPGTH|Lucilia_sericata|JSM_8398_S11_SPM|NODE_5872_length_659_cov_24.244361_R,0.018879764037588686,0.07720490826315493,0.02314704971067938,Pass
EOG7PPGTH|Teleopsis_dalmanni|AHE_107_S69_merged_SPM|NODE_2683_length_740_cov_10.105581_S,0.02223198854061189,0.07720490826315493,0.02314704971067938,Pass
EOG7PPGTH|Bradysia_coprophila|AHE_82_S29_merged_SPM|NODE_1403_length_741_cov_17.224398_S,0.018879764037588686,0.07720490826315493,0.02314704971067938,Pass
EOG7PPGTH|Lucilia_sericata|AHE_115_S22_merged_SPM|NODE_69296_length_818_cov_13.832659_R,0.018391409776887458,0.07720490826315493,0.02314704971067938,Pass
EOG7PPGTH|Ceratitis_capitata|AHE_80_S13_merged_SPM|NODE_296_length_1200_cov_6.393589_S,0.019384380651125348,0.07720490826315493,0.02314704971067938,Pass
EOG7PPGTH|Stomoxys_calcitrans|AHE_40_S58_merged_SPM|NODE_1703_length_762_cov_3.256934_S,0.017143252633086973,0.07720490826315493,0.02314704971067938,Pass
EOG7PPGTH|Stomoxys_calcitrans|AHE_56_S48_merged_SPM|NODE_1816_length_760_cov_9.245974_S,0.017143252633086973,0.07720490826315493,0.02314704971067938,Pass
EOG7PPGTH|Hermetia_illucens|AHE_77_S24_merged_SPM|NODE_1840_length_737_cov_9.090909_S,0.021073820189685264,0.07720490826315493,0.02314704971067938,Pass
EOG7PPGTH|Stomoxys_calcitrans|JSM_642_S1_SPM|NODE_8140_length_1060_cov_1.216506_S,0.018884744098981186,0.07720490826315493,0.02314704971067938,Pass
EOG7PPGTH|Stomoxys_calcitrans|AHE_93_S36_merged_SPM|NODE_4498_length_663_cov_2.540956_R,0.033218908540998474,0.07720490826315493,0.02314704971067938,Pass
EOG7PPGTH|Lucilia_sericata|JSM_8384_S2_SPM|NODE_21242_length_1003_cov_80.442922_R,0.019414431250090448,0.07720490826315493,0.02314704971067938,Pass
EOG7PPGTH|Stomoxys_calcitrans|AHE_119_S48_merged_SPM|NODE_61227_length_877_cov_15.542500_R,0.018391409776887458,0.07720490826315493,0.02314704971067938,Pass
EOG7PPGTH|Lucilia_sericata|AHE_278_S24_SPM|NODE_1546_length_738_cov_14.493192_R,0.018879764037588686,0.07720490826315493,0.02314704971067938,Pass
EOG7PPGTH|Stomoxys_calcitrans|AHE_260_S19_SPM|NODE_2559_length_667_cov_15.383051_S,0.023577497227981553,0.07720490826315493,0.02314704971067938,Pass
EOG7PPGTH|Glossina_morsitans|AHE_108_S50_merged_SPM|NODE_1032_length_960_cov_15.850510_S,0.014947761130179238,0.055000000000000035,0.01404056162246492,Pass
EOG7PPGTH|Stomoxys_calcitrans|AHE_254_S17_SPM|NODE_124438_length_459_cov_2593_AU,0.01724936395798229,0.055000000000000035,0.01404056162246492,Pass
EOG7PPGTH|Glossina_morsitans|AHE_129_S7_merged_SPM|NODE_57995_length_632_cov_3.290090_R,0.014947761130179238,0.055000000000000035,0.01404056162246492,Pass
EOG7PPGTH|Glossina_morsitans|AHE_10_S47_merged_SPM|NODE_22329_length_975_cov_8.168151_R,0.01567019369273203,0.06015101045655114,0.01663776377466042,Pass
EOG7PPGTH|Glossina_morsitans|AHE_281_S27_SPM|NODE_16970_length_790_cov_13.517532_R,0.017921906831133587,0.06015101045655114,0.01663776377466042,Pass
EOG7PPGTH|Glossina_morsitans|AHE_111_S34_merged_SPM|NODE_3870_length_330_cov_2.924901_S,0.003508771929824555,0.03012820512820504,0.01025641025641022,Pass
EOG7PPGTH|Stomoxys_calcitrans|AHE_112_S42_merged_SPM|NODE_1567_length_560_cov_3.316770_S,0.014928370581458449,0.05215956939829338,0.012606002049862508,Pass
EOG7PPGTH|Glossina_morsitans|AHE_160_S17_merged_SPM|NODE_2063_length_582_cov_1.000000_S,0.014928370581458449,0.05215956939829338,0.012606002049862508,Pass
EOG7PPGTH|Stomoxys_calcitrans|AHE_185_S39_merged_SPM|NODE_2708_length_424_cov_0.832853_S,0.05117420108803346,0.05215956939829338,0.012606002049862508,Pass
EOG7PPGTH|Ceratitis_capitata|AHE_113_S4_merged_SPM|NODE_41845_length_528_cov_2.416851_R,0.017804317874201243,0.05408789386401315,0.013266998341625147,Pass
EOG7PPGTH|Ceratitis_capitata|AHE_114_S60_merged_SPM|NODE_1284_length_577_cov_0.940000_S,0.03965392934390775,0.059355700380398425,0.015341799060192507,Pass
EOG7PPGTH|Stomoxys_calcitrans|AHE_197_S33_merged_SPM|NODE_1126_length_1079_cov_27.461078_S,0.014655524541564614,0.06124651170425816,0.01668636527791456,Pass
EOG7PPGTH|Lucilia_sericata|AHE_171_S44_merged_SPM|NODE_1883_length_877_cov_23.873750_S,0.014655524541564614,0.06124651170425816,0.01668636527791456,Pass
EOG7PPGTH|Scaptodrosophila_lebanonensis|ZFMK_DIP00061256_S84_SPM|NODE_1211_length_889_cov_4.803150_R,0.020027117800065497,0.06124651170425816,0.01668636527791456,Pass
EOG7PPGTH|Stomoxys_calcitrans|AHE_271_S21_SPM|NODE_5570_length_759_cov_9.322581_S,0.014655524541564614,0.06124651170425816,0.01668636527791456,Pass
EOG7PPGTH|Hermetia_illucens|AHE_159_S37_merged_SPM|NODE_770_length_1157_cov_18.499074_S,0.017113623194704792,0.06124651170425816,0.01668636527791456,Pass
EOG7PPGTH|Stomoxys_calcitrans|CNC569435_S94_SPM|NODE_3237_length_1017_cov_14.074157_R,0.014655524541564614,0.06124651170425816,0.01668636527791456,Pass
EOG7PPGTH|Lucilia_sericata|AHE_7_S39_merged_SPM|NODE_7237_length_935_cov_6.877622_R,0.014655524541564614,0.06124651170425816,0.01668636527791456,Pass
EOG7PPGTH|Lucilia_sericata|AHE_143_S57_merged_SPM|NODE_610_length_1254_cov_26.831776_S,0.021331540734623854,0.06124651170425816,0.01668636527791456,Pass
EOG7PPGTH|Scaptodrosophila_lebanonensis|AHE_144_S36_merged_SPM|NODE_37534_length_854_cov_14.701416_R,0.014655524541564614,0.06124651170425816,0.01668636527791456,Pass
EOG7PPGTH|Stomoxys_calcitrans|CAJVCN01|CAJVCN010000244.1_305,0.014655524541564614,0.06124651170425816,0.01668636527791456,Pass
EOG7PPGTH|Stomoxys_calcitrans|AHE_146_S23_merged_SPM|NODE_3086_length_946_cov_28.227848_S,0.014655524541564614,0.06124651170425816,0.01668636527791456,Pass
EOG7PPGTH|Stomoxys_calcitrans|AHE_276_S23_SPM|NODE_77510_length_940_cov_14858_A,0.014655524541564614,0.06124651170425816,0.01668636527791456,Pass
EOG7PPGTH|Zeugodacus_cucurbitae|AHE_161_S18_merged_SPM|NODE_2645_length_1013_cov_81.971154_S,0.014655524541564614,0.06124651170425816,0.01668636527791456,Pass
EOG7PPGTH|Zeugodacus_cucurbitae|AHE_13_S26_merged_SPM|NODE_17440_length_708_cov_2.583201_R,0.02084253112917107,0.06124651170425816,0.01668636527791456,Pass
EOG7PPGTH|Stomoxys_calcitrans|AHE_116_S35_merged_SPM|NODE_57178_length_1087_cov_23.786139_R,0.014655524541564614,0.06124651170425816,0.01668636527791456,Pass
EOG7PPGTH|Stomoxys_calcitrans|Sample_487784_S4_SPM|NODE_31900_length_3209_cov_5.820247_R,0.014655524541564614,0.06124651170425816,0.01668636527791456,Pass
EOG7PPGTH|Lucilia_sericata|AHE_174_S49_merged_SPM|NODE_733_length_1067_cov_33.739394_S,0.014655524541564614,0.06124651170425816,0.01668636527791456,Pass
EOG7PPGTH|Scaptodrosophila_lebanonensis|AHE_156_S45_merged_SPM|NODE_719_length_1017_cov_13.250000_S,0.021403174841120465,0.06124651170425816,0.01668636527791456,Pass
EOG7PPGTH|Ceratitis_capitata|AHE_148_S53_merged_SPM|NODE_535_length_1067_cov_10.343434_S,0.026366464227521844,0.06124651170425816,0.01668636527791456,Pass
EOG7PPGTH|Lucilia_sericata|JSM_7804_S15_SPM|NODE_16289_length_943_cov_26.106618_R,0.016587895128637092,0.06124651170425816,0.01668636527791456,Pass
EOG7PPGTH|Danaus_plexippus|AHE_133_S17_merged_SPM|NODE_2449_length_926_cov_19.323910_S,0.014655524541564614,0.06124651170425816,0.01668636527791456,Pass
EOG7PPGTH|Bombyx_mori|AHE_257_S20_SPM|NODE_1504_length_723_cov_9.210526_S,0.016573091274393967,0.06124651170425816,0.01668636527791456,Pass
EOG7PPGTH|Zeugodacus_cucurbitae|AHE_266_S26_SPM|NODE_70081_length_955_cov_56.596811_R,0.014655524541564614,0.06124651170425816,0.01668636527791456,Pass
EOG7PPGTH|Stomoxys_calcitrans|AHE_169_S19_merged_SPM|NODE_2065_length_1146_cov_29.981291_S,0.014655524541564614,0.06124651170425816,0.01668636527791456,Pass
EOG7PPGTH|Stomoxys_calcitrans|AHE_125_S6_merged_SPM|NODE_1554_length_931_cov_28.535129_S,0.014655524541564614,0.06124651170425816,0.01668636527791456,Pass
EOG7PPGTH|Lucilia_sericata|AHE_65_S28_merged_SPM|NODE_935_length_849_cov_10.809585_S,0.014655524541564614,0.06124651170425816,0.01668636527791456,Pass
EOG7PPGTH|Bombyx_mori|AHE_60_S67_merged_SPM|NODE_91601_length_717_cov_9.839063_R,0.014655524541564614,0.06124651170425816,0.01668636527791456,Pass
EOG7PPGTH|Hermetia_illucens|JSM_11249_S5_SPM|NODE_40235_length_670_cov_1.489871_S,0.04492720536188506,0.06124651170425816,0.01668636527791456,Pass
EOG7PPGTH|Stomoxys_calcitrans|AHE_153_S15_merged_SPM|NODE_915_length_991_cov_14.637856_S,0.014655524541564614,0.06124651170425816,0.01668636527791456,Pass
EOG7PPGTH|Stomoxys_calcitrans|AHE_195_S23_merged_SPM|NODE_1578_length_1115_cov_50.992293_S,0.014655524541564614,0.06124651170425816,0.01668636527791456,Pass
EOG7PPGTH|Stomoxys_calcitrans|AHE_215_S30_merged_SPM|NODE_15991_length_961_cov_4.509050_R,0.014655524541564614,0.06124651170425816,0.01668636527791456,Pass
EOG7PPGTH|Stomoxys_calcitrans|AHE_277_S24_SPM|NODE_878_length_1311_cov_8.229335_S,0.023814436059074715,0.06124651170425816,0.01668636527791456,Pass
EOG7PPGTH|Zeugodacus_cucurbitae|CAJVQV01|CAJVQV010000377.1_530,0.014655524541564614,0.06124651170425816,0.01668636527791456,Pass
EOG7PPGTH|Lucilia_sericata|AHE_117_S52_merged_SPM|NODE_1146_length_886_cov_9.974042_S,0.016402475943509992,0.06237967914438502,0.018181818181818188,Pass
EOG7PPGTH|Stomoxys_calcitrans|JSM_7821_S9_SPM|NODE_42884_length_769_cov_562.961059_R,0.015254326931473059,0.06237967914438502,0.018181818181818188,Pass
EOG7PPGTH|Stomoxys_calcitrans|AHE_118_S50_merged_SPM|NODE_1203_length_666_cov_11.013582_S,0.015221741874179608,0.0634975588104749,0.017354638260097643,Pass
EOG7PPGTH|Stomoxys_calcitrans|AHE_182_S27_merged_SPM|NODE_75201_length_450_cov_5276_AU,0.01647622077996227,0.057039745210773554,0.013908438103871879,Pass
EOG7PPGTH|Ceratitis_capitata|JSS_29956_S1_SPM|NODE_1396_length_436_cov_5.702265_R,0.019415200826370195,0.057039745210773554,0.013908438103871879,Pass
EOG7PPGTH|Stomoxys_calcitrans|KMM1404_S64_SPM|NODE_2197_length_463_cov_5.982143_R,0.01647622077996227,0.057039745210773554,0.013908438103871879,Pass
EOG7PPGTH|Stomoxys_calcitrans|AHE_120_S31_merged_SPM|NODE_22973_length_371_cov_28189_A,0.01647622077996227,0.057039745210773554,0.013908438103871879,Pass
EOG7PPGTH|Lucilia_sericata|CAKKTD01|CAKKTD010000020.1_929,0.01647622077996227,0.057039745210773554,0.013908438103871879,Pass
EOG7PPGTH|Bradysia_coprophila|AHE_124_S16_merged_SPM|NODE_21339_length_428_cov_5372_A,0.01647622077996227,0.057039745210773554,0.013908438103871879,Pass
EOG7PPGTH|Stomoxys_calcitrans|JSM_6145_S8_SPM|NODE_601265_length_366_cov_1056_AU,0.019418544990361705,0.057039745210773554,0.013908438103871879,Pass
EOG7PPGTH|Stomoxys_calcitrans|JSM_7567_II_S15_SPM|NODE_1068_length_369_cov_8.619835_R,0.01647622077996227,0.057039745210773554,0.013908438103871879,Pass
EOG7PPGTH|Stomoxys_calcitrans|CNC1531678_S31_SPM|NODE_1920_length_379_cov_2.722222_R,0.01647622077996227,0.057039745210773554,0.013908438103871879,Pass
EOG7PPGTH|Stomoxys_calcitrans|CNC_Diptera158252_S45_SPM|NODE_2026_length_379_cov_4.908730_R,0.01647622077996227,0.057039745210773554,0.013908438103871879,Pass
EOG7PPGTH|Contarinia_nasturtii|JSM_10605_S1_SPM|NODE_62480_length_363_cov_2.648305_R,0.02871614931922407,0.057039745210773554,0.013908438103871879,Pass
EOG7PPGTH|Ceratitis_capitata|AHE_145_S52_merged_SPM|NODE_1741_length_381_cov_1.835526_S,0.019415200826370195,0.057039745210773554,0.013908438103871879,Pass
EOG7PPGTH|Stomoxys_calcitrans|AHE_204_S41_merged_SPM|NODE_200197_length_462_cov_11575_A,0.051482873851294894,0.057039745210773554,0.013908438103871879,Pass
EOG7PPGTH|Stomoxys_calcitrans|AHE_173_S62_merged_SPM|NODE_48310_length_507_cov_2.967442_R,0.01647622077996227,0.057039745210773554,0.013908438103871879,Pass
EOG7PPGTH|Stomoxys_calcitrans|AHE_123_S56_merged_SPM|NODE_36721_length_760_cov_6.774524_R,0.017321879793968126,0.06723897911832939,0.019721577726218076,Pass
EOG7PPGTH|Stomoxys_calcitrans|AHE_12_S18_merged_SPM|NODE_2763_length_782_cov_17.896454_S,0.015623843834777796,0.06809444813094438,0.019781795518014955,Pass
EOG7PPGTH|Scaptodrosophila_lebanonensis|AHE_135_S42_merged_SPM|NODE_32356_length_728_cov_2.709677_R,0.017150212886723214,0.05228434504792344,0.012779552715655007,Pass
EOG7PPGTH|Glossina_morsitans|AHE_178_S61_merged_SPM|NODE_2009_length_534_cov_2.120350_S,0.023877786719840838,0.05228434504792344,0.012779552715655007,Pass
EOG7PPGTH|Stomoxys_calcitrans|AHE_50_S50_merged_SPM|NODE_1920_length_663_cov_25.663823_S,0.017481889391781465,0.07269438312484691,0.021142997301937805,Pass
EOG7PPGTH|Stomoxys_calcitrans|AHE_136_S35_merged_SPM|NODE_33056_length_743_cov_11.079580_R,0.01887948743631665,0.07269438312484691,0.021142997301937805,Pass
EOG7PPGTH|Glossina_morsitans|AHE_137_S51_merged_SPM|NODE_1741_length_572_cov_3.268687_S,0.024328987512489728,0.05154088050314464,0.012578616352201255,Pass
EOG7PPGTH|Bombyx_mori|AHE_141_S15_merged_SPM|NODE_46535_length_281_cov_0.598039_S,0.022556390977443636,0.005,0.0,Fail
EOG7PPGTH|Bombyx_mori|LEM_0014396_S65_SPM|NODE_645_length_240_cov_5.318584_R,0.0,0.005,0.0,Pass
EOG7PPGTH|Stomoxys_calcitrans|AHE_147_S43_merged_SPM|NODE_91262_length_135_cov_210_AU,0.01907112740614841,0.07065158978952071,0.02149574563367662,Pass
EOG7PPGTH|Lucilia_sericata|AHE_151_S53_merged_SPM|NODE_1906_length_821_cov_22.642473_S,0.015340461965559942,0.06396956411921759,0.017494767987298765,Pass
EOG7PPGTH|Stomoxys_calcitrans|AHE_158_S43_merged_SPM|NODE_1657_length_568_cov_3.965377_S,0.021955620083122122,0.060107291283820106,0.016849961833140137,Pass
EOG7PPGTH|Lucilia_sericata|AHE_15_S51_merged_SPM|NODE_2508_length_790_cov_8.934081_S,0.0162779504830756,0.07148932565232119,0.020845234061093065,Pass
EOG7PPGTH|Ceratitis_capitata|AHE_265_S23_SPM|NODE_3016_length_813_cov_23.387228_S,0.01909716276536654,0.07148932565232119,0.020845234061093065,Pass
EOG7PPGTH|Scaptodrosophila_lebanonensis|AHE_166_S24_merged_SPM|NODE_5923_length_898_cov_14.510353_R,0.016969852150445476,0.057290565634077674,0.01554231809353801,Pass
EOG7PPGTH|Stomoxys_calcitrans|AHE_167_S32_merged_SPM|NODE_1749_length_727_cov_90.861538_R,0.015764211047416064,0.06653488043183613,0.018256390915412424,Pass
EOG7PPGTH|Stomoxys_calcitrans|AHE_168_S70_merged_SPM|NODE_2833_length_818_cov_22.345479_S,0.01789846533453098,0.07074754901960789,0.02083333333333337,Pass
EOG7PPGTH|Lucilia_sericata|AHE_16_S58_merged_SPM|NODE_1501_length_595_cov_4.766409_S,0.015892242255613347,0.059226621881269106,0.01724838235709636,Pass
EOG7PPGTH|Stomoxys_calcitrans|AHE_176_S44_merged_SPM|NODE_2010_length_555_cov_1.566946_R,0.019180268890793443,0.06936703869344735,0.020459809128299367,Pass
EOG7PPGTH|Glossina_morsitans|AHE_177_S46_merged_SPM|NODE_1422_length_778_cov_3.522111_S,0.03696366179394651,0.05694479297365122,0.01505646173149311,Pass
EOG7PPGTH|Lucilia_sericata|AHE_179_S20_merged_SPM|NODE_4892_length_623_cov_2.256410_S,0.009577833262043773,0.05275614408819564,0.017370137685345677,Pass
EOG7PPGTH|Stomoxys_calcitrans|AHE_180_S71_merged_SPM|NODE_9878_length_298_cov_1.004525_R,0.004748713889988157,0.023421052631579082,0.007518796992481258,Pass
EOG7PPGTH|Zeugodacus_cucurbitae|AHE_188_S54_merged_SPM|NODE_1100_length_262_cov_0.881081_R,0.02665230852066224,0.023797953964194426,0.007672634271099765,Fail
EOG7PPGTH|Zeugodacus_cucurbitae|AHE_190_S36_merged_SPM|NODE_3547_length_571_cov_1.467611_S,0.004632608415905275,0.022970660146699216,0.007334963325183352,Pass
EOG7PPGTH|Stomoxys_calcitrans|AHE_193_S55_merged_SPM|NODE_27178_length_623_cov_2.432234_R,0.017180715152617133,0.057281879194630805,0.014765100671140896,Pass
EOG7PPGTH|Stomoxys_calcitrans|AHE_194_S22_merged_SPM|NODE_16844_length_627_cov_8.496364_R,0.017117281245368727,0.07107142857142856,0.020935960591133007,Pass
EOG7PPGTH|Lucilia_sericata|PROBE_TW0069_S35_SPM|NODE_448_length_318_cov_5.198953_R,0.013557838120727639,0.040034429789713395,0.01147836220138776,Pass
EOG7PPGTH|Stomoxys_calcitrans|AHE_196_S62_merged_SPM|NODE_120_length_1325_cov_20.319712_S,0.010167541599966403,0.040034429789713395,0.01147836220138776,Pass
EOG7PPGTH|Stomoxys_calcitrans|AHE_200_S63_merged_SPM|NODE_3539_length_347_cov_0.822222_R,0.05630765460028675,0.04467739782516452,0.010836038767561451,Fail
EOG7PPGTH|Bombyx_mori|AHE_49_S59_merged_SPM|NODE_733_length_944_cov_8.911188_S,0.014992536649885885,0.06138822251934496,0.01787608457114409,Pass
EOG7PPGTH|Ceratitis_capitata|CNC1178158_S85_SPM|NODE_432_length_893_cov_8.216710_S,0.014992536649885885,0.06138822251934496,0.01787608457114409,Pass
EOG7PPGTH|Bombyx_mori|CAJMZT01.1|CAJMZT010000211.1_80,0.014992536649885885,0.06138822251934496,0.01787608457114409,Pass
EOG7PPGTH|Bombyx_mori|AHE_72_S37_merged_SPM|NODE_2024_length_892_cov_4.926380_S,0.023980118687380727,0.06138822251934496,0.01787608457114409,Pass
EOG7PPGTH|Danaus_plexippus|AHE_53_S32_merged_SPM|NODE_1575_length_851_cov_19.604651_S,0.014992536649885885,0.06138822251934496,0.01787608457114409,Pass
EOG7PPGTH|Bombyx_mori|CAKLPK01.1|CAKLPK010000031.1_769,0.014992536649885885,0.06138822251934496,0.01787608457114409,Pass
EOG7PPGTH|Bombyx_mori|JSM_11804_S12_SPM|NODE_402167_length_1275_cov_3557_A,0.02031758983424225,0.06138822251934496,0.01787608457114409,Pass
EOG7PPGTH|Bombyx_mori|AHE_203_S73_merged_SPM|NODE_1329_length_893_cov_12.161765_S,0.021674485861050082,0.06138822251934496,0.01787608457114409,Pass
EOG7PPGTH|Glossina_morsitans|AHE_205_S52_merged_SPM|NODE_17296_length_262_cov_1.891892_S,0.0,0.005,0.0,Pass
EOG7PPGTH|Stomoxys_calcitrans|AHE_208_S54_merged_SPM|NODE_1154_length_702_cov_8.036800_S,0.01889283674149662,0.07056526199453209,0.020691989191304327,Pass
EOG7PPGTH|Stomoxys_calcitrans|AHE_20_S56_merged_SPM|NODE_1591_length_822_cov_13.165101_S,0.023204858679401797,0.06306277056277061,0.018398268398268414,Pass
EOG7PPGTH|Zeugodacus_cucurbitae|AHE_210_S53_merged_SPM|NODE_44699_length_542_cov_13631_A,0.019041527379102592,0.06384187620889738,0.017069632495164355,Pass
EOG7PPGTH|Stomoxys_calcitrans|CNC571880_S96_SPM|NODE_96_length_485_cov_1.664804_R,0.01745049029914172,0.06011056993247169,0.0147277901178402,Pass
EOG7PPGTH|Ceratitis_capitata|AHE_212_S47_merged_SPM|NODE_4012_length_359_cov_2.095745_S,0.02056329164832078,0.06011056993247169,0.0147277901178402,Pass
EOG7PPGTH|Bombyx_mori|AHE_214_S47_merged_SPM|NODE_594_length_738_cov_6.108926_S,0.04123883239395185,0.06695150115473444,0.019630484988452657,Pass
EOG7PPGTH|Glossina_morsitans|AHE_220_S54_merged_SPM|NODE_25125_length_247_cov_0.717647_S,0.0045372050816697,0.04724137931034491,0.017241379310344862,Pass
EOG7PPGTH|Glossina_morsitans|AHE_22_S34_merged_SPM|NODE_1966_length_642_cov_5.097345_S,0.01834591073125604,0.056250000000000015,0.014473684210526305,Pass
EOG7PPGTH|Stomoxys_calcitrans|AHE_250_S55_merged_SPM|NODE_1650_length_598_cov_10.291747_S,0.02869713724597267,0.06492721569723707,0.018604087102728428,Pass
EOG7PPGTH|Stomoxys_calcitrans|AHE_255_S18_SPM|NODE_66473_length_405_cov_15.948171_R,0.021543840559378722,0.07346600867078693,0.021326445899824797,Pass
EOG7PPGTH|Glossina_morsitans|AHE_255_S18_SPM_1|NODE_423_length_1425_cov_13.972552_S,0.00455966649296509,0.02925742574257428,0.00990099009900991,Pass
EOG7PPGTH|Ceratitis_capitata|AHE_258_S17_SPM|NODE_27176_length_459_cov_1.714660_S,0.015193247252735345,0.05528873483766806,0.018291543788948372,Pass
EOG7PPGTH|Stomoxys_calcitrans|AHE_262_S21_SPM|NODE_1564_length_801_cov_11.267956_S,0.015569095212225948,0.0674075220022004,0.019520077007700865,Pass
EOG7PPGTH|Bombyx_mori|AHE_263_S22_SPM|NODE_1611_length_751_cov_6.566766_S,0.015556632086301647,0.06514573991031394,0.01905829596412556,Pass
EOG7PPGTH|Lucilia_sericata|AHE_264_S21_SPM|NODE_87482_length_782_cov_6.451064_R,0.017995183804623463,0.07112626362379468,0.02073151024365716,Pass
EOG7PPGTH|Zeugodacus_cucurbitae|AHE_267_S19_SPM|NODE_296178_length_726_cov_38886_A,0.02082341965526794,0.06474387527839641,0.018930957683741645,Pass
EOG7PPGTH|Stomoxys_calcitrans|AHE_268_S20_SPM|NODE_8286_length_365_cov_1.750000_R,0.016743302699832433,0.057881638485353645,0.014133085874305062,Pass
EOG7PPGTH|Stomoxys_calcitrans|AHE_270_S22_SPM|NODE_13150_length_384_cov_2.146580_S,0.017405246462646254,0.051654740608229006,0.012471249680552021,Pass
EOG7PPGTH|Stomoxys_calcitrans|AHE_272_S22_SPM|NODE_105286_length_700_cov_14.382022_R,0.018357090235800285,0.06992604006163339,0.020563504292317902,Pass
EOG7PPGTH|Stomoxys_calcitrans|AHE_274_S21_SPM|NODE_70319_length_664_cov_20.921635_R,0.017794971799191768,0.07562068965517238,0.022068965517241357,Pass
EOG7PPGTH|Stomoxys_calcitrans|JSM13506_S57_SPM|NODE_279_length_897_cov_21.681818_S,0.015543364857562936,0.06645475372279501,0.019473081328751474,Pass
EOG7PPGTH|Stomoxys_calcitrans|AHE_279_S25_SPM|NODE_2646_length_887_cov_21.812346_S,0.015543364857562936,0.06645475372279501,0.019473081328751474,Pass
EOG7PPGTH|Stomoxys_calcitrans|AHE_280_S24_SPM|NODE_5273_length_559_cov_24.087137_S,0.01902704477868769,0.06354472630173559,0.01735647530040052,Pass
EOG7PPGTH|Stomoxys_calcitrans|AHE_283_S23_SPM|NODE_130001_length_697_cov_1.562903_R,0.018048537435070143,0.05906905055487062,0.01602959309494456,Pass
EOG7PPGTH|Lucilia_sericata|AHE_29_S32_merged_SPM|NODE_1172_length_728_cov_22.213518_S,0.03253734096685474,0.07776889071187681,0.023293227600036492,Pass
EOG7PPGTH|Ceratitis_capitata|AHE_39_S41_merged_SPM|NODE_23046_length_627_cov_3.790909_R,0.015877831432275905,0.06610612852112001,0.018129094494442555,Pass
EOG7PPGTH|Lucilia_sericata|AHE_45_S33_merged_SPM|NODE_1658_length_634_cov_10.886894_S,0.01575039931038265,0.06559944751381212,0.01797866260240044,Pass
EOG7PPGTH|Bombyx_mori|AHE_54_S60_merged_SPM|NODE_1660_length_1056_cov_16.362615_S,0.014907465067540097,0.06150245483768109,0.01795486548034142,Pass
EOG7PPGTH|Drosophila_ficusphila|AHE_4_S10_merged_SPM|NODE_627_length_1305_cov_45.735342_S,0.014907465067540097,0.06150245483768109,0.01795486548034142,Pass
EOG7PPGTH|Glossina_morsitans|AHE_52_S1_merged_SPM|NODE_1440_length_792_cov_34.618182_S,0.015175168726307881,0.05542630937880617,0.014616321559074219,Pass
EOG7PPGTH|Stomoxys_calcitrans|AHE_57_S9_merged_SPM|NODE_670_length_773_cov_3.943966_R,0.02218103022288097,0.06750547391154157,0.019797200077246724,Pass
EOG7PPGTH|Ceratitis_capitata|AHE_64_S44_merged_SPM|NODE_70354_length_628_cov_3.372051_R,0.019609405145792503,0.07189833350443145,0.02089450090681999,Pass
EOG7PPGTH|Ceratitis_capitata|AHE_66_S68_merged_SPM|NODE_1502_length_793_cov_11.252793_S,0.027271743090684673,0.06930049151255255,0.020159597283383013,Pass
EOG7PPGTH|Stomoxys_calcitrans|AHE_67_S40_merged_SPM|NODE_979_length_646_cov_4.520211_S,0.017329221708030692,0.07197877652933822,0.02122347066167285,Pass
EOG7PPGTH|Lucilia_sericata|JSM_10506_S5_SPM|NODE_931_length_900_cov_173.382924_S,0.017329221708030692,0.07197877652933822,0.02122347066167285,Pass
EOG7PPGTH|Bombyx_mori|AHE_69_S34_merged_SPM|NODE_15307_length_422_cov_2.185507_R,0.007663698861715309,0.0627087794432547,0.023554603854389677,Pass
EOG7PPGTH|Bombyx_mori|AHE_6_S42_merged_SPM|NODE_26204_length_329_cov_0.880952_R,0.009271884374147814,0.0748186528497409,0.02849740932642486,Pass
EOG7PPGTH|Lucilia_sericata|AHE_70_S45_merged_SPM|NODE_2809_length_711_cov_10.246057_S,0.014820765423939461,0.06190342264604871,0.016881380079702635,Pass
EOG7PPGTH|Stomoxys_calcitrans|AHE_74_S51_merged_SPM|NODE_2051_length_525_cov_4.138393_S,0.015529399869620408,0.06876538490941067,0.02008256249522211,Pass
EOG7PPGTH|Teleopsis_dalmanni|CNC468289_S15_SPM|NODE_2408_length_484_cov_9.098039_R,0.017859355562868395,0.06876538490941067,0.02008256249522211,Pass
EOG7PPGTH|Bombyx_mori|AHE_75_S41_merged_SPM|NODE_1784_length_751_cov_6.991098_S,0.022837933251248287,0.06575877689694229,0.01925254813137034,Pass
EOG7PPGTH|Lucilia_sericata|AHE_76_S32_merged_SPM|NODE_3541_length_696_cov_4.890145_R,0.016743652272321417,0.06894517282479137,0.020262216924910592,Pass
EOG7PPGTH|Stomoxys_calcitrans|AHE_81_S53_merged_SPM|NODE_2289_length_609_cov_3.295113_S,0.016867215642813717,0.07114285714285717,0.020000000000000018,Pass
EOG7PPGTH|Lucilia_sericata|JSM_9639_II_S16_SPM|NODE_3588_length_572_cov_29.056180_R,0.01978373410064637,0.07114285714285717,0.020000000000000018,Pass
EOG7PPGTH|Lucilia_sericata|AHE_84_S14_merged_SPM|NODE_909_length_839_cov_8.845144_S,0.020959639428840177,0.06389132821075749,0.01866081229418226,Pass
EOG7PPGTH|Stomoxys_calcitrans|Sample_519660_S4_SPM|NODE_2118_length_419_cov_9.777397_R,0.0154590146196982,0.05383282579019217,0.013052609471805088,Pass
EOG7PPGTH|Hermetia_illucens|JSM_10699_S3_SPM|NODE_1656618_length_369_cov_794_AU,0.017624576152602208,0.05383282579019217,0.013052609471805088,Pass
EOG7PPGTH|Stomoxys_calcitrans|AHE_87_S41_merged_SPM|NODE_1372_length_414_cov_1.486647_S,0.018219461174151658,0.05383282579019217,0.013052609471805088,Pass
EOG7PPGTH|Stomoxys_calcitrans|AHE_94_S37_merged_SPM|NODE_1549_length_646_cov_20.005272_S,0.021116207552275622,0.07424715909090898,0.02130681818181812,Pass
EOG7PPGTH|Lucilia_sericata|JSM_6314_S15_SPM|NODE_23874_length_558_cov_16.658933_R,0.019970315468064218,0.07424715909090898,0.02130681818181812,Pass
EOG7PPGTH|Lucilia_sericata|AHE_88_S35_merged_SPM|NODE_663_length_650_cov_4.272251_S,0.024945214985365335,0.07424715909090898,0.02130681818181812,Pass
EOG7PPGTH|Stomoxys_calcitrans|AHE_92_S10_merged_SPM|NODE_23130_length_398_cov_2.442368_R,0.015737555970618725,0.05625619824764088,0.01383472944348152,Pass
EOG7PPGTH|Stomoxys_calcitrans|AHE_95_S21_merged_SPM|NODE_3464_length_706_cov_11.284579_S,0.019774449500055774,0.07296901872635211,0.0214181152058619,Pass
EOG7PPGTH|Bombyx_mori|AHE_9_S57_merged_SPM|NODE_2180_length_333_cov_0.621094_S,0.05164513113447233,0.06638952164009106,0.02505694760820043,Pass
EOG7PPGTH|Bombyx_mori|AusMusK407292_S60_SPM|NODE_76_length_131_cov_303_A,0.0,0.005,0.0,Pass
EOG7PPGTH|Ceratitis_capitata|CNC457425_S9_SPM|NODE_115604_length_247_cov_677_AU,0.02015677491601343,0.024652406417112378,0.008021390374331583,Pass
EOG7PPGTH|Stomoxys_calcitrans|CNC102312_S62_SPM|NODE_20808_length_270_cov_1027_A,0.00506614128905152,0.024652406417112378,0.008021390374331583,Pass
EOG7PPGTH|Bombyx_mori|CNC1054967_II_S79_SPM|NODE_266_length_138_cov_266_A,0.0,0.005,0.0,Pass
EOG7PPGTH|Glossina_morsitans|JSM_10502_S4_SPM|NODE_25715_length_157_cov_4.000000_R,0.0,0.005,0.0,Pass
EOG7PPGTH|Bombyx_mori|CNC484014_S2_SPM|NODE_12479_length_134_cov_208_A,0.0,0.005,0.0,Pass
EOG7PPGTH|Danaus_plexippus|CNC_Dip208891_S34_SPM|NODE_43767_length_225_cov_390_AU,0.0,0.005,0.0,Pass
EOG7PPGTH|Stomoxys_calcitrans|JSM12015_S64_SPM|NODE_906_length_578_cov_32.895787_g903_i0_R,0.020147719120528484,0.07146412105449826,0.020758954959215092,Pass
EOG7PPGTH|Stomoxys_calcitrans|CNC1059087_S66_SPM|NODE_1366_length_631_cov_12.751984_S,0.01948095711828575,0.07146412105449826,0.020758954959215092,Pass
EOG7PPGTH|Glossina_morsitans|CNC1059123_S33_SPM|NODE_1180_length_375_cov_10.762097_R,0.006110782574413577,0.03711610486891393,0.01310861423220977,Pass
EOG7PPGTH|Glossina_morsitans|CNC106372_S63_SPM|NODE_1132_length_152_cov_244_A,0.0420203735144312,0.005,0.0,Fail
EOG7PPGTH|Lucilia_sericata|CNC1584451_S52_SPM|NODE_1690_length_419_cov_2.626712_R,0.02478732029706858,0.060752961082910305,0.0186125211505922,Pass
EOG7PPGTH|Stomoxys_calcitrans|KMM1400_S62_SPM|NODE_545_length_415_cov_17.784722_R,0.012653138606951591,0.060752961082910305,0.0186125211505922,Pass
EOG7PPGTH|Stomoxys_calcitrans|JSBVM_8_S11_SPM|NODE_4363_length_439_cov_94.509615_R,0.012653138606951591,0.060752961082910305,0.0186125211505922,Pass
EOG7PPGTH|Danaus_plexippus|JSM_6258_S12_SPM|NODE_215508_length_330_cov_719_AU,0.0,0.005,0.0,Pass
EOG7PPGTH|Glossina_morsitans|CNC254465_S69_SPM|NODE_15423_length_191_cov_1510_AU,0.0,0.005,0.0,Pass
EOG7PPGTH|Stomoxys_calcitrans|JSM_4972_S8_SPM|NODE_137896_length_312_cov_9920_AU,0.012566740407138028,0.03995575221238943,0.008849557522123908,Pass
EOG7PPGTH|Stomoxys_calcitrans|CNC254466_S52_SPM|NODE_83410_length_313_cov_8236_AU,0.012566740407138028,0.03995575221238943,0.008849557522123908,Pass
EOG7PPGTH|Stomoxys_calcitrans|CNC452105_S5_SPM|NODE_509_length_587_cov_18.356522_R,0.020255608788553387,0.07664022912535788,0.02236175369024007,Pass
EOG7PPGTH|Stomoxys_calcitrans|JSM_8355_S10_SPM|NODE_2436_length_616_cov_5.419223_R,0.017460859469148573,0.07664022912535788,0.02236175369024007,Pass
EOG7PPGTH|Ceratitis_capitata|CNC457392_S6_SPM|NODE_1886_length_308_cov_3.955801_R,0.004385964912280686,0.02201388888888883,0.00694444444444442,Pass
EOG7PPGTH|Stomoxys_calcitrans|CNC464825_S42_SPM|NODE_709_length_483_cov_1.466292_g708_i0_R,0.021469962835853323,0.06606506578259637,0.018189149231665258,Pass
EOG7PPGTH|Stomoxys_calcitrans|CNC482954_S16_SPM|NODE_2689_length_173_cov_3.043478_R,0.006488824801730374,0.030171232876712428,0.010273972602739767,Pass
EOG7PPGTH|Ceratitis_capitata|CNC484134_S71_SPM|NODE_99_length_565_cov_17.847032_S,0.01972426747358057,0.07523319615912205,0.021947873799725626,Pass
EOG7PPGTH|Aedes_aegypti|CNC484138_S72_SPM|NODE_10_length_366_cov_3.389121_R,0.01577397459439479,0.04459106984969053,0.011450044208664911,Pass
EOG7PPGTH|Bombyx_mori|CNC484671_S18_SPM|NODE_61235_length_116_cov_172_AU,0.0,0.005,0.0,Pass
EOG7PPGTH|Bombyx_mori|CNC485015_II_S80_SPM|NODE_22543_length_185_cov_450_AU,0.0,0.005,0.0,Pass
EOG7PPGTH|Ceratitis_capitata|CNC485058_S23_SPM|NODE_134286_length_311_cov_791_AU,0.022537313342731336,0.057457314166121105,0.014019862144756035,Pass
EOG7PPGTH|Stomoxys_calcitrans|CNC485132_S85_SPM|NODE_177036_length_218_cov_376_AU,0.018378946262331625,0.06112081254454745,0.01621525302922311,Pass
EOG7PPGTH|Glossina_morsitans|CNC485277_S24_SPM|NODE_268784_length_195_cov_330_AU,0.017167387206242734,0.10300000000000009,0.040000000000000036,Pass
EOG7PPGTH|Ceratitis_capitata|CNC485366_II_S76_SPM|NODE_43_length_422_cov_3.288136_R,0.017953172169765767,0.05449832775919729,0.013377926421404673,Pass
EOG7PPGTH|Stomoxys_calcitrans|CNC566583_S21_SPM|NODE_2395_length_521_cov_24.182741_R,0.018769668971565744,0.05555584826132778,0.013645943097997937,Pass
EOG7PPGTH|Stomoxys_calcitrans|CNC566616_S95_SPM|NODE_1039_length_524_cov_11.010076_R,0.019162755016057045,0.06642243240908716,0.019067979614753483,Pass
EOG7PPGTH|Stomoxys_calcitrans|CNC566754_S93_SPM|NODE_552_length_430_cov_11.402640_R,0.01646947833402473,0.04649603828351776,0.011575407871493804,Pass
EOG7PPGTH|Stomoxys_calcitrans|CNC590648_S22_SPM|NODE_2841_length_355_cov_5.754386_R,0.014738873279823553,0.05039748953974912,0.012552301255230214,Pass
EOG7PPGTH|Zeugodacus_cucurbitae|CNC590663_S23_SPM|NODE_27354_length_188_cov_316_AU,0.005902606984751599,0.027897196261682248,0.009345794392523366,Pass
EOG7PPGTH|Ceratitis_capitata|CNC611910_S25_SPM|NODE_458_length_442_cov_2.704762_R,0.018198814982652856,0.05328711256117456,0.013050570962479635,Pass
EOG7PPGTH|Danaus_plexippus|CNC684456_S45_SPM|NODE_93712_length_141_cov_222_AU,0.0,0.005,0.0,Pass
EOG7PPGTH|Stomoxys_calcitrans|CNC866427_S83_SPM|NODE_470_length_722_cov_15.885714_R,0.027801192931245344,0.06917464114832539,0.020334928229665095,Pass
EOG7PPGTH|Zeugodacus_cucurbitae|CNC_Dip101676_S59_SPM|NODE_361_length_148_cov_804_AU,0.01740571902196433,0.0339370078740157,0.011811023622047223,Pass
EOG7PPGTH|Stomoxys_calcitrans|CNC_Dip103096_S49_SPM|NODE_884_length_189_cov_3088_A,0.0058479532163742895,0.02768518518518529,0.0092592592592593,Pass
EOG7PPGTH|Bombyx_mori|CNC_Dip183103_S71_SPM|NODE_2925_length_122_cov_377_A,0.0,0.005,0.0,Pass
EOG7PPGTH|Danaus_plexippus|JSM_6206_S14_SPM|NODE_226496_length_187_cov_314_AU,0.0,0.005,0.0,Pass
EOG7PPGTH|Glossina_morsitans|CNC_Diptera103008_S86_SPM|NODE_59859_length_182_cov_642_AU,0.0,0.005,0.0,Pass
EOG7PPGTH|Danaus_plexippus|CNC_Diptera106420_S67_SPM|NODE_495_length_187_cov_551_A,0.0,0.005,0.0,Pass
EOG7PPGTH|Stomoxys_calcitrans|CNC_Diptera246675_S43_SPM|NODE_1354_length_735_cov_10.550987_R,0.017610202169372736,0.06507838745800658,0.01903695408734596,Pass
EOG7PPGTH|Ceratitis_capitata|CNC_Diptera50238_S49_SPM|NODE_941_length_338_cov_6.914692_R,0.019610719856616044,0.05756275556565189,0.014047997663399703,Pass
EOG7PPGTH|Bombyx_mori|CNC_Diptera74086_S47_SPM|NODE_1848_length_318_cov_5.235602_R,0.0,0.005,0.0,Pass
EOG7PPGTH|Bombyx_mori|INBIOCRI001146849_S51_SPM|NODE_1199_length_227_cov_2.460000_R,0.0,0.005,0.0,Pass
EOG7PPGTH|Stomoxys_calcitrans|JSBVM0060_S56_SPM|NODE_52311_length_373_cov_20526_AU,0.014880122785391163,0.044616865001072946,0.009342138965615088,Pass
EOG7PPGTH|Ceratitis_capitata|JSM12800_S50_SPM|NODE_11417_length_213_cov_366_AU,0.02348847324923876,0.02524793388429745,0.008264462809917328,Pass
EOG7PPGTH|Stomoxys_calcitrans|JSM_4942_S10_SPM|NODE_6044_length_591_cov_16.465517_R,0.0177639854621922,0.07378572772399007,0.021483668359889352,Pass
EOG7PPGTH|Ceratitis_capitata|JSM13170_S54_SPM|NODE_568_length_556_cov_7.974359_S,0.019749995862219653,0.07378572772399007,0.021483668359889352,Pass
EOG7PPGTH|Glossina_morsitans|JSM4882_S65_SPM|NODE_20690_length_228_cov_4097_A,0.0,0.005,0.0,Pass
EOG7PPGTH|Bombyx_mori|JSS17104_S21_SPM|NODE_116916_length_217_cov_374_AU,0.0,0.005,0.0,Pass
EOG7PPGTH|Danaus_plexippus|JSM5576_S67_SPM|NODE_6620_length_277_cov_809_A,0.002844950213371266,0.031486486486486484,0.010810810810810811,Pass
EOG7PPGTH|Lucilia_sericata|JSM7636_S58_SPM|NODE_353_length_792_cov_101.565414_g351_i0_R,0.01640212171555018,0.07206766083654412,0.021050214026348435,Pass
EOG7PPGTH|Lucilia_sericata|JSM_10051_S8_SPM|NODE_224196_length_194_cov_328_AU,0.022795843110962114,0.17665605095541398,0.07006369426751591,Pass
EOG7PPGTH|Lucilia_sericata|JSM_10540_S15_SPM|NODE_180859_length_283_cov_974_AU,0.017411274738909955,0.04953090013434839,0.012875055978504246,Pass
EOG7PPGTH|Stomoxys_calcitrans|JSM_10551_S1_SPM|NODE_971_length_802_cov_25.194074_S,0.015609931132813323,0.06673762945914836,0.019562715765247374,Pass
EOG7PPGTH|Contarinia_nasturtii|JSM_10609_S2_SPM|NODE_11179433_length_180_cov_300_AU,0.03844574047579218,0.09116101676392793,0.02300395602474148,Pass
EOG7PPGTH|Stomoxys_calcitrans|JSS17021_S19_SPM|NODE_29505_length_240_cov_420_AU,0.032196578935069484,0.09116101676392793,0.02300395602474148,Pass
EOG7PPGTH|Glossina_morsitans|JSM_11142_S4_SPM|NODE_629000_length_320_cov_662_AU,0.04671301564983078,0.12266198785225246,0.037784645762238944,Pass
EOG7PPGTH|Rhagoletis_pomonella|JSM_11384_S6_SPM|NODE_1257259_length_160_cov_481_AU,0.007149950347567029,0.03273584905660377,0.01132075471698113,Pass
EOG7PPGTH|Glossina_morsitans|JSM_11396_S7_SPM|NODE_2024007_length_90_cov_120_AU,0.0,0.005,0.0,Pass
EOG7PPGTH|Glossina_morsitans|JSM_11457_S8_SPM|NODE_1635377_length_278_cov_1504_AU,0.005471058102637027,0.040654885654885516,0.014553014553014498,Pass
EOG7PPGTH|Glossina_morsitans|JSM_11468_S9_SPM|NODE_6394_length_727_cov_3.391667_S,0.0166510175618573,0.0631902349354375,0.01737356527977041,Pass
EOG7PPGTH|Lucilia_sericata|JSM_11807_S13_SPM|NODE_1412351_length_164_cov_268_AU,0.021297269613532066,0.059997253178464764,0.018011301208601393,Pass
EOG7PPGTH|Stomoxys_calcitrans|JSM_2594_S5_SPM|NODE_4678_length_416_cov_3.809689_R,0.012260193239525694,0.047832087608912846,0.013366552651211228,Pass
EOG7PPGTH|Danaus_plexippus|JSM_2977_S7_SPM|NODE_386822_length_123_cov_310_AU,0.027327935222672073,0.005,0.0,Fail
EOG7PPGTH|Stomoxys_calcitrans|JSM_3555_S6_SPM|NODE_190_length_366_cov_3.234310_R,0.011437608328975266,0.04023445569097305,0.009626110307787705,Pass
EOG7PPGTH|Bombyx_mori|JSM_4641_II_S8_SPM|NODE_111965_length_171_cov_282_AU,0.0,0.005,0.0,Pass
EOG7PPGTH|Glossina_morsitans|JSM_4776_S1_SPM|NODE_1509_length_180_cov_133.792453_R,0.0,0.005,0.0,Pass
EOG7PPGTH|Stomoxys_calcitrans|JSM_6704_S2_SPM|NODE_3683_length_675_cov_19.043796_R,0.02024020784085441,0.07387034659820281,0.02182284980744542,Pass
EOG7PPGTH|Lucilia_sericata|JSM_4904_S2_SPM|NODE_5223_length_657_cov_46.116981_R,0.020355285191950418,0.07387034659820281,0.02182284980744542,Pass
EOG7PPGTH|Bombyx_mori|JSM_5000_S11_SPM|NODE_4123_length_170_cov_3.000000_R,0.0,0.005,0.0,Pass
EOG7PPGTH|Bombyx_mori|JSM_5292_S3_SPM|NODE_548455_length_144_cov_228_AU,0.0,0.005,0.0,Pass
EOG7PPGTH|Glossina_morsitans|JSM_5716_II_S12_SPM|NODE_30935_length_148_cov_3.142857_R,0.0,0.005,0.0,Pass
EOG7PPGTH|Stomoxys_calcitrans|JSM_5861_S5_SPM|NODE_214189_length_137_cov_214_AU,0.019577851233414063,0.072392330383481,0.022064896755162322,Pass
EOG7PPGTH|Lucilia_sericata|JSM_5907_S13_SPM|NODE_61713_length_459_cov_45.250000_R,0.015234794528383144,0.05368421052631563,0.013157894736842035,Pass
EOG7PPGTH|Lucilia_sericata|JSM_6713_S4_SPM|NODE_12360_length_468_cov_5.903226_R,0.017661180510032286,0.05368421052631563,0.013157894736842035,Pass
EOG7PPGTH|Danaus_plexippus|JSM_6055_S7_SPM|NODE_225_length_2332_cov_1.879819_S,0.00660124888492417,0.04330508474576276,0.013559322033898313,Pass
EOG7PPGTH|Stomoxys_calcitrans|JSM_6152_S9_SPM|NODE_1752566_length_291_cov_1352_AU,0.031375602378203714,0.09976378942078139,0.028960924739288796,Pass
EOG7PPGTH|Bombyx_mori|JSM_6153_S10_SPM|NODE_1750771_length_180_cov_345_AU,0.009716599190283367,0.005,0.0,Fail
EOG7PPGTH|Stomoxys_calcitrans|JSM_9557_S16_SPM|NODE_2489_length_311_cov_28.989130_R,0.01627240586756341,0.048333043564651526,0.010220555362376427,Pass
EOG7PPGTH|Stomoxys_calcitrans|JSM_6163_S11_SPM|NODE_350043_length_356_cov_1104_AU,0.01927423512489174,0.048333043564651526,0.010220555362376427,Pass
EOG7PPGTH|Lucilia_sericata|JSM_6608_S1_SPM|NODE_11169_length_734_cov_97.481054_R,0.01596202184681438,0.06514573991031394,0.01905829596412556,Pass
EOG7PPGTH|Stomoxys_calcitrans|JSM_6712_S3_SPM|NODE_43274_length_386_cov_7.729730_R,0.010399374148559673,0.0448305084745763,0.013182674199623379,Pass
EOG7PPGTH|Stomoxys_calcitrans|JSM_6892_S6_SPM|NODE_12786_length_627_cov_15.098000_R,0.01886190135083888,0.07314487350199739,0.02128362183754995,Pass
EOG7PPGTH|Ceratitis_capitata|JSM_6897_S6_SPM|NODE_1747_length_662_cov_47.489720_S,0.018224883263001562,0.06891734893190801,0.02003437616907422,Pass
EOG7PPGTH|Stomoxys_calcitrans|JSM_7037_II_S3_SPM|NODE_5612_length_448_cov_10.928349_S,0.0179177135237823,0.053025674358141116,0.012837179070523286,Pass
EOG7PPGTH|Stomoxys_calcitrans|JSM_7174_S7_SPM|NODE_8598_length_631_cov_38.206349_R,0.01703479513918255,0.06287984815459853,0.017171253663165964,Pass
EOG7PPGTH|Stomoxys_calcitrans|JSM_7334_S8_SPM|NODE_591_length_640_cov_7.693957_R,0.017366976319535772,0.07224980980704046,0.02100421882564485,Pass
EOG7PPGTH|Lucilia_sericata|JSM_8931_S10_SPM|NODE_14867_length_714_cov_85.671210_R,0.01600668113721432,0.06834120425029513,0.02007083825265643,Pass
EOG7PPGTH|Stomoxys_calcitrans|JSM_9049_S13_SPM|NODE_1219_length_293_cov_4.024096_R,0.015051658344591271,0.05480967730873438,0.014402798257947325,Pass
EOG7PPGTH|Glossina_morsitans|JSM_9163_II_S3_SPM|NODE_7045_length_686_cov_71.939177_R,0.018730109136901898,0.05850274725274717,0.015109890109890056,Pass
EOG7PPGTH|Stomoxys_calcitrans|JSM_9171_S15_SPM|NODE_723_length_692_cov_21.844248_S,0.016892652793540533,0.07273989898989912,0.02146464646464652,Pass
EOG7PPGTH|Stomoxys_calcitrans|JSS13088_S4_SPM|NODE_69934_length_255_cov_1534_AU,0.00498614958448755,0.024342105263157953,0.007894736842105288,Pass
EOG7PPGTH|Stomoxys_calcitrans|JSS17053_S20_SPM|NODE_108730_length_198_cov_336_AU,0.030869581904807698,0.08762206148282109,0.02206148282097653,Pass
EOG7PPGTH|Bombyx_mori|JSS18928_S36_SPM|NODE_49881_length_166_cov_272_AU,0.0,0.005,0.0,Pass
EOG7PPGTH|Stomoxys_calcitrans|JSS18986_S37_SPM|NODE_169164_length_347_cov_999_AU,0.008970921262529514,0.03591512887745509,0.010129619551773605,Pass
EOG7PPGTH|Stomoxys_calcitrans|JSS42569_S72_SPM|NODE_354_length_452_cov_9.529231_g353_i0_R,0.015415956268965122,0.05521280158922638,0.013553468925770584,Pass
EOG7PPGTH|Stomoxys_calcitrans|JSS50551_S55_SPM|NODE_40858_length_319_cov_8972_AU,0.004511278195488706,0.02249999999999994,0.0071428571428571175,Pass
EOG7PPGTH|Stomoxys_calcitrans|KMM1399_S61_SPM|NODE_1011_length_259_cov_2.424242_R,0.004511278195488706,0.02249999999999994,0.0071428571428571175,Pass
EOG7PPGTH|Ceratitis_capitata|JSS_18925_S78_SPM|NODE_727_length_324_cov_3.598985_R,0.006352087114337575,0.04196120689655169,0.015086206896551713,Pass
EOG7PPGTH|Glossina_morsitans|JSS_26307_S77_SPM|NODE_242_length_269_cov_4.492958_R,0.0,0.005,0.0,Pass
EOG7PPGTH|Stomoxys_calcitrans|JSS_29946_S53_SPM|NODE_1883_length_384_cov_2.618677_R,0.01596372154617023,0.05492355795786317,0.01815868381598673,Pass
EOG7PPGTH|Lucilia_sericata|JSS_30548_S2_SPM|NODE_1816_length_250_cov_2.195122_R,0.017569180669630816,0.0421764705882353,0.009411764705882342,Pass
EOG7PPGTH|Bombyx_mori|JSS_42447_S54_SPM|NODE_3640_length_349_cov_1352_AU,0.07256910512355154,0.06102910602910589,0.022869022869022815,Fail
EOG7PPGTH|Glossina_morsitans|JSS_42606_S56_SPM|NODE_422_length_293_cov_3.746988_R,0.002506265664160392,0.02800469483568081,0.009389671361502372,Pass
EOG7PPGTH|Stomoxys_calcitrans|JSS_42618_S57_SPM|NODE_840_length_352_cov_2.057778_R,0.017943101772916265,0.06166297274356326,0.015141940960105682,Pass
EOG7PPGTH|Ceratitis_capitata|KMM1402_S63_SPM|NODE_3473_length_269_cov_948_AU,0.004325883201153551,0.02513698630136978,0.008219178082191747,Pass
EOG7PPGTH|Bombyx_mori|QM_REG_NO_T221129_S36_SPM|NODE_2836_length_137_cov_214_AU,0.0,0.005,0.0,Pass
EOG7PPGTH|Stomoxys_calcitrans|QM_REG_NO_T222516_S37_SPM|NODE_1410_length_380_cov_5.252964_R,0.005879563774300598,0.03590090090090085,0.012612612612612595,Pass
EOG7PPGTH|Bombyx_mori|Sander_Bot_Spec_74_S41_SPM|NODE_95411_length_139_cov_218_AU,0.0,0.005,0.0,Pass
EOG7PPGTH|Stomoxys_calcitrans|USNM_ENT27989_S88_SPM|NODE_339_length_577_cov_4.813333_S,0.013787984958784714,0.04746575342465758,0.011741682974559686,Pass
EOG7PPGTH|Stomoxys_calcitrans|ZFMK_DIP_00061255_S34_SPM|NODE_634_length_326_cov_4.271357_R,0.004325883201153586,0.021780821917808287,0.006849315068493178,Pass
EOG7PPGTH|Ceratitis_capitata|ZMFK_18025_S5_SPM|NODE_382_length_557_cov_26.739535_R,0.017858720289469658,0.06001882057716428,0.016311166875784155,Pass
EOG7PPGTH|Lucilia_sericata|CAKAIX01.1|CAKAIX010000045.1_554,0.008327067669172928,0.04623214285714292,0.01464285714285718,Pass
EOG7PPGTH|Zeugodacus_cucurbitae|CAJNIT01|CAJNIT010000124.1_928,0.016020845136666795,0.059661990230807115,0.017386794721333976,Pass
EOG7PPGTH|Stomoxys_calcitrans|CAKKXW01|CAKKXW010000002.1_13837,0.02388879819146825,0.07984340612832219,0.022187442778025313,Pass
EOG7PPGTH|Danaus_plexippus|CAKKXW01_1|CAKKXW010000002.1_13836,0.006448239804810048,0.04241721854304649,0.013245033112582849,Pass
