EOG7KDRW7|Bactrocera_oleae|130501_249_44|s1002_L_932_0_a_21_8_l_2941,0.15426862851599848,0.47399587562100015,0.15161609189525438,Pass
EOG7KDRW7|Rhagoletis_pomonella|130608_189_16|C145961_a_16_0_l_2139,0.15906029117408305,0.5253302610347977,0.1700465489055435,Pass
EOG7KDRW7|Zeugodacus_cucurbitae|130608_189_16_1|C145213_a_5_0_l_1923,0.10817754127829383,0.33274154355965435,0.10303599543389586,Pass
EOG7KDRW7|Bactrocera_oleae|130919_247_37|C97038_a_32_0_l_1910,0.1878499098909996,0.6410215987178963,0.21303885670498401,Pass
EOG7KDRW7|Lucilia_sericata|130919_247_37_1|C86830_a_30_0_l_960,0.12411718537721904,0.32764166627084024,0.09869309429942119,Pass
EOG7KDRW7|Bactrocera_dorsalis|130919_247_37_2|C71184_a_3_0_l_471,0.11065993314994532,0.3500410484376112,0.10870214744070983,Pass
EOG7KDRW7|Bactrocera_oleae|130919_247_55|s7152_L_17420_0_a_18_2_l_4880,0.14184460833105603,0.4192766206650712,0.13188158174312048,Pass
EOG7KDRW7|Bactrocera_oleae|GIFR01.1|GIFR01071239.1,0.17196140717614342,0.4192766206650712,0.13188158174312048,Pass
EOG7KDRW7|Ceratitis_capitata|GIGQ01.1|GIGQ01037010.1,0.12533334809455682,0.4192766206650712,0.13188158174312048,Pass
EOG7KDRW7|Ceratitis_capitata|130928_232_71|s2032_L_2151_2_a_50_4_l_4608,0.13823759896527762,0.4192766206650712,0.13188158174312048,Pass
EOG7KDRW7|Ceratitis_capitata|130314_269_33|s2697_L_4392_0_a_25_4_l_2096,0.14233767372236655,0.599035532936097,0.1997528784492022,Pass
EOG7KDRW7|Ceratitis_capitata|120823_263_57|s11340_L_37977_0_a_35_5_l_2730,0.1935874377605225,0.5550451003983005,0.1825171273480447,Pass
EOG7KDRW7|Ceratitis_capitata|130919_247_21|s10325_L_30361_0_a_18_8_l_2849,0.14473774142710014,0.4674601362569797,0.15064706244806259,Pass
EOG7KDRW7|Zeugodacus_cucurbitae|130919_247_21_2|C106350_a_4_0_l_507,0.14399487698360272,0.3562813389818738,0.1048287083428413,Pass
EOG7KDRW7|Ceratitis_capitata|130928_232_22|C74923_a_50_0_l_2536,0.14554459383968874,0.4706085641854144,0.15193209150816978,Pass
EOG7KDRW7|Hermetia_illucens|130928_232_22_1|C71267_a_13_0_l_1515,0.14615037820916127,0.3567985472279922,0.10777091101448899,Pass
EOG7KDRW7|Ceratitis_capitata|130919_247_44|s1605_L_2483_0_a_45_2_l_1703,0.20689373789738338,0.6304604990045325,0.20930571440674373,Pass
EOG7KDRW7|Hermetia_illucens|130919_247_44_1|s694_L_903_0_a_25_9_l_1180,0.12720835879613018,0.2752732134940723,0.08318818196118805,Pass
EOG7KDRW7|Ceratitis_capitata|130928_232_84|C55646_a_9_0_l_1467,0.20734553227421806,0.7207407634784506,0.24105668576525152,Pass
EOG7KDRW7|Musca_domestica|130928_232_84_2|C37624_a_6_0_l_421,0.08264745553101263,0.3294304719194626,0.11040349518602843,Pass
EOG7KDRW7|Zeugodacus_cucurbitae|130928_232_84_3|C44280_a_5_0_l_635,0.16936781677815674,0.43395284594629313,0.13223692663497366,Pass
EOG7KDRW7|Bactrocera_oleae|130928_232_37|C117580_a_12_0_l_2764,0.11623879135909895,0.4569736280731695,0.14726414591221804,Pass
EOG7KDRW7|Bactrocera_oleae|120429_266_9|s5150_L_10484_0_a_32_4_l_3229,0.12510515942262224,0.4678723222332146,0.15082316791240558,Pass
EOG7KDRW7|Ceratitis_capitata|130928_232_126|s7081_L_40145_0_a_31_1_l_1554,0.22661261177659517,0.7048367533059733,0.23618787049703593,Pass
EOG7KDRW7|Ceratitis_capitata|130919_247_17|s5663_L_18347_0_a_11_4_l_1545,0.21994557126388287,0.7775889019472938,0.26826794823756295,Pass
EOG7KDRW7|Zeugodacus_cucurbitae|130919_247_17_2|C66562_a_10_0_l_697,0.15364431591429084,0.4535631489978267,0.15075723600234592,Pass
EOG7KDRW7|Bactrocera_dorsalis|130919_247_17_1|C64906_a_3_0_l_640,0.11943652142941767,0.32721757030214205,0.09950457051147854,Pass
EOG7KDRW7|Ceratitis_capitata|131012_246_93|C86873_a_20_0_l_1504,0.20055545644663778,0.7094695972236053,0.23784497479189948,Pass
EOG7KDRW7|Stomoxys_calcitrans|131012_246_93_1|C64812_a_3_0_l_425,0.07786531397725704,0.3364307982994806,0.11347189418989145,Pass
EOG7KDRW7|Bactrocera_oleae|120126_283_11|s6253_L_13835_0_a_30_1_l_2937,0.14230248717489777,0.45291510512655453,0.14583682383476038,Pass
EOG7KDRW7|Zeugodacus_cucurbitae|120126_283_11_1|C125297_a_8_0_l_1535,0.13036441680965072,0.37110058338426116,0.11505058658619405,Pass
EOG7KDRW7|Musca_domestica|120707_249_19|s12496_L_44912_0_a_34_9_l_2626,0.18974069234252813,0.4677884432817022,0.14998234610204364,Pass
EOG7KDRW7|Hermetia_illucens|120707_249_19_1|s2515_L_3551_0_a_16_6_l_1713,0.17534683906932488,0.3625103737563537,0.10929904121799039,Pass
EOG7KDRW7|Bactrocera_oleae|130919_247_71|C78435_a_13_0_l_2342,0.15899198428958364,0.5202762984946955,0.16832418814742178,Pass
EOG7KDRW7|Ceratitis_capitata|GCNJ01.1|GCNJ01031418.1,0.12665617757801104,0.41823995592374164,0.1311666405422035,Pass
EOG7KDRW7|Bactrocera_oleae|GCVD01.1|GCVD01014242.1,0.12910840957657482,0.41823995592374164,0.1311666405422035,Pass
EOG7KDRW7|Ceratitis_capitata|GIGL01.1|GIGL01033487.1,0.13238281473331245,0.41823995592374164,0.1311666405422035,Pass
EOG7KDRW7|Bactrocera_oleae|GIFH01.1|GIFH01026505.1,0.11630686242962752,0.41823995592374164,0.1311666405422035,Pass
EOG7KDRW7|Ceratitis_capitata|GIGV01.1|GIGV01036859.1,0.11727607630141454,0.41823995592374164,0.1311666405422035,Pass
EOG7KDRW7|Bactrocera_oleae|GCFU01.1|GCFU01016854.1,0.1430189374359133,0.41823995592374164,0.1311666405422035,Pass
EOG7KDRW7|Bactrocera_oleae|GIFO01.1|GIFO01052769.1,0.12212264247040303,0.41823995592374164,0.1311666405422035,Pass
EOG7KDRW7|Ceratitis_capitata|GCFV01.1|GCFV01005076.1,0.12962748205538094,0.41823995592374164,0.1311666405422035,Pass
EOG7KDRW7|Glossina_morsitans|GCGW01.1|GCGW01033530.1,0.13573315073942624,0.2930991325442917,0.08580827758582665,Pass
EOG7KDRW7|Glossina_morsitans|GCGW01.1_2|GCGW01052383.1,0.1750386312214699,0.6066842394429426,0.20244032627435815,Pass
EOG7KDRW7|Lucilia_sericata|GAVA02.1|GAVA02002720.1,0.11548694589978833,0.41938061042342695,0.13195329881784856,Pass
EOG7KDRW7|Ceratitis_capitata|GCGG01.1|GCGG01012161.1,0.17355918703791415,0.4187602302370718,0.13147052975983708,Pass
EOG7KDRW7|Lucilia_sericata|GCFF01.1|GCFF01005963.1,0.1255867442430128,0.5078559433360429,0.16300844434463424,Pass
EOG7KDRW7|Lucilia_sericata|GCNB01.1|GCNB01026949.1,0.11412863533927053,0.4183446788018766,0.13123886321677936,Pass
EOG7KDRW7|Ceratitis_capitata|GAZD02.1|GAZD02018189.1,0.1676637655309148,0.4185688905231145,0.1313934919900469,Pass
EOG7KDRW7|Rhagoletis_pomonella|GCGH01.1|GCGH01018278.1,0.21834343324982938,0.4677119226038457,0.15071316006602065,Pass
EOG7KDRW7|Ceratitis_capitata|GCLW01.1|GCLW01019651.1,0.1464176421920008,0.618067262155284,0.20636866668502263,Pass
EOG7KDRW7|Bactrocera_dorsalis|GCLW01.1_1|GCLW01006783.1,0.10148060244266793,0.35705269607843126,0.10968137254901955,Pass
EOG7KDRW7|Ceratitis_capitata|GCNK01.1|GCNK01074058.1,0.12978881672958678,0.4914006602317989,0.15733230031759382,Pass
EOG7KDRW7|Ceratitis_capitata|GCNK01.1_1|GCNK01057632.1,0.10932611963481208,0.3615717276257914,0.11243935277673056,Pass
EOG7KDRW7|Zeugodacus_cucurbitae|GCMC01.1|GCMC01020834.1,0.20052721746847108,0.529327900077327,0.17230469362794432,Pass
EOG7KDRW7|Musca_domestica|GCFN01.1|GCFN01004719.1,0.11578114188035833,0.4431704520546773,0.13907372876359292,Pass
EOG7KDRW7|Rhagoletis_pomonella|GCGQ01.1|GCGQ01047068.1,0.16285595026381502,0.5430614247120719,0.17736710609169026,Pass
EOG7KDRW7|Lucilia_sericata|GCGQ01.1_1|GCGQ01018995.1,0.0673612723121283,0.25708431873364224,0.08199291707849599,Pass
EOG7KDRW7|Bactrocera_oleae|GDDE01.1|GDDE01024123.1,0.2127339734944803,0.46097263211415823,0.14760530998883625,Pass
EOG7KDRW7|Ceratitis_capitata|GCGS01.1|GCGS01021446.1,0.17076461003490895,0.4997691723989558,0.15977154187429865,Pass
EOG7KDRW7|Teleopsis_dalmanni|GCGS01.1_2|GCGS01004060.1,0.22825001731357802,0.3877137546468402,0.11524163568773238,Pass
EOG7KDRW7|Bactrocera_dorsalis|GCGS01.1_1|GCGS01011867.1,0.14359854874825495,0.3450265669602393,0.10767313337933093,Pass
EOG7KDRW7|Drosophila_melanogaster|GDDH01.1|GDDH01060348.1,0.14547866996017655,0.43982027251465944,0.1360353184421923,Pass
EOG7KDRW7|Scaptodrosophila_lebanonensis|GDDH01.1_1|GDDH01040667.1,0.1411768774533831,0.36156308755572,0.10891239378916029,Pass
EOG7KDRW7|Rhagoletis_pomonella|GCFJ01.1|GCFJ01026855.1,0.1356466637768286,0.41598877961486896,0.12938694881925095,Pass
EOG7KDRW7|Bactrocera_oleae|GCMY01.1|GCMY01086488.1,0.19991323049249932,0.500544084298569,0.159975215465316,Pass
EOG7KDRW7|Stomoxys_calcitrans|GCMY01.1_1|GCMY01064282.1,0.15655897848544198,0.3615721002637797,0.109051548007713,Pass
EOG7KDRW7|Ceratitis_capitata|GCMS01.1|GCMS01025711.1,0.1338328469831748,0.4175534526150526,0.13069318998448698,Pass
EOG7KDRW7|Ceratitis_capitata|GIFF01.1|GIFF01033502.1,0.1215681528422235,0.4190681491608575,0.1317378082919386,Pass
EOG7KDRW7|Bactrocera_oleae|GIFM01.1|GIFM01035536.1,0.11550815037472881,0.4190681491608575,0.1317378082919386,Pass
EOG7KDRW7|Ceratitis_capitata|GDDC01.1|GDDC01028291.1,0.1182084310087173,0.4190681491608575,0.1317378082919386,Pass
EOG7KDRW7|Rhagoletis_pomonella|GIFE01.1|GIFE01026437.1,0.1250529022314251,0.4190681491608575,0.1317378082919386,Pass
EOG7KDRW7|Ceratitis_capitata|GIFT01.1|GIFT01039165.1,0.14148284988017815,0.46193671164647154,0.1479272458956309,Pass
EOG7KDRW7|Zeugodacus_cucurbitae|GIFT01.1_1|GIFT01039170.1,0.12918859453714532,0.36372465859715375,0.10993014324582484,Pass
EOG7KDRW7|Bactrocera_oleae|GIGS01.1|GIGS01056217.1,0.12907403773160653,0.4190890258956929,0.13175220604010096,Pass
EOG7KDRW7|Bactrocera_oleae|GIFS01.1|GIFS01045596.1,0.13754599870250278,0.4190890258956929,0.13175220604010096,Pass
EOG7KDRW7|Zeugodacus_cucurbitae|GIGU01.1|GIGU01045384.1,0.16924352866642592,0.4186492273056885,0.1314488966676841,Pass
EOG7KDRW7|Rhagoletis_pomonella|GIGW01.1|GIGW01031340.1,0.15522679387239904,0.4534973216848461,0.1462383524956511,Pass
EOG7KDRW7|Musca_domestica|GIGW01.1_1|GIGW01031337.1,0.1259754609849033,0.36018010196565575,0.10938128184304052,Pass
EOG7KDRW7|Bactrocera_oleae|GIGM01.1|GIGM01039730.1,0.1796321434202114,0.46883762666331763,0.15115429031783767,Pass
EOG7KDRW7|Ceratitis_capitata|GIGR01.1|GIGR01031971.1,0.1973217343727128,0.5563813243352093,0.18299814113075585,Pass
EOG7KDRW7|Hermetia_illucens|GIGR01.1_3|GIGR01031965.1,0.048881526508342626,0.13598198198198191,0.034414414414414396,Pass
EOG7KDRW7|Hermetia_illucens|GIGR01.1_2|GIGR01031976.1,0.14465811540783802,0.35422900832708226,0.10828140604604597,Pass
EOG7KDRW7|Lucilia_sericata|GHEX01.1|GHEX01008840.1,0.10010742516559011,0.3469499202245738,0.10656856115113844,Pass
EOG7KDRW7|Musca_domestica|GHEX01.1_2|GHEX01002883.1,0.09959189301394356,0.4169242786950754,0.16635601948869377,Pass
EOG7KDRW7|Lucilia_sericata|GHEX01.1_1|GHEX01002884.1,0.15152285266229887,0.5287854652694604,0.16284692037171156,Pass
EOG7KDRW7|Drosophila_melanogaster|GIGP01.1|GIGP01014203.1,0.1041123449264257,0.41689361569762995,0.16633487259390384,Pass
EOG7KDRW7|Teleopsis_dalmanni|GIGP01.1_3|GIGP01014198.1,0.12038806905405217,0.4054106776180697,0.1232032854209445,Pass
EOG7KDRW7|Musca_domestica|GIGP01.1_1|GIGP01014201.1,0.1013357636863557,0.3859410112359549,0.11807116104868909,Pass
EOG7KDRW7|Rhagoletis_pomonella|GIGP01.1_2|GIGP01014197.1,0.2456346874253901,0.7261783536092148,0.22066805254473099,Pass
EOG7KDRW7|Bactrocera_dorsalis|GIGP01.1_4|GIGP01014196.1,0.11635192302932672,0.3125063840653729,0.09118998978549542,Pass
EOG7KDRW7|Zeugodacus_cucurbitae|GIFG01.1|GIFG01041695.1,0.13140477649274301,0.4325876397350609,0.1354558853119756,Pass
EOG7KDRW7|Bactrocera_oleae|GIGT01.1|GIGT01031035.1,0.1291499212646751,0.41175133218567417,0.12567105537853918,Pass
EOG7KDRW7|Lucilia_sericata|AB33593873_S12_SPM|NODE_113447_length_193_cov_326_AU,0.1448349904813456,0.3403803939962476,0.09042213883677297,Pass
EOG7KDRW7|Ceratitis_capitata|AB33593873_S12_SPM_1|NODE_47326_length_313_cov_726_AU,0.13333046405021723,0.3886161197259284,0.10968265416516398,Pass
EOG7KDRW7|Bactrocera_oleae|AHE_100_S30_merged_SPM|NODE_30612_length_251_cov_0.758621_R,0.11980104725405993,0.4214277659441172,0.1252725222403207,Pass
EOG7KDRW7|Bactrocera_dorsalis|AHE_104_S47_merged_SPM|NODE_21417_length_256_cov_0.726257_S,0.07026047276401033,0.28898203592814387,0.0988023952095809,Pass
EOG7KDRW7|Teleopsis_dalmanni|AHE_107_S69_merged_SPM|NODE_46473_length_242_cov_0.787879_S,0.07564092971614907,0.2031444210850169,0.0673392472566916,Pass
EOG7KDRW7|Teleopsis_dalmanni|AHE_113_S4_merged_SPM|NODE_60448_length_445_cov_0.796196_R,0.15051135543264374,0.2788621377754641,0.07325177858754117,Pass
EOG7KDRW7|Glossina_morsitans|AHE_116_S35_merged_SPM|NODE_38736_length_347_cov_0.744444_S,0.10748119419574131,0.40552016999995344,0.14035726115333125,Pass
EOG7KDRW7|Teleopsis_dalmanni|AHE_116_S35_merged_SPM_1|NODE_32782_length_370_cov_0.757679_S,0.11676508810151741,0.1983055311676909,0.06570090722856303,Pass
EOG7KDRW7|Bactrocera_dorsalis|AHE_116_S35_merged_SPM_3|NODE_89642_length_295_cov_0.834862_R,0.2439225169421395,0.6200905292479107,0.1898328690807799,Pass
EOG7KDRW7|Bactrocera_oleae|AHE_116_S35_merged_SPM_2|NODE_11896_length_250_cov_1.271676_R,0.12265415772054347,0.4313355304044886,0.12826168780581737,Pass
EOG7KDRW7|Scaptodrosophila_lebanonensis|AHE_117_S52_merged_SPM|NODE_25470_length_270_cov_0.766839_S,0.11822583164141809,0.3041377605150061,0.0903238567909227,Pass
EOG7KDRW7|Glossina_morsitans|AHE_121_S5_merged_SPM|NODE_22205_length_316_cov_0.928870_S,0.10139055972014419,0.3620556589016192,0.12128482644907623,Pass
EOG7KDRW7|Lucilia_sericata|AHE_122_S39_merged_SPM|NODE_93175_length_440_cov_0.730028_R,0.12851144669058426,0.23634086118228562,0.06918397572189205,Pass
EOG7KDRW7|Hermetia_illucens|JSM_6713_S4_SPM|NODE_9137_length_236_cov_2.568807_R,0.05991047204144962,0.2138768115942028,0.061594202898550665,Pass
EOG7KDRW7|Bactrocera_dorsalis|AHE_122_S39_merged_SPM_1|NODE_17307_length_244_cov_0.886228_R,0.07898197723971204,0.2138768115942028,0.061594202898550665,Pass
EOG7KDRW7|Bactrocera_oleae|AHE_127_S63_merged_SPM|NODE_37920_length_263_cov_0.795699_R,0.12057061358391034,0.27850157728706637,0.082018927444795,Pass
EOG7KDRW7|Teleopsis_dalmanni|AHE_49_S59_merged_SPM|NODE_12522_length_262_cov_1.200000_R,0.09836560147456984,0.27850157728706637,0.082018927444795,Pass
EOG7KDRW7|Lucilia_sericata|AHE_12_S18_merged_SPM|NODE_13620_length_292_cov_0.990698_R,0.08784036613572781,0.233188875529301,0.06550637401701231,Pass
EOG7KDRW7|Teleopsis_dalmanni|AHE_130_S26_merged_SPM|NODE_13434_length_304_cov_0.977974_S,0.05805998263354012,0.20928074720479967,0.06941641668939191,Pass
EOG7KDRW7|Zeugodacus_cucurbitae|AHE_207_S65_merged_SPM|NODE_20360_length_234_cov_0.942675_R,0.2150358292702863,0.6321010480704459,0.20679670355987423,Pass
EOG7KDRW7|Zeugodacus_cucurbitae|AHE_260_S19_SPM|NODE_29394_length_444_cov_0.806540_R,0.2514606665293157,0.6321010480704459,0.20679670355987423,Pass
EOG7KDRW7|Bactrocera_oleae|AHE_131_S8_merged_SPM|NODE_28704_length_300_cov_0.582960_S,0.22921723810777145,0.6321010480704459,0.20679670355987423,Pass
EOG7KDRW7|Lucilia_sericata|AHE_132_S13_merged_SPM|NODE_21043_length_379_cov_0.966887_R,0.084062467551819,0.21336769759450158,0.07378836355018359,Pass
EOG7KDRW7|Teleopsis_dalmanni|AHE_133_S17_merged_SPM|NODE_1500_length_1121_cov_0.943487_S,0.0690916595034852,0.16351849100437632,0.05056323950510566,Pass
EOG7KDRW7|Bactrocera_oleae|AHE_133_S17_merged_SPM_1|NODE_56592_length_236_cov_0.735849_R,0.18134847656412115,0.4808080652608897,0.1382945975065415,Pass
EOG7KDRW7|Scaptodrosophila_lebanonensis|AHE_135_S42_merged_SPM|NODE_37658_length_236_cov_0.672956_S,0.09739562200269192,0.2696579804560259,0.08143322475570025,Pass
EOG7KDRW7|Lucilia_sericata|AHE_136_S35_merged_SPM|NODE_31709_length_265_cov_0.787234_R,0.10720823798627002,0.26305447526587866,0.07406858857366727,Pass
EOG7KDRW7|Bactrocera_dorsalis|AHE_136_S35_merged_SPM_1|NODE_39212_length_235_cov_0.936709_R,0.12563724399904133,0.4166445848537539,0.12382958228230434,Pass
EOG7KDRW7|Zeugodacus_cucurbitae|AHE_139_S14_merged_SPM|NODE_12776_length_231_cov_0.961039_R,0.07715910530473445,0.21511673151750965,0.0778210116731517,Pass
EOG7KDRW7|Bactrocera_dorsalis|AHE_13_S26_merged_SPM|NODE_50066_length_235_cov_0.936709_R,0.17060602739118733,0.4565618892053385,0.13717401016362307,Pass
EOG7KDRW7|Hermetia_illucens|AHE_141_S15_merged_SPM|NODE_35608_length_272_cov_1.138462_R,0.06022854087705243,0.2062886551761208,0.06576307019744154,Pass
EOG7KDRW7|Lucilia_sericata|AHE_144_S36_merged_SPM|NODE_8504_length_294_cov_1.364055_R,0.12315101479188165,0.2947577092511013,0.08590308370044053,Pass
EOG7KDRW7|Musca_domestica|AHE_146_S23_merged_SPM|NODE_23421_length_252_cov_1.062857_R,0.10790747378492242,0.27104871060171903,0.07116659844453532,Pass
EOG7KDRW7|Stomoxys_calcitrans|AHE_146_S23_merged_SPM_1|NODE_45832_length_322_cov_0.604082_S,0.01815615064916577,0.07705882352941179,0.02941176470588236,Pass
EOG7KDRW7|Bactrocera_dorsalis|AHE_147_S43_merged_SPM|NODE_27529_length_515_cov_0.755708_R,0.16956319823419452,0.44574171411884955,0.1353774273616587,Pass
EOG7KDRW7|Bactrocera_dorsalis|AHE_14_S48_merged_SPM|NODE_23505_length_275_cov_0.747475_S,0.24495860595478805,0.6084313725490197,0.18627450980392157,Pass
EOG7KDRW7|Glossina_morsitans|AHE_151_S53_merged_SPM|NODE_18176_length_291_cov_1.172897_S,0.08915000549205192,0.36533653846153846,0.12156593406593408,Pass
EOG7KDRW7|Hermetia_illucens|AHE_151_S53_merged_SPM_1|NODE_15439_length_262_cov_0.800000_R,0.07415805994362082,0.1862893081761006,0.053459119496855334,Pass
EOG7KDRW7|Ceratitis_capitata|AHE_152_S44_merged_SPM|NODE_289_length_232_cov_1.103226_R,0.07317382341844098,0.21694852941176473,0.0625,Pass
EOG7KDRW7|Hermetia_illucens|AHE_53_S32_merged_SPM|NODE_25736_length_242_cov_0.896970_R,0.06446925445512681,0.21694852941176473,0.0625,Pass
EOG7KDRW7|Glossina_morsitans|AHE_157_S17_merged_SPM|NODE_12599_length_331_cov_1.165354_R,0.11164977478532588,0.37526926698536867,0.11362813269592931,Pass
EOG7KDRW7|Lucilia_sericata|AHE_157_S17_merged_SPM_1|NODE_65863_length_245_cov_0.607143_S,0.07449323668985754,0.24307884536923688,0.09001427988576083,Pass
EOG7KDRW7|Bactrocera_dorsalis|AHE_158_S43_merged_SPM|NODE_8132_length_268_cov_0.774869_R,0.19834592372525972,0.31870499107538297,0.10680015567753287,Pass
EOG7KDRW7|Zeugodacus_cucurbitae|AHE_160_S17_merged_SPM|NODE_25142_length_255_cov_0.831461_R,0.05117874171554276,0.12840146273627825,0.034892211902186665,Pass
EOG7KDRW7|Hermetia_illucens|AHE_161_S18_merged_SPM|NODE_101367_length_233_cov_0.948718_R,0.052997275551856626,0.1949026763990268,0.07055961070559613,Pass
EOG7KDRW7|Teleopsis_dalmanni|AHE_161_S18_merged_SPM_1|NODE_127996_length_362_cov_0.778947_R,0.11181661214495063,0.40860716942467745,0.15164147262340866,Pass
EOG7KDRW7|Teleopsis_dalmanni|JSM_11396_S7_SPM_1|NODE_2325972_length_469_cov_1270_AU,0.057488420615675426,0.1781010983194391,0.05817690315506918,Pass
EOG7KDRW7|Teleopsis_dalmanni|AHE_164_S19_merged_SPM|NODE_3125_length_308_cov_0.822511_R,0.04914075224334686,0.1781010983194391,0.05817690315506918,Pass
EOG7KDRW7|Bactrocera_dorsalis|AHE_167_S32_merged_SPM|NODE_27082_length_281_cov_0.725490_S,0.022991435416521575,0.08939755577427821,0.02587762467191601,Pass
EOG7KDRW7|Lucilia_sericata|AHE_168_S70_merged_SPM|NODE_11253_length_411_cov_0.844311_R,0.06418455078836761,0.2186891296944931,0.07792736913796461,Pass
EOG7KDRW7|Bactrocera_dorsalis|AHE_16_S58_merged_SPM|NODE_12538_length_424_cov_0.870317_R,0.11296949764180572,0.8555124777183599,0.3471479500891265,Pass
EOG7KDRW7|Bactrocera_dorsalis|AHE_172_S16_merged_SPM|NODE_16945_length_265_cov_1.319149_R,0.21637618255222027,0.587923277548359,0.18287328841556183,Pass
EOG7KDRW7|Glossina_morsitans|AHE_173_S62_merged_SPM|NODE_20722_length_313_cov_1.254237_R,0.09108411086227972,0.3624459642012835,0.11771361026680183,Pass
EOG7KDRW7|Lucilia_sericata|AHE_179_S20_merged_SPM|NODE_9753_length_478_cov_1.107232_S,0.0929368029739777,0.24902745619524408,0.07766426783479352,Pass
EOG7KDRW7|Glossina_morsitans|AHE_181_S51_merged_SPM|NODE_25249_length_278_cov_0.736318_S,0.09481593227958247,0.37479227053140085,0.12009661835748786,Pass
EOG7KDRW7|Rhagoletis_pomonella|AHE_181_S51_merged_SPM_1|NODE_47683_length_253_cov_0.897727_R,0.24640586659669422,0.5684651390247311,0.17236272181081458,Pass
EOG7KDRW7|Glossina_morsitans|AHE_182_S27_merged_SPM|NODE_10550_length_351_cov_1.069343_S,0.10628355888844121,0.3872235082304527,0.13305041152263375,Pass
EOG7KDRW7|Stomoxys_calcitrans|AHE_182_S27_merged_SPM_2|NODE_18448_length_285_cov_0.740385_S,0.1161638011911354,0.4977752293577983,0.1674311926605505,Pass
EOG7KDRW7|Lucilia_sericata|AHE_182_S27_merged_SPM_1|NODE_41469_length_239_cov_0.685185_S,0.11062609129458718,0.2408132834786167,0.06597983838888954,Pass
EOG7KDRW7|Bactrocera_dorsalis|AHE_185_S39_merged_SPM|NODE_4065_length_340_cov_0.825095_S,0.14392197840473703,0.9745187165775402,0.39572192513368987,Pass
EOG7KDRW7|Aedes_aegypti|AHE_188_S54_merged_SPM|NODE_12483_length_325_cov_0.733871_S,0.08373751597415571,0.250823943213649,0.08724535268652911,Pass
EOG7KDRW7|Lucilia_sericata|AHE_190_S36_merged_SPM|NODE_47839_length_235_cov_1.215190_S,0.07419794768591921,0.21884942743775843,0.08085771262926345,Pass
EOG7KDRW7|Drosophila_ficusphila|AHE_193_S55_merged_SPM|NODE_5708_length_250_cov_0.843931_R,0.23343507800677524,0.5739719358533791,0.1755441008018328,Pass
EOG7KDRW7|Lucilia_sericata|AHE_194_S22_merged_SPM|NODE_21050_length_284_cov_1.067633_R,0.11977391834909494,0.28124113475177304,0.07801418439716312,Pass
EOG7KDRW7|Teleopsis_dalmanni|AHE_195_S23_merged_SPM|NODE_67139_length_379_cov_0.917219_R,0.04606853975905789,0.1622412198115578,0.05086190255930245,Pass
EOG7KDRW7|Lucilia_sericata|AHE_195_S23_merged_SPM_1|NODE_75560_length_257_cov_0.711111_S,0.06805303608593297,0.24910550458715583,0.09400506168933875,Pass
EOG7KDRW7|Stomoxys_calcitrans|AHE_195_S23_merged_SPM_2|NODE_51863_length_233_cov_0.756410_R,0.11178079191803071,0.5149225139905297,0.17176065432630228,Pass
EOG7KDRW7|Glossina_morsitans|AHE_196_S62_merged_SPM|NODE_2594_length_457_cov_0.631579_S,0.16935284967150174,0.31037800858883435,0.09937081793668223,Pass
EOG7KDRW7|Teleopsis_dalmanni|AHE_196_S62_merged_SPM_1|NODE_13821_length_272_cov_0.748718_S,0.15465561524929206,0.495916149068323,0.16614906832298137,Pass
EOG7KDRW7|Musca_domestica|AHE_199_S37_merged_SPM|NODE_34211_length_107_cov_154_AU,0.13383065346499765,0.30551136363636344,0.06931818181818172,Pass
EOG7KDRW7|Lucilia_sericata|AHE_201_S72_merged_SPM|NODE_37685_length_313_cov_1.813559_S,0.11407468260122704,0.24157322654462224,0.09118993135011433,Pass
EOG7KDRW7|Lucilia_sericata|AHE_203_S73_merged_SPM|NODE_7564_length_433_cov_0.615169_S,0.07213306298744182,0.21677046481098272,0.07805442449324695,Pass
EOG7KDRW7|Rhagoletis_pomonella|AHE_204_S41_merged_SPM|NODE_23627_length_292_cov_1.051163_S,0.2502999266022366,0.6365286187200906,0.19236376734532856,Pass
EOG7KDRW7|Teleopsis_dalmanni|AHE_210_S53_merged_SPM|NODE_100592_length_139_cov_218_AU,0.07571481613369961,0.27542808926849427,0.09322909491665521,Pass
EOG7KDRW7|Glossina_morsitans|AHE_212_S47_merged_SPM|NODE_11119_length_299_cov_0.918919_R,0.09292861232884371,0.3310548440631263,0.10363696142284573,Pass
EOG7KDRW7|Teleopsis_dalmanni|AHE_212_S47_merged_SPM_1|NODE_13549_length_262_cov_0.800000_R,0.11055133593557046,0.2824524078185855,0.07501910967131364,Pass
EOG7KDRW7|Hermetia_illucens|AHE_23_S35_merged_SPM|NODE_20531_length_357_cov_0.628571_R,0.12847744360902255,0.25408035714285715,0.07017857142857142,Pass
EOG7KDRW7|Rhagoletis_pomonella|AHE_251_S46_merged_SPM|NODE_4491_length_306_cov_1.205240_R,0.028202686202686213,0.13281866513673732,0.03997781602600875,Pass
EOG7KDRW7|Teleopsis_dalmanni|AHE_252_S17_SPM|NODE_113329_length_324_cov_0.898785_R,0.047889952673531584,0.17372834186192665,0.05671065625280547,Pass
EOG7KDRW7|Teleopsis_dalmanni|AHE_51_S42_merged_SPM|NODE_20028_length_333_cov_2.023438_S,0.047889952673531584,0.17372834186192665,0.05671065625280547,Pass
EOG7KDRW7|Drosophila_ficusphila|JSM_642_S1_SPM_1|NODE_1101511_length_321_cov_1023_AU,0.06913077227269947,0.17372834186192665,0.05671065625280547,Pass
EOG7KDRW7|Rhagoletis_pomonella|AHE_256_S19_SPM|NODE_49650_length_684_cov_1.202636_R,0.17797542637080505,0.3686229145543368,0.10195409715181125,Pass
EOG7KDRW7|Hermetia_illucens|AHE_257_S20_SPM|NODE_5371_length_418_cov_0.686217_S,0.13969846365512498,0.4584883720930234,0.1808785529715763,Pass
EOG7KDRW7|Stomoxys_calcitrans|AHE_259_S18_SPM|NODE_48168_length_268_cov_1.162304_R,0.15051298645641897,0.48477383912102,0.1631245488812254,Pass
EOG7KDRW7|Teleopsis_dalmanni|AHE_262_S21_SPM|NODE_99_length_231_cov_0.961039_R,0.054240451353115754,0.19597363927872408,0.06491126830109883,Pass
EOG7KDRW7|Rhagoletis_pomonella|AHE_263_S22_SPM|NODE_3016_length_254_cov_0.836158_R,0.13510786924938556,0.3866614420062697,0.10971786833855801,Pass
EOG7KDRW7|Glossina_morsitans|AHE_264_S21_SPM|NODE_126447_length_294_cov_1.023041_R,0.1354215294119065,0.41317617154651776,0.1368740921947863,Pass
EOG7KDRW7|Teleopsis_dalmanni|AHE_265_S23_SPM|NODE_9254_length_533_cov_0.699561_S,0.053516719559467414,0.1618731102074863,0.04864977583150876,Pass
EOG7KDRW7|Glossina_morsitans|AHE_267_S19_SPM|NODE_7861_length_622_cov_0.950459_S,0.1772180511096154,0.3512858956306537,0.1103057262331456,Pass
EOG7KDRW7|Hermetia_illucens|AHE_270_S22_SPM|NODE_46947_length_302_cov_1.315556_R,0.13204471355379602,0.25878252262443435,0.061106173238526185,Pass
EOG7KDRW7|Lucilia_sericata|AHE_271_S21_SPM|NODE_9909_length_633_cov_1.008993_S,0.09123344979643307,0.26518489872919304,0.07673843531086522,Pass
EOG7KDRW7|Teleopsis_dalmanni|AHE_34_S58_merged_SPM|NODE_15503_length_359_cov_0.929078_R,0.11645673836789451,0.2817195767195767,0.07407407407407407,Pass
EOG7KDRW7|Bactrocera_oleae|AHE_273_S20_SPM_1|NODE_22185_length_337_cov_1.138462_S,0.11882338983285197,0.2817195767195767,0.07407407407407407,Pass
EOG7KDRW7|Teleopsis_dalmanni|AHE_272_S22_SPM|NODE_13478_length_334_cov_0.863813_R,0.11282990936606155,0.2817195767195767,0.07407407407407407,Pass
EOG7KDRW7|Glossina_morsitans|AHE_273_S20_SPM|NODE_31160_length_387_cov_0.954839_R,0.14191120096063403,0.35810569663692515,0.10901395561656368,Pass
EOG7KDRW7|Stomoxys_calcitrans|AHE_274_S21_SPM|NODE_89065_length_230_cov_0.967320_S,0.0921363422851628,0.3467212701612903,0.11533938172043012,Pass
EOG7KDRW7|Bactrocera_oleae|AHE_275_S22_SPM|NODE_27474_length_476_cov_1.060150_S,0.10682120272071349,0.4147943092148167,0.12685657688796137,Pass
EOG7KDRW7|Teleopsis_dalmanni|AHE_275_S22_SPM_2|NODE_26614_length_815_cov_5.474255_R,0.1830464268953946,0.5838242715673206,0.18294134450580846,Pass
EOG7KDRW7|Teleopsis_dalmanni|AHE_276_S23_SPM|NODE_230059_length_108_cov_156_AU,0.06030326794024631,0.21091224514861204,0.06408130680422497,Pass
EOG7KDRW7|Rhagoletis_pomonella|AHE_280_S24_SPM|NODE_40047_length_242_cov_1.793939_R,0.06693329610279862,0.3353704433701943,0.12022033652150454,Pass
EOG7KDRW7|Rhagoletis_pomonella|AHE_283_S23_SPM|NODE_126674_length_365_cov_1.024306_R,0.17263674952557345,0.47903881643700785,0.1504367618110236,Pass
EOG7KDRW7|Ceratitis_capitata|AHE_283_S23_SPM_1|NODE_6468_length_695_cov_1.192557_S,0.1557850546654441,0.5183435310324015,0.16191950389045873,Pass
EOG7KDRW7|Glossina_morsitans|AHE_28_S11_merged_SPM|NODE_35713_length_249_cov_0.674419_S,0.09735352850144854,0.34428782818247167,0.10744937217266315,Pass
EOG7KDRW7|Hermetia_illucens|AHE_28_S11_merged_SPM_1|NODE_6900_length_391_cov_0.694268_S,0.10190855789564965,0.1439156626506025,0.04096385542168679,Pass
EOG7KDRW7|Teleopsis_dalmanni|AHE_32_S40_merged_SPM|NODE_25752_length_278_cov_0.736318_S,0.06407627120990182,0.2302034883720932,0.07649501661129576,Pass
EOG7KDRW7|Musca_domestica|AHE_34_S58_merged_SPM_1|NODE_14388_length_320_cov_1.049383_S,0.11141202263133203,0.42102509388869935,0.1425279227430133,Pass
EOG7KDRW7|Glossina_morsitans|AHE_36_S19_merged_SPM|NODE_48800_length_251_cov_0.844828_R,0.08940217388172265,0.3880042506513094,0.1268339503633621,Pass
EOG7KDRW7|Teleopsis_dalmanni|AHE_36_S19_merged_SPM_1|NODE_39569_length_253_cov_2.022727_R,0.11834245619872673,0.4840646853146852,0.16021478521478516,Pass
EOG7KDRW7|Glossina_morsitans|AHE_39_S41_merged_SPM|NODE_8786_length_276_cov_0.743719_S,0.14044058673786017,0.33844611848825334,0.09435648621041881,Pass
EOG7KDRW7|Lucilia_sericata|AHE_44_S31_merged_SPM|NODE_11201_length_275_cov_0.747475_S,0.048423864768232926,0.2331372158891411,0.086257344163292,Pass
EOG7KDRW7|Rhagoletis_pomonella|AHE_46_S20_merged_SPM|NODE_1328_length_245_cov_0.880952_R,0.24357018968410302,0.5692679900744417,0.17866004962779158,Pass
EOG7KDRW7|Lucilia_sericata|AHE_4_S10_merged_SPM|NODE_8324_length_629_cov_1.556159_S,0.08498800255166793,0.2955306771186964,0.09459953971095258,Pass
EOG7KDRW7|Glossina_morsitans|AHE_4_S10_merged_SPM_1|NODE_6834_length_331_cov_0.980315_R,0.10239217501821535,0.39602129095594557,0.13054976070683522,Pass
EOG7KDRW7|Aedes_aegypti|AHE_89_S15_merged_SPM|NODE_24549_length_241_cov_0.902439_R,0.041918175720992636,0.07668898876694313,0.0234159584209237,Pass
EOG7KDRW7|Aedes_aegypti|AHE_50_S50_merged_SPM|NODE_24066_length_256_cov_0.826816_R,0.041918175720992636,0.07668898876694313,0.0234159584209237,Pass
EOG7KDRW7|Bactrocera_dorsalis|AHE_51_S42_merged_SPM_1|NODE_74844_length_256_cov_0.826816_R,0.22242113779914546,0.6040765765765767,0.19103758931345138,Pass
EOG7KDRW7|Zeugodacus_cucurbitae|AHE_56_S48_merged_SPM|NODE_15655_length_281_cov_0.725490_S,0.21469317787386916,0.6242222012792582,0.20127404493289297,Pass
EOG7KDRW7|Hermetia_illucens|AHE_58_S43_merged_SPM|NODE_25266_length_260_cov_0.808743_R,0.060354525346227476,0.20480255283244708,0.06439475698055452,Pass
EOG7KDRW7|Teleopsis_dalmanni|AHE_5_S56_merged_SPM|NODE_2689_length_318_cov_0.796680_S,0.16751705629583102,0.43727467079376753,0.1243770001573895,Pass
EOG7KDRW7|Lucilia_sericata|AHE_60_S67_merged_SPM|NODE_78601_length_253_cov_0.715909_S,0.1120574101572937,0.2773776223776223,0.07692307692307687,Pass
EOG7KDRW7|Glossina_morsitans|AHE_61_S61_merged_SPM|NODE_6347_length_244_cov_0.886228_R,0.10620228327149993,0.4422619671558352,0.1467068483577918,Pass
EOG7KDRW7|Contarinia_nasturtii|AHE_66_S68_merged_SPM|NODE_74566_length_514_cov_1.478261_R,0.13422823870306727,0.348682310469314,0.09386281588447654,Pass
EOG7KDRW7|Danaus_plexippus|AHE_69_S34_merged_SPM|NODE_20870_length_238_cov_0.919255_R,0.13407668327373623,0.005,0.0,Fail
EOG7KDRW7|Glossina_morsitans|AHE_70_S45_merged_SPM|NODE_53435_length_266_cov_0.724868_S,0.08821252203409105,0.2847715720063579,0.08536738901216501,Pass
EOG7KDRW7|Ceratitis_capitata|AHE_72_S37_merged_SPM|NODE_43758_length_257_cov_1.144444_S,0.12212859087589434,0.3189289269791802,0.09029130415963293,Pass
EOG7KDRW7|Hermetia_illucens|AHE_74_S51_merged_SPM|NODE_45280_length_147_cov_234_AU,0.06814244059405457,0.24224279835390955,0.06995884773662553,Pass
EOG7KDRW7|Glossina_morsitans|AHE_75_S41_merged_SPM|NODE_18138_length_278_cov_0.736318_S,0.09960470656787,0.37586884694352896,0.1232552321468624,Pass
EOG7KDRW7|Hermetia_illucens|AHE_77_S24_merged_SPM|NODE_7184_length_340_cov_0.718631_S,0.07417080587098364,0.09884116151478663,0.02803425665729964,Pass
EOG7KDRW7|Bactrocera_oleae|AHE_78_S12_merged_SPM|NODE_101579_length_239_cov_0.913580_R,0.030182938370684427,0.1552768208661417,0.04933562992125984,Pass
EOG7KDRW7|Teleopsis_dalmanni|AHE_79_S46_merged_SPM|NODE_34921_length_292_cov_0.981395_R,0.059614803509275845,0.21469235192639463,0.07124784358826919,Pass
EOG7KDRW7|Musca_domestica|AHE_80_S13_merged_SPM|NODE_7043_length_232_cov_1.561290_R,0.10714912105990713,0.31664976502597086,0.10883007667573585,Pass
EOG7KDRW7|Stomoxys_calcitrans|AHE_81_S53_merged_SPM|NODE_1197_length_817_cov_8.428378_S,0.07708848630397451,0.4324294457667458,0.15525331519891183,Pass
EOG7KDRW7|Zeugodacus_cucurbitae|AHE_84_S14_merged_SPM|NODE_4907_length_376_cov_0.989967_S,0.05761825222584058,0.17873544800523225,0.05903858731196865,Pass
EOG7KDRW7|Lucilia_sericata|AHE_8_S50_merged_SPM|NODE_99546_length_249_cov_0.726744_S,0.12055245618314744,0.3159848484848484,0.09221525600835945,Pass
EOG7KDRW7|Glossina_morsitans|AHE_91_S2_merged_SPM|NODE_13176_length_344_cov_1.610487_S,0.11560735728210973,0.38125496986020274,0.12399640887520846,Pass
EOG7KDRW7|Bactrocera_dorsalis|AHE_91_S2_merged_SPM_1|NODE_62695_length_244_cov_0.886228_R,0.11112915879568756,0.3137146349982536,0.08981415684054583,Pass
EOG7KDRW7|Bactrocera_dorsalis|AHE_95_S21_merged_SPM|NODE_25656_length_311_cov_0.764957_S,0.22988335490576692,0.5917110060385098,0.1756010026204854,Pass
EOG7KDRW7|Glossina_morsitans|AHE_99_S33_merged_SPM|NODE_10233_length_235_cov_0.930380_R,0.08493124129479075,0.3023086220789686,0.09734085414987914,Pass
EOG7KDRW7|Stomoxys_calcitrans|CNC254466_S52_SPM|NODE_26011_length_146_cov_232_A,0.009861540211978262,0.07015957446808499,0.02659574468085102,Pass
EOG7KDRW7|Lucilia_sericata|CNC457410_S40_SPM|NODE_24054_length_176_cov_292_AU,0.14066539702983838,0.396812865497076,0.11695906432748537,Pass
EOG7KDRW7|Contarinia_nasturtii|CNC484132_S5_SPM|NODE_179216_length_239_cov_418_AU,0.20073427901638333,0.46828087136188545,0.12345993929036037,Pass
EOG7KDRW7|Bactrocera_oleae|CNC484528_S17_SPM|NODE_33548_length_274_cov_488_AU,0.1744560211125915,0.4480130241105852,0.1346657078364396,Pass
EOG7KDRW7|Bactrocera_dorsalis|CNC484671_S18_SPM|NODE_63547_length_137_cov_214_AU,0.11184165660835105,0.3456876340991156,0.1264325710398242,Pass
EOG7KDRW7|Glossina_morsitans|CNC485015_II_S80_SPM|NODE_38268_length_140_cov_220_AU,0.14933332805903576,0.36698569546395643,0.11771127423301342,Pass
EOG7KDRW7|Hermetia_illucens|CNC485132_S85_SPM|NODE_153213_length_168_cov_276_AU,0.02011764599251343,0.15886473429951678,0.0628019323671497,Pass
EOG7KDRW7|Teleopsis_dalmanni|CNC485277_S24_SPM|NODE_2301_length_503_cov_0.962766_S,0.09024923118890309,0.26831742665252745,0.09268797656920669,Pass
EOG7KDRW7|Ceratitis_capitata|CNC485567_S78_SPM|NODE_43981_length_148_cov_236_AU,0.10981410313739327,0.35961122901794335,0.12174416361180784,Pass
EOG7KDRW7|Glossina_morsitans|CNC485641_S95_SPM|NODE_111945_length_209_cov_358_AU,0.14351828123000446,0.37845547017113995,0.12111964955265986,Pass
EOG7KDRW7|Teleopsis_dalmanni|CNC574532_S44_SPM|NODE_94564_length_212_cov_364_AU,0.08166050211441196,0.20193433996797078,0.0661175932280943,Pass
EOG7KDRW7|Rhagoletis_pomonella|CNC684456_S45_SPM|NODE_115432_length_230_cov_400_AU,0.12090064540585133,0.36421748816485666,0.12002227791701481,Pass
EOG7KDRW7|Teleopsis_dalmanni|CNC_Dip12532_S77_SPM|NODE_884_length_501_cov_2.481283_S,0.17892487629329734,0.37520742950108454,0.1027236517316179,Pass
EOG7KDRW7|Teleopsis_dalmanni|CNC_Dip1356_S82_SPM|NODE_39783_length_214_cov_368_AU,0.12745694784821557,0.2758885089909185,0.07256955750931648,Pass
EOG7KDRW7|Musca_domestica|CNC_Dip1380_S12_SPM|NODE_32858_length_246_cov_432_AU,0.2397465234993839,0.4314432989690722,0.11635264841805903,Pass
EOG7KDRW7|Lucilia_sericata|JSBVM_26_S2_SPM|NODE_22778_length_308_cov_741_A,0.07581033287386357,0.2124918163647953,0.05924394967915203,Pass
EOG7KDRW7|Stomoxys_calcitrans|JSBVM_75_S7_SPM|NODE_102610_length_180_cov_300_AU,0.11315975657075014,0.5236241610738254,0.17470209560334193,Pass
EOG7KDRW7|Ceratitis_capitata|JSM12015_S64_SPM|NODE_187639_length_128_cov_196_AU,0.0446666443690694,0.209424778761062,0.07079646017699115,Pass
EOG7KDRW7|Zeugodacus_cucurbitae|JSM4882_S65_SPM|NODE_32983_length_208_cov_356_AU,0.2617954944999241,0.7049485199485199,0.2268317578662406,Pass
EOG7KDRW7|Teleopsis_dalmanni|JSM_10506_S5_SPM|NODE_1406396_length_174_cov_601_AU,0.07035408475745492,0.2519863891754384,0.08385830320390197,Pass
EOG7KDRW7|Rhagoletis_pomonella|JSM_10507_S12_SPM|NODE_134597_length_244_cov_428_AU,0.1407801914175637,0.3655580576694104,0.1051923176476679,Pass
EOG7KDRW7|Lucilia_sericata|JSM_10605_S1_SPM|NODE_2701721_length_230_cov_690_AU,0.12678483351918104,0.36620090836227637,0.10909888935536816,Pass
EOG7KDRW7|Rhagoletis_pomonella|JSM_10605_S1_SPM_1|NODE_68652_length_208_cov_3.209877_R,0.1832799688019826,0.580076923076923,0.19956043956043956,Pass
EOG7KDRW7|Lucilia_sericata|JSM_10699_S3_SPM|NODE_4316717_length_674_cov_2337_AU,0.10365214254494065,0.28615340324753386,0.08593580254066657,Pass
EOG7KDRW7|Glossina_morsitans|JSM_10699_S3_SPM_1|NODE_68122_length_329_cov_3.217822_R,0.11649849275528168,0.3616261581785394,0.11609768231040518,Pass
EOG7KDRW7|Lucilia_sericata|JSM_11142_S4_SPM|NODE_54033_length_472_cov_1.782609_S,0.07867553722275193,0.1792079207920791,0.04389438943894386,Pass
EOG7KDRW7|Musca_domestica|JSM_11142_S4_SPM_2|NODE_43970_length_508_cov_1.233596_S,0.19539589715028313,0.36610791600072445,0.1009923200843933,Pass
EOG7KDRW7|Glossina_morsitans|JSM_11142_S4_SPM_3|NODE_2257980_length_192_cov_332_AU,0.1580818534851482,0.3557353844893278,0.11135237002744891,Pass
EOG7KDRW7|Lucilia_sericata|JSM_11142_S4_SPM_1|NODE_363510_length_228_cov_846_AU,0.11245177476786858,0.32364754098360665,0.09660421545667452,Pass
EOG7KDRW7|Lucilia_sericata|JSM_11396_S7_SPM|NODE_44772_length_542_cov_1.228916_S,0.11970537906337068,0.3687146207010038,0.11724828980464985,Pass
EOG7KDRW7|Glossina_morsitans|JSM_11396_S7_SPM_3|NODE_255832_length_239_cov_500_AU,0.1062538640781352,0.3563376174344287,0.11361017008347007,Pass
EOG7KDRW7|Bactrocera_dorsalis|JSM_11396_S7_SPM_2|NODE_2710525_length_334_cov_1708_AU,0.21461592004077526,0.5682108494899193,0.17251849344872605,Pass
EOG7KDRW7|Stomoxys_calcitrans|JSM_11468_S9_SPM|NODE_2851850_length_263_cov_466_AU,0.18008588991804209,0.5294166742587587,0.16418152186016377,Pass
EOG7KDRW7|Drosophila_ficusphila|JSM_11468_S9_SPM_1|NODE_4414142_length_161_cov_262_AU,0.04179203326642591,0.23193006884814737,0.08234702560532225,Pass
EOG7KDRW7|Lucilia_sericata|JSM_11468_S9_SPM_2|NODE_3182056_length_160_cov_260_AU,0.0665035571201013,0.21159433393610605,0.06100060277275465,Pass
EOG7KDRW7|Glossina_morsitans|JSM_11505_S16_SPM|NODE_375843_length_120_cov_180_AU,0.13033905804269783,0.37457716701902755,0.11374207188160679,Pass
EOG7KDRW7|Glossina_morsitans|JSM_11804_S12_SPM|NODE_14592_length_927_cov_1.938750_S,0.21075278025617236,0.6104163857735286,0.19126779841065555,Pass
EOG7KDRW7|Stomoxys_calcitrans|JSM_11804_S12_SPM_2|NODE_69062_length_306_cov_2.832402_R,0.16917627909623023,0.4724093567251462,0.14304093567251464,Pass
EOG7KDRW7|Zeugodacus_cucurbitae|JSM_11804_S12_SPM_3|NODE_37827_length_471_cov_1.575581_R,0.060680826186282975,0.1435452372875347,0.04090064454717135,Pass
EOG7KDRW7|Teleopsis_dalmanni|JSM_11804_S12_SPM_1|NODE_34538_length_563_cov_3.041284_S,0.0904077050607458,0.2786053719008266,0.0901711924439198,Pass
EOG7KDRW7|Glossina_morsitans|JSM_11807_S13_SPM|NODE_3952964_length_621_cov_1789_AU,0.14457076443760666,0.48181451895370503,0.16086364634072303,Pass
EOG7KDRW7|Bactrocera_dorsalis|JSM_11807_S13_SPM_1|NODE_343337_length_237_cov_420_AU,0.19730009422544326,0.573035761044402,0.17558822429207344,Pass
EOG7KDRW7|Stomoxys_calcitrans|JSM_1944_S2_SPM|NODE_2120802_length_170_cov_280_AU,0.09009583964636372,0.309826364280652,0.10474840538625085,Pass
EOG7KDRW7|Hermetia_illucens|JSM_2977_S7_SPM|NODE_462546_length_129_cov_198_AU,0.022713592237839524,0.15478165938864635,0.06113537117903933,Pass
EOG7KDRW7|Stomoxys_calcitrans|JSM_4904_S2_SPM|NODE_5712_length_271_cov_3.416667_R,0.12599801700078714,0.3498595492932304,0.10027999819356004,Pass
EOG7KDRW7|Teleopsis_dalmanni|JSM_5812_S4_SPM|NODE_16792_length_434_cov_0.768730_R,0.09287516696689392,0.1727753972099409,0.05350725778773746,Pass
EOG7KDRW7|Bactrocera_oleae|JSM_5812_S4_SPM_1|NODE_472872_length_323_cov_598_AU,0.19781212240133708,0.5607183472636329,0.1787070075109568,Pass
EOG7KDRW7|Teleopsis_dalmanni|JSM_5907_S13_SPM|NODE_24939_length_208_cov_3.000000_R,0.1554991622618711,0.5166161616161616,0.1717171717171717,Pass
EOG7KDRW7|Anopheles_stephensi|JSM_6043_S6_SPM|NODE_965715_length_133_cov_206_AU,0.10348278524239889,0.3427562111801242,0.11599378881987576,Pass
EOG7KDRW7|Glossina_morsitans|JSM_6055_S7_SPM|NODE_47411_length_736_cov_1.085386_R,0.13311249887500026,0.37325402281291364,0.1174279458193298,Pass
EOG7KDRW7|Lucilia_sericata|JSM_6055_S7_SPM_1|NODE_882414_length_361_cov_1731_AU,0.08462334620744916,0.2589159940172313,0.07736807624321684,Pass
EOG7KDRW7|Bactrocera_oleae|JSM_6055_S7_SPM_2|NODE_5894_length_355_cov_2.070175_R,0.21258913157308604,0.5734253246753247,0.1737012987012987,Pass
EOG7KDRW7|Bactrocera_oleae|JSM_6145_S8_SPM|NODE_1826477_length_352_cov_1009_AU,0.1682842898228976,0.4570511978995734,0.14030528522534713,Pass
EOG7KDRW7|Lucilia_sericata|JSM_6152_S9_SPM|NODE_18180_length_556_cov_1.813520_S,0.08078581331817712,0.2741950533195924,0.08203078341884273,Pass
EOG7KDRW7|Rhagoletis_pomonella|JSM_6152_S9_SPM_1|NODE_20776_length_534_cov_2.297297_S,0.1657508112843608,0.5143285799168152,0.1572022748493337,Pass
EOG7KDRW7|Lucilia_sericata|JSM_6153_S10_SPM|NODE_79946_length_480_cov_0.847025_R,0.07661703984520822,0.253998536570029,0.07828064127958667,Pass
EOG7KDRW7|Stomoxys_calcitrans|JSM_6153_S10_SPM_2|NODE_41692_length_161_cov_2.352941_R,0.0675162636081587,0.12264679048550017,0.03911371782339523,Pass
EOG7KDRW7|Bactrocera_oleae|JSM_6163_S11_SPM|NODE_24232_length_485_cov_1.432961_S,0.19364005182973612,0.502372159090909,0.15198863636363635,Pass
EOG7KDRW7|Rhagoletis_pomonella|JSM_6163_S11_SPM_4|NODE_404532_length_175_cov_290_AU,0.12395073096925828,0.3612675438596491,0.11412280701754385,Pass
EOG7KDRW7|Lucilia_sericata|JSM_6163_S11_SPM_1|NODE_74095_length_229_cov_406_AU,0.06514883576128665,0.2304208861566717,0.08268499859704614,Pass
EOG7KDRW7|Glossina_morsitans|JSM_6163_S11_SPM_2|NODE_284591_length_354_cov_734_AU,0.17672849128306378,0.3386575540145106,0.09900589249208314,Pass
EOG7KDRW7|Zeugodacus_cucurbitae|JSM_6163_S11_SPM_3|NODE_69465_length_267_cov_606_AU,0.13967577205249698,0.5038456895939627,0.16884579102721453,Pass
EOG7KDRW7|Teleopsis_dalmanni|JSM_6206_S14_SPM|NODE_22405_length_210_cov_5.072289_R,0.1335983585526384,0.5916795366795365,0.19691119691119685,Pass
EOG7KDRW7|Glossina_morsitans|JSM_6310_S13_SPM|NODE_705016_length_453_cov_1199_AU,0.1803783832054923,0.3567062314540058,0.10237388724035601,Pass
EOG7KDRW7|Bactrocera_oleae|JSM_6310_S13_SPM_3|NODE_993634_length_219_cov_390_AU,0.12594620562400713,0.2784011901033512,0.07472596304415913,Pass
EOG7KDRW7|Bactrocera_oleae|JSM_6310_S13_SPM_1|NODE_15579_length_511_cov_0.916667_S,0.19770351217226406,0.5785284989084405,0.17992056603277307,Pass
EOG7KDRW7|Lucilia_sericata|JSM_642_S1_SPM|NODE_4146_length_1284_cov_0.885048_S,0.1012822976800728,0.3082360403963158,0.09673197024276692,Pass
EOG7KDRW7|Musca_domestica|JSM_642_S1_SPM_3|NODE_41764_length_587_cov_1.904348_S,0.1686159844054581,0.3399813432835821,0.09027566250380747,Pass
EOG7KDRW7|Bactrocera_oleae|JSM_642_S1_SPM_2|NODE_153685_length_234_cov_652_AU,0.1638163953711377,0.47751108451432156,0.14026330821750133,Pass
EOG7KDRW7|Rhagoletis_pomonella|JSM_6602_S10_SPM|NODE_1034192_length_250_cov_680_AU,0.1639580043849402,0.4469439707998081,0.12832365322107953,Pass
EOG7KDRW7|Glossina_morsitans|JSM_6602_S10_SPM_1|NODE_1081014_length_187_cov_314_AU,0.1234040811481308,0.3907403846153845,0.1217307692307692,Pass
EOG7KDRW7|Teleopsis_dalmanni|JSM_6608_S1_SPM|NODE_12819_length_498_cov_2.762803_R,0.15823594013220918,0.5686172006745361,0.18461988505351545,Pass
EOG7KDRW7|Glossina_morsitans|JSM_6704_S2_SPM|NODE_23841_length_237_cov_468_AU,0.10199237793995632,0.3614275440489033,0.11524631427544052,Pass
EOG7KDRW7|Lucilia_sericata|JSM_6712_S3_SPM|NODE_17165_length_319_cov_3.093750_R,0.12033264722893205,0.2878550896006199,0.0845752380175736,Pass
EOG7KDRW7|Drosophila_melanogaster|JSM_6712_S3_SPM_1|NODE_211807_length_342_cov_751_AU,0.06127410597900109,0.24379068462401804,0.0810886644219978,Pass
EOG7KDRW7|Zeugodacus_cucurbitae|JSM_6713_S4_SPM_1|NODE_12975_length_155_cov_250_AU,0.02935504387868205,0.1316931637519872,0.04210765387235971,Pass
EOG7KDRW7|Rhagoletis_pomonella|JSM_7037_II_S3_SPM|NODE_109603_length_225_cov_405_AU,0.16842053704009238,0.2920253164556962,0.08227848101265822,Pass
EOG7KDRW7|Musca_domestica|JSM_7174_S7_SPM|NODE_98983_length_250_cov_440_AU,0.1470827573391058,0.279850711434458,0.07623776719031683,Pass
EOG7KDRW7|Glossina_morsitans|JSM_7804_S15_SPM|NODE_734_length_294_cov_2.455090_R,0.13405771421481882,0.3507658199076963,0.11208962238710518,Pass
EOG7KDRW7|Lucilia_sericata|JSM_7804_S15_SPM_3|NODE_822847_length_340_cov_915_AU,0.20382631334037174,0.47689440993788823,0.15838509316770188,Pass
EOG7KDRW7|Lucilia_sericata|JSM_7821_S9_SPM|NODE_21597_length_444_cov_1.779180_R,0.06877442378218164,0.2246612483087694,0.07569250176947262,Pass
EOG7KDRW7|Rhagoletis_pomonella|JSM_7821_S9_SPM_1|NODE_1473837_length_250_cov_440_AU,0.10062005610487781,0.3450497512437811,0.11442786069651745,Pass
EOG7KDRW7|Teleopsis_dalmanni|JSM_8315_S13_SPM|NODE_353048_length_262_cov_464_AU,0.1037590398390195,0.27451330857319706,0.07476013618074895,Pass
EOG7KDRW7|Rhagoletis_pomonella|JSM_8398_S11_SPM|NODE_496496_length_114_cov_168_AU,0.1671661077674032,0.660727424749164,0.20484949832775923,Pass
EOG7KDRW7|Teleopsis_dalmanni|JSM_8601_S5_SPM|NODE_32900_length_206_cov_2.025316_R,0.09578360257406665,0.23798271310842134,0.06494656193664694,Pass
EOG7KDRW7|Teleopsis_dalmanni|JSM_8601_S5_SPM_1|NODE_12353_length_691_cov_1.769504_S,0.14825696346416606,0.5252080042127436,0.16719325961032128,Pass
EOG7KDRW7|Hermetia_illucens|JSM_8601_S5_SPM_2|NODE_45462_length_285_cov_2.322785_R,0.10826441132034641,0.17714512445321873,0.04701350985174002,Pass
EOG7KDRW7|Bactrocera_dorsalis|JSM_8931_S10_SPM|NODE_29219_length_200_cov_340_AU,0.14030117787386312,0.3280502136752137,0.09348290598290598,Pass
EOG7KDRW7|Rhagoletis_pomonella|JSM_9163_II_S3_SPM|NODE_876901_length_219_cov_378_AU,0.1295933059266071,0.3160730533220484,0.09545598815065603,Pass
EOG7KDRW7|Glossina_morsitans|JSM_9724_S16_SPM|NODE_710448_length_279_cov_568_AU,0.15319781676864963,0.37882886776145197,0.1213977034201753,Pass
EOG7KDRW7|Glossina_morsitans|JSS13088_S4_SPM|NODE_126858_length_280_cov_500_AU,0.1257881934352378,0.3387053308751421,0.1054014827599733,Pass
EOG7KDRW7|Teleopsis_dalmanni|JSS13088_S4_SPM_1|NODE_129035_length_165_cov_270_AU,0.14188880264157164,0.26755102040816314,0.08911564625850332,Pass
EOG7KDRW7|Lucilia_sericata|JSS16852_S14_SPM|NODE_17483_length_243_cov_426_AU,0.06526441339458278,0.2953824721377913,0.10977710233029381,Pass
EOG7KDRW7|Lucilia_sericata|JSS17053_S20_SPM|NODE_125221_length_138_cov_216_AU,0.09902278759197927,0.2834140969162996,0.07048458149779735,Pass
EOG7KDRW7|Bactrocera_oleae|JSS17490_S89_SPM|NODE_2004_length_217_cov_499_A,0.12124856865929805,0.2858089033659065,0.07871878393051024,Pass
EOG7KDRW7|Hermetia_illucens|JSS19037_S73_SPM|NODE_77206_length_131_cov_202_AU,0.09735296969955522,0.2859579688500106,0.10518455301898866,Pass
EOG7KDRW7|Teleopsis_dalmanni|JSS19038_S79_SPM|NODE_99407_length_221_cov_3279_AU,0.11413076669394534,0.22838129496402865,0.06474820143884885,Pass
EOG7KDRW7|Hermetia_illucens|JSS50551_S55_SPM|NODE_69580_length_142_cov_224_AU,0.12810648552535753,0.2645287924911213,0.06246829020801625,Pass
EOG7KDRW7|Bactrocera_oleae|JSS_18925_S78_SPM|NODE_16279_length_231_cov_402_AU,0.07564145080117271,0.1570942408376963,0.04712041884816753,Pass
EOG7KDRW7|Teleopsis_dalmanni|KMM1400_S62_SPM|NODE_1063_length_225_cov_2.020408_R,0.10732424396122649,0.27834189981630625,0.07391020206302101,Pass
EOG7KDRW7|Teleopsis_dalmanni|Sample_519660_S4_SPM|NODE_244342_length_281_cov_502_AU,0.1579524625764829,0.2886788942052101,0.07868155236576291,Pass
EOG7KDRW7|Lucilia_sericata|Sample_655211_S1_SPM|NODE_1051926_length_176_cov_293_AU,0.026781401417253024,0.13156826568265673,0.05166051660516602,Pass
EOG7KDRW7|Lucilia_sericata|Sander_Bot_Spec_74_S41_SPM|NODE_36270_length_361_cov_748_AU,0.08565749396628314,0.2738588007736945,0.07736943907156679,Pass
EOG7KDRW7|Bactrocera_oleae|Sander_Bot_Spec_74_S41_SPM_1|NODE_106446_length_245_cov_430_AU,0.20111704333033473,0.5377408933156512,0.16965096921644418,Pass
EOG7KDRW7|Glossina_morsitans|JXPC01.1|JXPC01000255.1_2,0.1288707664400312,0.38244644763404945,0.11461402081304195,Pass
EOG7KDRW7|Rhagoletis_pomonella|JXPC01.1_1|JXPC01000255.1_3,0.11565736603702383,0.2993779249766002,0.09235366117071064,Pass
EOG7KDRW7|Bactrocera_dorsalis|CAJHUG01.1|CAJHUG010000115.1_921,0.12248256391533292,0.3826419654679264,0.12026435149203152,Pass
EOG7KDRW7|Lucilia_sericata|CAJHUJ01.1|CAJHUJ010000046.1_236,0.10179502267476374,0.28912836595516545,0.08590933173590598,Pass
EOG7KDRW7|Hermetia_illucens|CAJNIT01_2|CAJNIT010000006.1_1277,0.08822294280859808,0.18832919550393665,0.05263318992636934,Pass
EOG7KDRW7|Drosophila_melanogaster|CAJSMD01.1_1|CAJSMD010000048.1_461,0.08508661457119265,0.18832919550393665,0.05263318992636934,Pass
EOG7KDRW7|Teleopsis_dalmanni|CAJZLI01_2|CAJZLI010000415.1_4,0.06931336365612623,0.18832919550393665,0.05263318992636934,Pass
EOG7KDRW7|Drosophila_melanogaster|CAKAIX01.1_1|CAKAIX010000016.1_832,0.07499846932935812,0.18832919550393665,0.05263318992636934,Pass
EOG7KDRW7|Teleopsis_dalmanni|CAJSMG01_1|CAJSMG010000217.1_1503,0.0710308743937178,0.18832919550393665,0.05263318992636934,Pass
EOG7KDRW7|Lucilia_sericata|CAJZLI01|CAJZLI010000439.1_163,0.12535128853725283,0.3517130703789635,0.10750193348801229,Pass
EOG7KDRW7|Bactrocera_dorsalis|CAJZBV01|CAJZBV010000011.1_1318,0.1575785588635226,0.4509285017006892,0.13948341129606778,Pass
EOG7KDRW7|Bactrocera_dorsalis|CAKAJG01.1|CAKAJG010000972.1_127,0.0927580095370982,0.2422611753001559,0.07558731091866955,Pass
EOG7KDRW7|Bactrocera_dorsalis|CAJNIT01|CAJNIT010000006.1_1275,0.09113272798183093,0.2422611753001559,0.07558731091866955,Pass
EOG7KDRW7|Bactrocera_dorsalis|CAJVQV01_1|CAJVQV010000028.1_240,0.0560563646430536,0.15869620063914489,0.04484105477583211,Pass
EOG7KDRW7|Musca_domestica|CAJVQV01_4|CAJVQV010000028.1_242,0.10893786052809906,0.2831301271534043,0.074702625102543,Pass
EOG7KDRW7|Bactrocera_dorsalis|CAKKXW01_1|CAKKXW010000003.1_23516,0.21014329410567567,0.5255252556413491,0.16129676172502339,Pass
EOG7KDRW7|Lucilia_sericata|CAJSMD01.1|CAJSMD010000048.1_458,0.16014376990230522,0.4567307562381954,0.14121587193290452,Pass
EOG7KDRW7|Teleopsis_dalmanni|CAKLPK01.1|CAKLPK010000129.1_403,0.08012664761193547,0.24982085420919142,0.07891847590771317,Pass
EOG7KDRW7|Lucilia_sericata|CAKLPK01.1_1|CAKLPK010000129.1_402,0.18266714688524152,0.4660961744812704,0.14458925607545747,Pass
EOG7KDRW7|Musca_domestica|CAKLPK01.1_5|CAKLPK010000129.1_404,0.26351497433815957,0.7141836451836453,0.22242550242550252,Pass
EOG7KDRW7|Teleopsis_dalmanni|CAKLPK01.1_6|CAKLPK010000129.1_409,0.22363379713651946,0.3453869187106182,0.09096048980442051,Pass
EOG7KDRW7|Zeugodacus_cucurbitae|CAKLPK01.1_3|CAKLPK010000129.1_398,0.11038699449070813,0.21962394732685453,0.0545519540440107,Pass
EOG7KDRW7|Lucilia_sericata|CAJHUJ01.1_1|CAJHUJ010000046.1_235,0.11325518435558572,0.4475439428628765,0.1355848254599521,Pass
EOG7KDRW7|Lucilia_sericata|CAJSMG01|CAJSMG010000217.1_1506,0.16221811709745892,0.46734410310050495,0.14478105347434755,Pass
EOG7KDRW7|Bactrocera_dorsalis|CAJVCN01|CAJVCN010000085.1_663,0.16557641590565034,0.4671682263523666,0.14388895452350303,Pass
EOG7KDRW7|Lucilia_sericata|CAJVQV01|CAJVQV010000028.1_241,0.09586704552691634,0.30506710751598043,0.09423169398237619,Pass
EOG7KDRW7|Glossina_morsitans|CAJZLI01_1|CAJZLI010000439.1_162,0.15080010846753986,0.5280947337079308,0.16335705246978782,Pass
EOG7KDRW7|Lucilia_sericata|CAKAIX01.1|CAKAIX010000016.1_833,0.1952583305578733,0.4603143383357915,0.1415074507802906,Pass
EOG7KDRW7|Lucilia_sericata|CAKKTD01|CAKKTD010002516.1_432,0.1939483162935308,0.4603143383357915,0.1415074507802906,Pass
EOG7KDRW7|Teleopsis_dalmanni|CAKJUZ01.1|CAKJUZ010000216.1_1,0.16693273031524206,0.46733254415542425,0.14416112705517814,Pass
EOG7KDRW7|Bactrocera_dorsalis|CAKKXW01|CAKKXW010000003.1_23517,0.11186721622504495,0.303978830278548,0.08992742033247436,Pass
EOG7KDRW7|Lucilia_sericata|GHFF01.1|GHFF01001917.1,0.17060427023539051,0.7959694229986135,0.275437008607458,Pass
EOG7KDRW7|Hermetia_illucens|JSM_6055_S7_SPM_3|NODE_11324_length_847_cov_0.736111_S,0.10433417401025466,0.1811073956744496,0.04774419916975359,Pass
EOG7KDRW7|Bactrocera_oleae|AHE_275_S22_SPM_1|NODE_27762_length_475_cov_0.741206_S,0.10188410462309798,0.35078164155213337,0.11513385218303251,Pass
EOG7KDRW7|Stomoxys_calcitrans|JSM_7804_S15_SPM_1|NODE_28072_length_471_cov_1.343023_S,0.0884900280864959,0.1413906631736969,0.04026727106820127,Pass
EOG7KDRW7|Hermetia_illucens|AHE_258_S17_SPM|NODE_2843_length_928_cov_1.099882_S,0.06213214997108751,0.17889691020448636,0.04714397943695703,Pass
