EOG7K71G3|Hermetia_illucens|AHE_99_S33_merged_SPM|NODE_1480_length_846_cov_3.533160_S,0.43610284828234347,0.7666615226545173,0.14134973470722462,Pass
EOG7K71G3|Hermetia_illucens|AHE_116_S35_merged_SPM|NODE_102424_length_1070_cov_33.798590_R,0.43469844676095243,0.7666615226545173,0.14134973470722462,Pass
EOG7K71G3|Hermetia_illucens|AHE_151_S53_merged_SPM|NODE_29011_length_1022_cov_15.679365_R,0.42922111325282725,0.7666615226545173,0.14134973470722462,Pass
EOG7K71G3|Hermetia_illucens|AHE_202_S45_merged_SPM|NODE_146_length_1336_cov_9.666402_S,0.4261099144469963,0.7666615226545173,0.14134973470722462,Pass
EOG7K71G3|Hermetia_illucens|AHE_171_S44_merged_SPM|NODE_3269_length_1315_cov_22.029887_R,0.43304708193359365,0.7666615226545173,0.14134973470722462,Pass
EOG7K71G3|Hermetia_illucens|AHE_149_S61_merged_SPM|NODE_905_length_1153_cov_12.693309_S,0.4308251159290986,0.7666615226545173,0.14134973470722462,Pass
EOG7K71G3|Hermetia_illucens|AHE_104_S47_merged_SPM|NODE_799_length_1128_cov_12.514748_S,0.4411728689789023,0.7666615226545173,0.14134973470722462,Pass
EOG7K71G3|Bactrocera_dorsalis|130501_249_44|C104289_a_22_0_l_1051,0.44552810377185637,0.7666615226545173,0.14134973470722462,Pass
EOG7K71G3|Lucilia_sericata|130608_189_16|C128239_a_6_0_l_717,0.4335366355427296,0.8591832506070214,0.1761338428648822,Pass
EOG7K71G3|Musca_domestica|GHEX01.1|GHEX01010470.1,0.4007373135460779,0.8591832506070214,0.1761338428648822,Pass
EOG7K71G3|Bactrocera_dorsalis|AHE_129_S7_merged_SPM|NODE_49905_length_1006_cov_35.263724_R,0.41837944302045293,0.7710378127472476,0.1438227215292921,Pass
EOG7K71G3|Bactrocera_dorsalis|AHE_250_S55_merged_SPM|NODE_993_length_786_cov_15.898449_S,0.44364572236665706,0.7710378127472476,0.1438227215292921,Pass
EOG7K71G3|Hermetia_illucens|120126_283_11|C117399_a_11_0_l_885,0.4212656215409157,0.7710378127472476,0.1438227215292921,Pass
EOG7K71G3|Hermetia_illucens|AHE_205_S52_merged_SPM|NODE_483_length_1249_cov_14.915529_S,0.4533242398349547,0.7710378127472476,0.1438227215292921,Pass
EOG7K71G3|Hermetia_illucens|CNC944366_S48_SPM|NODE_575_length_878_cov_126.986684_S,0.43384228097088223,0.7710378127472476,0.1438227215292921,Pass
EOG7K71G3|Hermetia_illucens|AHE_199_S37_merged_SPM|NODE_916_length_996_cov_11.781284_S,0.44345917611417346,0.7710378127472476,0.1438227215292921,Pass
EOG7K71G3|Bactrocera_dorsalis|AHE_40_S58_merged_SPM|NODE_543_length_1197_cov_10.760714_S,0.4282725616268494,0.7710378127472476,0.1438227215292921,Pass
EOG7K71G3|Hermetia_illucens|CNC566583_S21_SPM|NODE_381_length_804_cov_22.837518_R,0.4257540283681809,0.7710378127472476,0.1438227215292921,Pass
EOG7K71G3|Hermetia_illucens|CAKKXW01|CAKKXW010000002.1_29916,0.4364441263951843,0.7710378127472476,0.1438227215292921,Pass
EOG7K71G3|Bactrocera_dorsalis|AHE_136_S35_merged_SPM|NODE_26733_length_822_cov_6.714094_R,0.4365800730199874,0.7710378127472476,0.1438227215292921,Pass
EOG7K71G3|Hermetia_illucens|AHE_135_S42_merged_SPM|NODE_611_length_1376_cov_26.138568_S,0.4372656659314635,0.7710378127472476,0.1438227215292921,Pass
EOG7K71G3|Hermetia_illucens|AHE_264_S21_SPM|NODE_802_length_1190_cov_48.794250_S,0.44068525659661,0.7710378127472476,0.1438227215292921,Pass
EOG7K71G3|Hermetia_illucens|AHE_138_S13_merged_SPM|NODE_1213_length_1010_cov_49.125402_S,0.43329303954745907,0.7710378127472476,0.1438227215292921,Pass
EOG7K71G3|Hermetia_illucens|130919_247_37|s7878_L_22298_0_a_34_9_l_2611,0.4257513949719856,0.7710378127472476,0.1438227215292921,Pass
EOG7K71G3|Bactrocera_dorsalis|130928_232_71|s2334_L_2698_0_a_33_0_l_1224,0.4370182106971156,0.7710378127472476,0.1438227215292921,Pass
EOG7K71G3|Rhagoletis_pomonella|AHE_124_S16_merged_SPM|NODE_36220_length_852_cov_3.841290_R,0.4210999571798944,0.7710378127472476,0.1438227215292921,Pass
EOG7K71G3|Bactrocera_dorsalis|JSM_9156_S14_SPM|NODE_325_length_1227_cov_75.705455_S,0.4521746185784974,0.7710378127472476,0.1438227215292921,Pass
EOG7K71G3|Bactrocera_dorsalis|JSM_6602_S10_SPM|NODE_13127_length_1015_cov_81.985360_R,0.4293789968083245,0.7710378127472476,0.1438227215292921,Pass
EOG7K71G3|Hermetia_illucens|AHE_134_S14_merged_SPM|NODE_1137_length_1165_cov_40.229779_S,0.4327476899174381,0.7710378127472476,0.1438227215292921,Pass
EOG7K71G3|Hermetia_illucens|130919_247_71|C67686_a_35_0_l_944,0.4371704707986931,0.7710378127472476,0.1438227215292921,Pass
EOG7K71G3|Hermetia_illucens|AHE_275_S22_SPM|NODE_142470_length_969_cov_13.309417_R,0.4354565637922823,0.7710378127472476,0.1438227215292921,Pass
EOG7K71G3|Hermetia_illucens|AHE_147_S43_merged_SPM|NODE_695_length_1162_cov_14.142857_S,0.43101077414098804,0.7710378127472476,0.1438227215292921,Pass
EOG7K71G3|Bactrocera_dorsalis|CNC1531678_S31_SPM|NODE_50_length_743_cov_4.853896_S,0.42610808419999957,0.7710378127472476,0.1438227215292921,Pass
EOG7K71G3|Ceratitis_capitata|GIGV01.1|GIGV01018955.1,0.4233017904995125,0.756772568536873,0.13490123416897043,Pass
EOG7K71G3|Bactrocera_dorsalis|130314_269_33|C65402_a_4_0_l_1050,0.415741590734603,0.756772568536873,0.13490123416897043,Pass
EOG7K71G3|Bactrocera_dorsalis|CAJMZT01.1|CAJMZT010000082.1_507,0.4378969924298365,0.756772568536873,0.13490123416897043,Pass
EOG7K71G3|Bactrocera_dorsalis|GIFH01.1|GIFH01003153.1,0.4147790367178176,0.756772568536873,0.13490123416897043,Pass
EOG7K71G3|Bactrocera_dorsalis|AHE_130_S26_merged_SPM|NODE_1510_length_913_cov_5.613636_S,0.42889291310182387,0.7524176309812375,0.13366156212988917,Pass
EOG7K71G3|Ceratitis_capitata|JSM_6314_S15_SPM|NODE_136605_length_960_cov_5.858343_R,0.45302227219806523,0.7524176309812375,0.13366156212988917,Pass
EOG7K71G3|Bactrocera_dorsalis|AHE_121_S5_merged_SPM|NODE_2102_length_931_cov_48.525761_S,0.4428253014262801,0.7524176309812375,0.13366156212988917,Pass
EOG7K71G3|Bactrocera_dorsalis|AHE_144_S36_merged_SPM|NODE_673_length_1435_cov_10.673049_S,0.43063718920698313,0.7524176309812375,0.13366156212988917,Pass
EOG7K71G3|Bactrocera_dorsalis|AHE_168_S70_merged_SPM|NODE_794_length_1285_cov_17.565397_S,0.4370528645728021,0.7524176309812375,0.13366156212988917,Pass
EOG7K71G3|Bactrocera_dorsalis|AHE_175_S40_merged_SPM|NODE_149_length_2628_cov_9.387299_S,0.43811129393060766,0.7524176309812375,0.13366156212988917,Pass
EOG7K71G3|Bactrocera_dorsalis|120823_263_57|s11012_L_33519_0_a_22_3_l_2242_a,0.4426226857912218,0.7524176309812375,0.13366156212988917,Pass
EOG7K71G3|Bactrocera_dorsalis|AHE_259_S18_SPM|NODE_686_length_1713_cov_41.446822_S,0.44302506945335257,0.7524176309812375,0.13366156212988917,Pass
EOG7K71G3|Bactrocera_dorsalis|AHE_180_S71_merged_SPM|NODE_17800_length_1156_cov_11.522706_R,0.43205866190376924,0.7524176309812375,0.13366156212988917,Pass
EOG7K71G3|Bactrocera_dorsalis|CAJZLI01|CAJZLI010000436.1_2058,0.4404325325097156,0.7524176309812375,0.13366156212988917,Pass
EOG7K71G3|Bactrocera_dorsalis|AHE_177_S46_merged_SPM|NODE_1750_length_916_cov_3.723480_R,0.43867252603644735,0.7524176309812375,0.13366156212988917,Pass
EOG7K71G3|Bactrocera_dorsalis|AHE_100_S30_merged_SPM|NODE_720_length_1241_cov_23.847079_S,0.4345146814410629,0.7524176309812375,0.13366156212988917,Pass
EOG7K71G3|Bactrocera_dorsalis|AHE_179_S20_merged_SPM|NODE_67820_length_924_cov_12.059032_R,0.45817154753167244,0.7524176309812375,0.13366156212988917,Pass
EOG7K71G3|Bactrocera_dorsalis|AHE_110_S11_merged_SPM|NODE_1425_length_1008_cov_5.571429_S,0.4383217325344005,0.7524176309812375,0.13366156212988917,Pass
EOG7K71G3|Teleopsis_dalmanni|JSM_6608_S1_SPM|NODE_660_length_1023_cov_7.726562_S,0.446085330471091,0.7643636201542535,0.14026953665362724,Pass
EOG7K71G3|Bactrocera_dorsalis|130919_247_21|C131898_a_16_0_l_2465,0.42946052917143474,0.7643636201542535,0.14026953665362724,Pass
EOG7K71G3|Ceratitis_capitata|GIGW01.1|GIGW01024061.1,0.43074437196259224,0.7643636201542535,0.14026953665362724,Pass
EOG7K71G3|Hermetia_illucens|130928_232_22|C74521_a_58_0_l_2322,0.4805928260012153,0.759981102028096,0.13630977673918726,Pass
EOG7K71G3|Bactrocera_dorsalis|JSM_9639_II_S16_SPM|NODE_180_length_1070_cov_52.474019_R,0.4402589580063575,0.7668936266089598,0.14128453988022321,Pass
EOG7K71G3|Hermetia_illucens|AHE_256_S19_SPM|NODE_46026_length_833_cov_4.812169_R,0.43672761871627946,0.7668936266089598,0.14128453988022321,Pass
EOG7K71G3|Hermetia_illucens|130919_247_44|C95380_a_11_0_l_733,0.4365666517757953,0.7668936266089598,0.14128453988022321,Pass
EOG7K71G3|Bactrocera_dorsalis|130928_232_84|C51640_a_13_0_l_1054,0.43800570117210624,0.7626118353208421,0.1386679392135619,Pass
EOG7K71G3|Rhagoletis_pomonella|130928_232_37|s7864_L_23735_0_a_22_7_l_1294,0.4561548567295929,0.7652913685153097,0.13940227157485396,Pass
EOG7K71G3|Rhagoletis_pomonella|GCFJ01.1|GCFJ01003287.1,0.405648763841169,0.7652913685153097,0.13940227157485396,Pass
EOG7K71G3|Rhagoletis_pomonella|GCGQ01.1|GCGQ01023628.1,0.39679990587740355,0.7659713356745307,0.13993910271798193,Pass
EOG7K71G3|Rhagoletis_pomonella|GIFR01.1|GIFR01020141.1,0.4441903268299015,0.7659713356745307,0.13993910271798193,Pass
EOG7K71G3|Rhagoletis_pomonella|120429_266_9|s4833_L_9034_0_a_4_1_l_1838,0.4635962841616099,0.7659713356745307,0.13993910271798193,Pass
EOG7K71G3|Hermetia_illucens|130928_232_126|C134731_a_23_0_l_2316,0.4563531806224755,0.8352123560081345,0.1705565434447261,Pass
EOG7K71G3|Bactrocera_dorsalis|130919_247_55|C106056_a_7_0_l_2113,0.44004678061114266,0.7529279749517765,0.13374922028024067,Pass
EOG7K71G3|Bactrocera_dorsalis|AHE_36_S19_merged_SPM|NODE_1147_length_1100_cov_14.887586_S,0.43385940868847267,0.7529279749517765,0.13374922028024067,Pass
EOG7K71G3|Bactrocera_dorsalis|AHE_213_S29_merged_SPM|NODE_514_length_1265_cov_6.386364_S,0.4334983639219107,0.7529279749517765,0.13374922028024067,Pass
EOG7K71G3|Bactrocera_dorsalis|Sample_655211_S1_SPM|NODE_50232_length_1291_cov_108.527491_R,0.44045196263398695,0.7529279749517765,0.13374922028024067,Pass
EOG7K71G3|Bactrocera_dorsalis|CAJSMD01.1|CAJSMD010000202.1_263,0.4420213877232237,0.7529279749517765,0.13374922028024067,Pass
EOG7K71G3|Bactrocera_dorsalis|AHE_208_S54_merged_SPM|NODE_204_length_1235_cov_4.405009_S,0.445575083278205,0.7529279749517765,0.13374922028024067,Pass
EOG7K71G3|Stomoxys_calcitrans|GAVA02.1|GAVA02016251.1,0.39203338984711794,0.7529279749517765,0.13374922028024067,Pass
EOG7K71G3|Bactrocera_dorsalis|JSM_10611_S9_SPM|NODE_42518_length_1270_cov_187.217848_R,0.44051928587214234,0.7529279749517765,0.13374922028024067,Pass
EOG7K71G3|Bactrocera_dorsalis|CAKAJG01.1|CAKAJG010000098.1_45,0.4306550536703417,0.7529279749517765,0.13374922028024067,Pass
EOG7K71G3|Bactrocera_dorsalis|AHE_211_S38_merged_SPM|NODE_301_length_1428_cov_14.806810_S,0.4507375554015156,0.7529279749517765,0.13374922028024067,Pass
EOG7K71G3|Bactrocera_dorsalis|AHE_34_S58_merged_SPM|NODE_511_length_1244_cov_13.240788_S,0.4431770118241165,0.7529279749517765,0.13374922028024067,Pass
EOG7K71G3|Zeugodacus_cucurbitae|AHE_38_S66_merged_SPM|NODE_869_length_817_cov_2.966216_S,0.43313244099958853,0.7529279749517765,0.13374922028024067,Pass
EOG7K71G3|Bactrocera_dorsalis|JSM_8384_S2_SPM|NODE_479_length_1209_cov_97.188540_S,0.44213577356447137,0.7529279749517765,0.13374922028024067,Pass
EOG7K71G3|Bactrocera_dorsalis|AHE_283_S23_SPM|NODE_53014_length_1651_cov_20.912325_R,0.44280097369985255,0.7529279749517765,0.13374922028024067,Pass
EOG7K71G3|Bactrocera_dorsalis|AHE_23_S35_merged_SPM|NODE_509_length_1220_cov_16.054243_S,0.43736263546965665,0.7628719077810285,0.1392840202752001,Pass
EOG7K71G3|Bactrocera_dorsalis|AHE_16_S58_merged_SPM|NODE_529_length_876_cov_5.665832_S,0.4502869177239207,0.7628719077810285,0.1392840202752001,Pass
EOG7K71G3|Bactrocera_dorsalis|CNC866427_S83_SPM|NODE_365_length_988_cov_11.243902_S,0.44474891185603227,0.7628719077810285,0.1392840202752001,Pass
EOG7K71G3|Rhagoletis_pomonella|GCGG01.1|GCGG01016516.1,0.4327735162971148,0.7628719077810285,0.1392840202752001,Pass
EOG7K71G3|Hermetia_illucens|CNC451885_S4_SPM|NODE_471_length_862_cov_18.711565_R,0.43581745583617115,0.7628719077810285,0.1392840202752001,Pass
EOG7K71G3|Bactrocera_dorsalis|AHE_210_S53_merged_SPM|NODE_494_length_1138_cov_14.745523_S,0.44012338543626167,0.7628719077810285,0.1392840202752001,Pass
EOG7K71G3|Bactrocera_dorsalis|AHE_270_S22_SPM|NODE_1209_length_937_cov_27.977907_S,0.42968213817266554,0.7628719077810285,0.1392840202752001,Pass
EOG7K71G3|Hermetia_illucens|AHE_254_S17_SPM|NODE_61358_length_1229_cov_14.666667_R,0.4477783656037108,0.7628719077810285,0.1392840202752001,Pass
EOG7K71G3|Hermetia_illucens|130919_247_17|C73924_a_36_0_l_1069,0.4353576438578483,0.7628719077810285,0.1392840202752001,Pass
EOG7K71G3|Hermetia_illucens|AHE_252_S17_SPM|NODE_69611_length_1046_cov_48.008256_R,0.4335779673530689,0.7628719077810285,0.1392840202752001,Pass
EOG7K71G3|Bactrocera_dorsalis|JSM_8424_S12_SPM|NODE_531_length_1351_cov_118.137255_S,0.44509803416856747,0.7628719077810285,0.1392840202752001,Pass
EOG7K71G3|Bactrocera_dorsalis|AHE_33_S59_merged_SPM|NODE_258_length_1042_cov_10.957513_S,0.4524291451002026,0.7628719077810285,0.1392840202752001,Pass
EOG7K71G3|Hermetia_illucens|AHE_253_S20_SPM|NODE_59307_length_1071_cov_13.483903_R,0.4311374336089956,0.7628719077810285,0.1392840202752001,Pass
EOG7K71G3|Hermetia_illucens|JSM_6712_S3_SPM|NODE_68452_length_999_cov_180.202982_R,0.4445798986166676,0.7628719077810285,0.1392840202752001,Pass
EOG7K71G3|Hermetia_illucens|CAJZBV01|CAJZBV010000016.1_2343,0.4338335690835259,0.7628719077810285,0.1392840202752001,Pass
EOG7K71G3|Bactrocera_dorsalis|AHE_30_S57_merged_SPM|NODE_340_length_1289_cov_11.179868_S,0.43943012723997715,0.7628719077810285,0.1392840202752001,Pass
EOG7K71G3|Bactrocera_dorsalis|JSM_4904_S2_SPM|NODE_4083_length_1071_cov_29.175847_R,0.4446856597110333,0.7628719077810285,0.1392840202752001,Pass
EOG7K71G3|Hermetia_illucens|AHE_257_S20_SPM|NODE_635_length_989_cov_34.348684_S,0.43816060754309116,0.7628719077810285,0.1392840202752001,Pass
EOG7K71G3|Bactrocera_dorsalis|AHE_158_S43_merged_SPM|NODE_554_length_882_cov_11.459627_S,0.43522619127408824,0.7628719077810285,0.1392840202752001,Pass
EOG7K71G3|Bactrocera_dorsalis|JSM_8601_S5_SPM|NODE_64084_length_1236_cov_118.350766_R,0.43878737522921196,0.7628719077810285,0.1392840202752001,Pass
EOG7K71G3|Bactrocera_dorsalis|AHE_212_S47_merged_SPM|NODE_3269_length_968_cov_3.167228_R,0.44544389893416025,0.7628719077810285,0.1392840202752001,Pass
EOG7K71G3|Bactrocera_dorsalis|AHE_28_S11_merged_SPM|NODE_335_length_1435_cov_17.693667_S,0.433418675804659,0.7628719077810285,0.1392840202752001,Pass
EOG7K71G3|Bactrocera_dorsalis|AHE_32_S40_merged_SPM|NODE_426_length_1125_cov_7.558206_S,0.43943012723997715,0.7628719077810285,0.1392840202752001,Pass
EOG7K71G3|Rhagoletis_pomonella|AHE_209_S39_merged_SPM|NODE_464_length_1068_cov_8.908174_S,0.44485471929135667,0.7628719077810285,0.1392840202752001,Pass
EOG7K71G3|Hermetia_illucens|AHE_261_S18_SPM|NODE_1790_length_873_cov_16.050251_R,0.44289218916232315,0.7628719077810285,0.1392840202752001,Pass
EOG7K71G3|Hermetia_illucens|CNC1059087_S66_SPM|NODE_219_length_1093_cov_10.511387_S,0.44743311722666596,0.7628719077810285,0.1392840202752001,Pass
EOG7K71G3|Bactrocera_dorsalis|JSM_8355_S10_SPM|NODE_75_length_1266_cov_8.035996_S,0.44103572170689315,0.7628719077810285,0.1392840202752001,Pass
EOG7K71G3|Rhagoletis_pomonella|131012_246_93|C83732_a_17_0_l_1129,0.4525072276724636,0.7720746168380571,0.1419132084582237,Pass
EOG7K71G3|Rhagoletis_pomonella|CAJHUG01.1|CAJHUG010000106.1_896,0.4525072276724636,0.7720746168380571,0.1419132084582237,Pass
EOG7K71G3|Bactrocera_dorsalis|120707_249_19|C181686_a_39_0_l_872,0.47074249844422217,0.8046469965725226,0.1750841793737284,Pass
EOG7K71G3|Hermetia_illucens|AHE_31_S49_merged_SPM|NODE_22340_length_1111_cov_6.349130_R,0.4460342027650288,0.7517453996312827,0.13057318953467956,Pass
EOG7K71G3|Hermetia_illucens|AHE_24_S40_merged_SPM|NODE_336_length_1344_cov_11.713496_S,0.4598892000096946,0.7517453996312827,0.13057318953467956,Pass
EOG7K71G3|Bactrocera_dorsalis|JSM_8264_S9_SPM|NODE_144_length_947_cov_5.265854_S,0.4495806176562763,0.7517453996312827,0.13057318953467956,Pass
EOG7K71G3|Rhagoletis_pomonella|GCVD01.1|GCVD01010718.1,0.443969387522546,0.7517453996312827,0.13057318953467956,Pass
EOG7K71G3|Glossina_morsitans|GCGW01.1|GCGW01029294.1,0.48072841224923957,0.8043016485361415,0.14795064165075372,Pass
EOG7K71G3|Drosophila_ficusphila|GCFU01.1|GCFU01010016.1,0.4242025291864752,0.7404767999935901,0.16413794208611765,Pass
EOG7K71G3|Musca_domestica|GCNB01.1|GCNB01007048.1,0.3880231362873339,0.7606204508590643,0.13768374293650842,Pass
EOG7K71G3|Zeugodacus_cucurbitae|AHE_84_S14_merged_SPM|NODE_415_length_1096_cov_9.349362_S,0.43933920308791974,0.7606204508590643,0.13768374293650842,Pass
EOG7K71G3|Musca_domestica|GCFF01.1|GCFF01025897.1,0.3726226437956197,0.7606204508590643,0.13768374293650842,Pass
EOG7K71G3|Bactrocera_dorsalis|GIGQ01.1|GIGQ01016634.1,0.42380861623519295,0.7667773330526394,0.14074593890503834,Pass
EOG7K71G3|Ceratitis_capitata|GCFV01.1|GCFV01001683.1,0.3949234502977184,0.7667773330526394,0.14074593890503834,Pass
EOG7K71G3|Bactrocera_dorsalis|ZMFK_18031_S11_SPM|NODE_168_length_1403_cov_14.944357_S,0.44627575477682807,0.7667773330526394,0.14074593890503834,Pass
EOG7K71G3|Rhagoletis_pomonella|GCMS01.1|GCMS01017739.1,0.44111576696586313,0.7667773330526394,0.14074593890503834,Pass
EOG7K71G3|Rhagoletis_pomonella|GAZD02.1|GAZD02015349.1,0.45865665543010836,0.7699475329198843,0.14324112673118644,Pass
EOG7K71G3|Hermetia_illucens|AHE_94_S37_merged_SPM|NODE_391_length_1050_cov_20.475848_S,0.4329864023193948,0.7699475329198843,0.14324112673118644,Pass
EOG7K71G3|Zeugodacus_cucurbitae|JSM_11384_S6_SPM|NODE_5303_length_1804_cov_1.574240_S,0.4648413642625751,0.7680428484142251,0.1410907434639896,Pass
EOG7K71G3|Rhagoletis_pomonella|GCLW01.1|GCLW01014260.1,0.38276181453030056,0.7680428484142251,0.1410907434639896,Pass
EOG7K71G3|Zeugodacus_cucurbitae|GCNK01.1|GCNK01043182.1,0.4298039868621277,0.7683405001800908,0.1405445955380748,Pass
EOG7K71G3|Hermetia_illucens|JSM_10699_S3_SPM|NODE_287016_length_1190_cov_1.209784_R,0.437728908835259,0.7612026789023582,0.1371302921907505,Pass
EOG7K71G3|Bactrocera_dorsalis|JSM_5907_S13_SPM|NODE_70282_length_932_cov_26.889441_R,0.44229714972583883,0.7612026789023582,0.1371302921907505,Pass
EOG7K71G3|Hermetia_illucens|GCMC01.1|GCMC01016842.1,0.4495832749136546,0.7612026789023582,0.1371302921907505,Pass
EOG7K71G3|Musca_domestica|GCFN01.1|GCFN01001097.1,0.399698804298962,0.7671205312675023,0.13936325491588974,Pass
EOG7K71G3|Bactrocera_dorsalis|GDDE01.1|GDDE01015610.1,0.43942760159924193,0.7401050320514327,0.15399927681715214,Pass
EOG7K71G3|Bactrocera_dorsalis|GCGS01.1|GCGS01011182.1,0.4106002498837467,0.7622745462077393,0.1392910763341701,Pass
EOG7K71G3|Ceratitis_capitata|GDDH01.1|GDDH01059458.1,0.42959695628157574,0.7622745462077393,0.1392910763341701,Pass
EOG7K71G3|Bactrocera_dorsalis|JSS_30548_S2_SPM|NODE_2240_length_1002_cov_17.594286_R,0.4408419782758589,0.7622745462077393,0.1392910763341701,Pass
EOG7K71G3|Ceratitis_capitata|CAKLPK01.1|CAKLPK010000040.1_875,0.44203243352625976,0.7622745462077393,0.1392910763341701,Pass
EOG7K71G3|Rhagoletis_pomonella|GCNJ01.1|GCNJ01005806.1,0.4215840400118401,0.859648011107697,0.17841860018992012,Pass
EOG7K71G3|Rhagoletis_pomonella|GCMY01.1|GCMY01069826.1,0.4308041771886842,0.8488557223586118,0.17590903448288397,Pass
EOG7K71G3|Ceratitis_capitata|GIGP01.1|GIGP01001663.1,0.437153792069218,0.8629009110095128,0.17937289525711442,Pass
EOG7K71G3|Glossina_morsitans|GDDC01.1|GDDC01038800.1,0.5567297423121952,0.8629009110095128,0.17937289525711442,Pass
EOG7K71G3|Rhagoletis_pomonella|GIFT01.1|GIFT01014583.1,0.409377396677542,0.7660781767811016,0.1407199698267464,Pass
EOG7K71G3|Ceratitis_capitata|GIFS01.1|GIFS01047183.1,0.44729747225757516,0.7623987202511521,0.13703062254247228,Pass
EOG7K71G3|Bactrocera_dorsalis|GIGO01.1|GIGO01010666.1,0.43108585779853015,0.7608581537626975,0.13743919409721694,Pass
EOG7K71G3|Hermetia_illucens|JSM_7174_S7_SPM|NODE_9738_length_1176_cov_134.721640_R,0.4437349142573725,0.7608581537626975,0.13743919409721694,Pass
EOG7K71G3|Drosophila_ficusphila|GIGU01.1|GIGU01022501.1,0.41471986799282595,0.7495742641794292,0.17034981070103455,Pass
EOG7K71G3|Musca_domestica|GHFF01.1|GHFF01003752.1,0.39431112193647777,0.7633136576058522,0.13663243337404762,Pass
EOG7K71G3|Rhagoletis_pomonella|GIFO01.1|GIFO01022200.1,0.43454918596494274,0.8417694575276083,0.1660885632381348,Pass
EOG7K71G3|Ceratitis_capitata|GIFE01.1|GIFE01015097.1,0.4436577324017138,0.7741519159447164,0.14442521890877863,Pass
EOG7K71G3|Bactrocera_dorsalis|CAJVQV01|CAJVQV010000156.1_44,0.4243333264371624,0.7623644036664101,0.1388171115220055,Pass
EOG7K71G3|Bactrocera_dorsalis|AHE_267_S19_SPM|NODE_123882_length_1050_cov_23.865365_R,0.43010679230077836,0.7623644036664101,0.1388171115220055,Pass
EOG7K71G3|Zeugodacus_cucurbitae|GIGL01.1|GIGL01008089.1,0.4168878772573417,0.7623644036664101,0.1388171115220055,Pass
EOG7K71G3|Bactrocera_dorsalis|GIGS01.1|GIGS01024927.1,0.39910542381591796,0.7351825021674406,0.16172179887416321,Pass
EOG7K71G3|Rhagoletis_pomonella|GIGM01.1|GIGM01012029.1,0.45243052226164227,0.7747116368928112,0.1460123493001984,Pass
EOG7K71G3|Rhagoletis_pomonella|GIFM01.1|GIFM01012771.1,0.42754218439956426,0.7652105123942018,0.13917651999285746,Pass
EOG7K71G3|Hermetia_illucens|GIGR01.1|GIGR01014381.1,0.4626354437836497,0.76087270693529,0.13300788998745233,Pass
EOG7K71G3|Drosophila_ficusphila|GIFF01.1|GIFF01002631.1,0.4508952935890146,0.7612265996266809,0.1344030239598369,Pass
EOG7K71G3|Ceratitis_capitata|GIFG01.1|GIFG01007512.1,0.4004407196399468,0.7492041569615504,0.17178443804637994,Pass
EOG7K71G3|Rhagoletis_pomonella|GIGT01.1|GIGT01006425.1,0.3958007928068349,0.764325926636444,0.13936139188930863,Pass
EOG7K71G3|Bactrocera_dorsalis|JSM_5000_S11_SPM|NODE_82678_length_383_cov_3908_AU,0.3865272987306522,0.6919322147454382,0.14071372685124017,Pass
EOG7K71G3|Drosophila_melanogaster|JSM_10502_S4_SPM|NODE_10604_length_361_cov_4.829060_R,0.3952924505000147,0.6919322147454382,0.14071372685124017,Pass
EOG7K71G3|Bactrocera_dorsalis|AHE_85_S54_merged_SPM|NODE_1896_length_550_cov_3.169133_S,0.3906300257963973,0.6919322147454382,0.14071372685124017,Pass
EOG7K71G3|Drosophila_melanogaster|JSM_8398_S11_SPM|NODE_1051_length_681_cov_24.848375_S,0.39737425124388237,0.6919322147454382,0.14071372685124017,Pass
EOG7K71G3|Zeugodacus_cucurbitae|AB33593873_S12_SPM|NODE_295_length_393_cov_15.353383_R,0.3857317328367046,0.6919322147454382,0.14071372685124017,Pass
EOG7K71G3|Bactrocera_dorsalis|JSM_6897_S6_SPM|NODE_2239_length_599_cov_19.525424_S,0.3846728606725619,0.6919322147454382,0.14071372685124017,Pass
EOG7K71G3|Hermetia_illucens|CNC451875_S3_SPM|NODE_1130_length_672_cov_20.165138_R,0.44019244327973395,0.7809439316743574,0.14577128236483033,Pass
EOG7K71G3|Bactrocera_dorsalis|AHE_260_S19_SPM|NODE_65300_length_804_cov_31.060523_R,0.4690796694924697,0.7809439316743574,0.14577128236483033,Pass
EOG7K71G3|Bactrocera_dorsalis|AB34950737_S20_SPM|NODE_2075_length_860_cov_11.529332_R,0.43495531014993466,0.7809439316743574,0.14577128236483033,Pass
EOG7K71G3|Zeugodacus_cucurbitae|JSM_9163_II_S3_SPM|NODE_1827_length_605_cov_9.721757_S,0.47015299562472007,0.8606279097538453,0.16626758796253022,Pass
EOG7K71G3|Zeugodacus_cucurbitae|AB48933026_S24_SPM|NODE_857_length_556_cov_12.027972_S,0.46779894716345466,0.8606279097538453,0.16626758796253022,Pass
EOG7K71G3|Bactrocera_dorsalis|MZH_Y126_S44_SPM|NODE_1405_length_414_cov_8.386760_R,0.48465150855239575,0.8837868680929806,0.1670934639172192,Pass
EOG7K71G3|Bactrocera_dorsalis|AB49104653_S38_SPM|NODE_1978_length_429_cov_10.605960_R,0.49939598117287953,0.8837868680929806,0.1670934639172192,Pass
EOG7K71G3|Bactrocera_dorsalis|JSM_10051_S8_SPM|NODE_2896_length_435_cov_27.207792_R,0.48596805950371935,0.8837868680929806,0.1670934639172192,Pass
EOG7K71G3|Hermetia_illucens|AB59883956_S41_SPM|NODE_179_length_438_cov_3.697749_R,0.38878813333026246,0.6618894674511763,0.1246401238489846,Pass
EOG7K71G3|Hermetia_illucens|KMM1406_S69_SPM|NODE_368_length_321_cov_3.226804_R,0.3887332153841036,0.6618894674511763,0.1246401238489846,Pass
EOG7K71G3|Bactrocera_dorsalis|JSM_4776_S1_SPM|NODE_265_length_362_cov_60.987234_R,0.3875306319083196,0.6618894674511763,0.1246401238489846,Pass
EOG7K71G3|Bactrocera_dorsalis|CNC468289_S15_SPM|NODE_1979_length_199_cov_4.000000_R,0.37626768658974025,0.6618894674511763,0.1246401238489846,Pass
EOG7K71G3|Bactrocera_dorsalis|Sample_487784_S4_SPM|NODE_26531_length_585_cov_2.569869_R,0.3926659942472264,0.6618894674511763,0.1246401238489846,Pass
EOG7K71G3|Bactrocera_dorsalis|AB59937875_S42_SPM|NODE_625_length_909_cov_15.547315_R,0.48300452014649814,0.8491583845860391,0.1646275201587724,Pass
EOG7K71G3|Lucilia_sericata|AHE_101_S25_merged_SPM|NODE_560_length_1319_cov_14.533011_S,0.47315226945132793,0.859463636243219,0.1773046653421007,Pass
EOG7K71G3|Lucilia_sericata|AHE_265_S23_SPM|NODE_43743_length_1059_cov_39.737271_R,0.4625619250681286,0.859463636243219,0.1773046653421007,Pass
EOG7K71G3|Drosophila_melanogaster|AHE_102_S3_merged_SPM|NODE_981_length_694_cov_2.990276_S,0.48640352676511145,0.8339748094849327,0.1727537622599904,Pass
EOG7K71G3|Bactrocera_dorsalis|AHE_53_S32_merged_SPM|NODE_33418_length_777_cov_6.865714_R,0.2995593743185786,0.5234788793749696,0.08688787020563993,Pass
EOG7K71G3|Bactrocera_dorsalis|CAJSMG01|CAJSMG010000254.1_979,0.3244104330592317,0.5234788793749696,0.08688787020563993,Pass
EOG7K71G3|Bactrocera_dorsalis|AHE_206_S46_merged_SPM|NODE_1056_length_654_cov_4.729636_S,0.3263054874513643,0.5234788793749696,0.08688787020563993,Pass
EOG7K71G3|Bactrocera_dorsalis|AHE_103_S38_merged_SPM|NODE_30024_length_1245_cov_6.518836_R,0.2864971997215902,0.5234788793749696,0.08688787020563993,Pass
EOG7K71G3|Bactrocera_dorsalis|S_BOT_SPECIMEN337_S27_SPM|NODE_5075_length_985_cov_37.680653_R,0.28045349730030666,0.5234788793749696,0.08688787020563993,Pass
EOG7K71G3|Bactrocera_dorsalis|AHE_277_S24_SPM|NODE_1477_length_1033_cov_41.043933_S,0.29549556212123085,0.5234788793749696,0.08688787020563993,Pass
EOG7K71G3|Bactrocera_dorsalis|AHE_190_S36_merged_SPM|NODE_584_length_1221_cov_24.565559_S,0.27637458595870773,0.5234788793749696,0.08688787020563993,Pass
EOG7K71G3|Bactrocera_dorsalis|AHE_181_S51_merged_SPM|NODE_1910_length_1206_cov_11.748450_R,0.28925288783897757,0.5234788793749696,0.08688787020563993,Pass
EOG7K71G3|Bactrocera_dorsalis|AHE_271_S21_SPM|NODE_154274_length_1147_cov_49.355140_R,0.30078909116521935,0.5234788793749696,0.08688787020563993,Pass
EOG7K71G3|Bactrocera_dorsalis|AHE_273_S20_SPM|NODE_1130_length_1159_cov_19.147874_S,0.2783766064777803,0.5234788793749696,0.08688787020563993,Pass
EOG7K71G3|Bactrocera_dorsalis|AHE_54_S60_merged_SPM|NODE_4034_length_786_cov_5.215797_S,0.2995593743185786,0.5234788793749696,0.08688787020563993,Pass
EOG7K71G3|Bactrocera_dorsalis|AHE_178_S61_merged_SPM|NODE_619_length_936_cov_18.457509_S,0.27637458595870773,0.5234788793749696,0.08688787020563993,Pass
EOG7K71G3|Bactrocera_dorsalis|AHE_55_S43_merged_SPM|NODE_12270_length_783_cov_6.128895_R,0.32175862782156484,0.5234788793749696,0.08688787020563993,Pass
EOG7K71G3|Glossina_morsitans|AHE_164_S19_merged_SPM|NODE_40869_length_1125_cov_12.842557_R,0.26445187199543685,0.5088604828580733,0.08193813090198637,Pass
EOG7K71G3|Glossina_morsitans|AHE_172_S16_merged_SPM|NODE_52660_length_945_cov_55.188940_R,0.28148849953138577,0.5088604828580733,0.08193813090198637,Pass
EOG7K71G3|Glossina_morsitans|CNC485567_S78_SPM|NODE_8381_length_165_cov_540_A,0.2737471595390508,0.5088604828580733,0.08193813090198637,Pass
EOG7K71G3|Glossina_morsitans|AHE_106_S62_merged_SPM|NODE_25441_length_1153_cov_13.030669_R,0.2723501341945087,0.5088604828580733,0.08193813090198637,Pass
EOG7K71G3|Glossina_morsitans|AHE_105_S55_merged_SPM|NODE_3255_length_534_cov_7.759300_R,0.26901921368201404,0.5088604828580733,0.08193813090198637,Pass
EOG7K71G3|Glossina_morsitans|AHE_141_S15_merged_SPM|NODE_969_length_1149_cov_27.624067_S,0.2623814453065139,0.5088604828580733,0.08193813090198637,Pass
EOG7K71G3|Glossina_morsitans|AHE_125_S6_merged_SPM|NODE_50158_length_249_cov_0.860465_R,0.3033230183965478,0.5088604828580733,0.08193813090198637,Pass
EOG7K71G3|Glossina_morsitans|AHE_173_S62_merged_SPM|NODE_704_length_1243_cov_29.419383_S,0.28148849953138577,0.5088604828580733,0.08193813090198637,Pass
EOG7K71G3|Glossina_morsitans|AHE_108_S50_merged_SPM|NODE_534_length_1175_cov_13.873406_S,0.2772113936659016,0.5088604828580733,0.08193813090198637,Pass
EOG7K71G3|Bactrocera_dorsalis|AHE_107_S69_merged_SPM|NODE_693_length_1414_cov_10.061331_S,0.4447507610740554,0.767428803358717,0.14217841854875485,Pass
EOG7K71G3|Hermetia_illucens|AHE_10_S47_merged_SPM|NODE_247_length_1470_cov_5.985642_S,0.43941112883213923,0.76221183237518,0.13764803515588636,Pass
EOG7K71G3|Hermetia_illucens|AHE_111_S34_merged_SPM|NODE_1598_length_519_cov_2.622172_S,0.49622085849815756,0.8345514605465926,0.15504504981050465,Pass
EOG7K71G3|Bactrocera_dorsalis|AHE_112_S42_merged_SPM|NODE_1809_length_354_cov_1.613718_R,0.3463773056440823,0.6734137758995092,0.13747697306969353,Pass
EOG7K71G3|Glossina_morsitans|AHE_113_S4_merged_SPM|NODE_256795_length_579_cov_5230_AU,0.34918220423637314,0.6896948628424744,0.1491868283422788,Pass
EOG7K71G3|Glossina_morsitans|AHE_92_S10_merged_SPM|NODE_7180_length_277_cov_0.630000_S,0.416123175588932,0.6896948628424744,0.1491868283422788,Pass
EOG7K71G3|Hermetia_illucens|KMM1404_S64_SPM|NODE_231_length_769_cov_5.993769_S,0.4396300924952534,0.7788380659395581,0.14371139329999488,Pass
EOG7K71G3|Hermetia_illucens|AHE_194_S22_merged_SPM|NODE_909_length_1053_cov_27.173156_S,0.45430666282121235,0.7788380659395581,0.14371139329999488,Pass
EOG7K71G3|Hermetia_illucens|AHE_115_S22_merged_SPM|NODE_1946_length_925_cov_2.770047_S,0.4589497849363339,0.7788380659395581,0.14371139329999488,Pass
EOG7K71G3|Ceratitis_capitata|USNM_ENT27989_S88_SPM|NODE_127_length_599_cov_5.307203_R,0.4150999840191644,0.8150736538083151,0.1757143094727055,Pass
EOG7K71G3|Bactrocera_dorsalis|wvs06189_S30_SPM|NODE_245_length_708_cov_4.786575_S,0.4141340338182894,0.8150736538083151,0.1757143094727055,Pass
EOG7K71G3|Bactrocera_dorsalis|AHE_117_S52_merged_SPM|NODE_50206_length_736_cov_7.054628_R,0.43162737272236607,0.8150736538083151,0.1757143094727055,Pass
EOG7K71G3|Hermetia_illucens|AHE_118_S50_merged_SPM|NODE_31614_length_407_cov_1554_A,0.3514551866678234,0.6528400471658679,0.1270446302493769,Pass
EOG7K71G3|Teleopsis_dalmanni|AHE_119_S48_merged_SPM|NODE_51636_length_1048_cov_9.335736_R,0.44550494349930037,0.7560824257061584,0.13448028879022467,Pass
EOG7K71G3|Glossina_morsitans|AHE_120_S31_merged_SPM|NODE_107249_length_675_cov_21.295987_R,0.3790094118156451,0.7729365821371909,0.18765446931623375,Pass
EOG7K71G3|Zeugodacus_cucurbitae|JSS17034_S75_SPM|NODE_312_length_801_cov_6.318991_g310_i0_R,0.20507228315054837,0.39709039548022584,0.06779661016949146,Pass
EOG7K71G3|Bactrocera_dorsalis|AHE_122_S39_merged_SPM|NODE_41606_length_1160_cov_30.765466_R,0.21135231906562424,0.39709039548022584,0.06779661016949146,Pass
EOG7K71G3|Hermetia_illucens|AHE_123_S56_merged_SPM|NODE_1475_length_885_cov_18.914604_S,0.4540634142865584,0.7805951404246856,0.1445085903963948,Pass
EOG7K71G3|Ceratitis_capitata|JSM_642_S1_SPM|NODE_1441448_length_744_cov_3741_AU,0.4746733750452137,0.7805951404246856,0.1445085903963948,Pass
EOG7K71G3|Glossina_morsitans|AHE_126_S12_merged_SPM|NODE_1407_length_789_cov_6.442416_S,0.4405538179458123,0.8322007050700376,0.17003763636261526,Pass
EOG7K71G3|Bactrocera_dorsalis|CNC485641_S95_SPM|NODE_973_length_477_cov_2.717143_g970_i0_R,0.3546140700386559,0.6323521289824415,0.12202916752887433,Pass
EOG7K71G3|Glossina_morsitans|AHE_127_S63_merged_SPM|NODE_2623_length_596_cov_4.965318_S,0.352090896567943,0.6323521289824415,0.12202916752887433,Pass
EOG7K71G3|Hermetia_illucens|AHE_128_S38_merged_SPM|NODE_1628_length_541_cov_4.575431_S,0.36222928413975053,0.6773179254404849,0.1373786003691877,Pass
EOG7K71G3|Hermetia_illucens|JSM_10636_S14_SPM|NODE_16656_length_817_cov_23.566667_R,0.4724283782447069,0.8665086429673402,0.16749961537870423,Pass
EOG7K71G3|Hermetia_illucens|AHE_263_S22_SPM|NODE_27069_length_660_cov_3.732419_R,0.48286262545593567,0.8665086429673402,0.16749961537870423,Pass
EOG7K71G3|Hermetia_illucens|AHE_137_S51_merged_SPM|NODE_1792_length_564_cov_4.618070_S,0.44899389716927185,0.8665086429673402,0.16749961537870423,Pass
EOG7K71G3|Hermetia_illucens|AHE_12_S18_merged_SPM|NODE_19398_length_933_cov_10.030374_R,0.45896220939104637,0.8665086429673402,0.16749961537870423,Pass
EOG7K71G3|Hermetia_illucens|ZFMK_DIP00061256_S84_SPM|NODE_272_length_836_cov_3.997179_S,0.4774539075161345,0.8665086429673402,0.16749961537870423,Pass
EOG7K71G3|Ceratitis_capitata|AHE_15_S51_merged_SPM|NODE_26798_length_737_cov_2.675758_R,0.4497839994146559,0.8665086429673402,0.16749961537870423,Pass
EOG7K71G3|Hermetia_illucens|CAJHUJ01.1|CAJHUJ010000006.1_103,0.4707660233385832,0.8665086429673402,0.16749961537870423,Pass
EOG7K71G3|Hermetia_illucens|AHE_195_S23_merged_SPM|NODE_77893_length_1031_cov_20.141509_R,0.4732464726729268,0.8665086429673402,0.16749961537870423,Pass
EOG7K71G3|Hermetia_illucens|AHE_58_S43_merged_SPM|NODE_3893_length_528_cov_6.279379_S,0.47667041840684976,0.8665086429673402,0.16749961537870423,Pass
EOG7K71G3|Bactrocera_dorsalis|AHE_131_S8_merged_SPM|NODE_808_length_1191_cov_33.968582_S,0.20410891218777394,0.42456714203118207,0.07479595460598115,Pass
EOG7K71G3|Drosophila_melanogaster|AHE_162_S18_merged_SPM|NODE_931_length_1109_cov_30.944767_S,0.20587594118382704,0.42456714203118207,0.07479595460598115,Pass
EOG7K71G3|Rhagoletis_pomonella|CNC569435_S94_SPM|NODE_1244_length_728_cov_3.662230_S,0.21853642309348797,0.42456714203118207,0.07479595460598115,Pass
EOG7K71G3|Bactrocera_dorsalis|AHE_132_S13_merged_SPM|NODE_2299_length_915_cov_23.238663_S,0.4600551920760961,0.8455250666266846,0.16232651636081208,Pass
EOG7K71G3|Bactrocera_dorsalis|JSM_10551_S1_SPM|NODE_16370_length_739_cov_26.988562_R,0.44973085370182053,0.8455250666266846,0.16232651636081208,Pass
EOG7K71G3|Zeugodacus_cucurbitae|JSM_8315_S13_SPM|NODE_11563_length_615_cov_16.088115_R,0.4550791474353336,0.8455250666266846,0.16232651636081208,Pass
EOG7K71G3|Bactrocera_dorsalis|AHE_191_S25_merged_SPM|NODE_62152_length_748_cov_7.712370_R,0.44934085980461347,0.8455250666266846,0.16232651636081208,Pass
EOG7K71G3|Bactrocera_dorsalis|JSM_4972_S8_SPM|NODE_1246_length_607_cov_2.287500_R,0.4469396163366752,0.8455250666266846,0.16232651636081208,Pass
EOG7K71G3|Hermetia_illucens|AHE_63_S36_merged_SPM|NODE_2015_length_829_cov_4.456117_S,0.45908215810667297,0.8455250666266846,0.16232651636081208,Pass
EOG7K71G3|Hermetia_illucens|AHE_57_S9_merged_SPM|NODE_11557_length_673_cov_6.129195_R,0.45473167136875375,0.8455250666266846,0.16232651636081208,Pass
EOG7K71G3|Hermetia_illucens|AHE_204_S41_merged_SPM|NODE_2500_length_954_cov_11.824401_S,0.4603179978929784,0.8601759109653778,0.1647081065246765,Pass
EOG7K71G3|Hermetia_illucens|JSM_6713_S4_SPM|NODE_10888_length_803_cov_52.535503_R,0.47247412918135717,0.8601759109653778,0.1647081065246765,Pass
EOG7K71G3|Hermetia_illucens|AHE_133_S17_merged_SPM|NODE_2961_length_833_cov_50.830688_S,0.4568080819766215,0.8601759109653778,0.1647081065246765,Pass
EOG7K71G3|Hermetia_illucens|CAJVCN01|CAJVCN010000099.1_195,0.4728109322856976,0.8601759109653778,0.1647081065246765,Pass
EOG7K71G3|Hermetia_illucens|AHE_139_S14_merged_SPM|NODE_34660_length_1212_cov_13.151542_R,0.4317961338780809,0.7584785632614052,0.13475590652904357,Pass
EOG7K71G3|Bactrocera_dorsalis|AHE_13_S26_merged_SPM|NODE_754_length_1076_cov_5.600601_S,0.4337948330775317,0.7599035220166132,0.1392014823979838,Pass
EOG7K71G3|Bactrocera_dorsalis|AHE_161_S18_merged_SPM|NODE_505_length_1911_cov_25.632497_S,0.2698903682091114,0.49827956989247313,0.08064516129032256,Pass
EOG7K71G3|Bactrocera_dorsalis|AHE_174_S49_merged_SPM|NODE_976_length_991_cov_23.275711_S,0.26959855972348157,0.49827956989247313,0.08064516129032256,Pass
EOG7K71G3|Bactrocera_dorsalis|AHE_167_S32_merged_SPM|NODE_27031_length_1227_cov_37.275652_R,0.2665906878894706,0.49827956989247313,0.08064516129032256,Pass
EOG7K71G3|Bactrocera_dorsalis|AHE_148_S53_merged_SPM|NODE_571_length_1040_cov_16.367601_S,0.26513338947751347,0.49827956989247313,0.08064516129032256,Pass
EOG7K71G3|Bactrocera_dorsalis|AHE_146_S23_merged_SPM|NODE_1067_length_1439_cov_34.580029_S,0.2798728782330156,0.49827956989247313,0.08064516129032256,Pass
EOG7K71G3|Bactrocera_dorsalis|AHE_169_S19_merged_SPM|NODE_1155_length_1445_cov_43.867690_S,0.26817728086794523,0.49827956989247313,0.08064516129032256,Pass
EOG7K71G3|Bactrocera_dorsalis|AHE_189_S21_merged_SPM|NODE_1645_length_1273_cov_51.712375_S,0.2690122089280277,0.49827956989247313,0.08064516129032256,Pass
EOG7K71G3|Bactrocera_dorsalis|AHE_143_S57_merged_SPM|NODE_1399_length_929_cov_11.586854_S,0.2562881763954771,0.49827956989247313,0.08064516129032256,Pass
EOG7K71G3|Hermetia_illucens|AHE_145_S52_merged_SPM|NODE_1412_length_466_cov_3.532134_S,0.5257438134619509,0.8935444643445516,0.1646030527843919,Pass
EOG7K71G3|Hermetia_illucens|JSS_29956_S1_SPM|NODE_934_length_469_cov_9.397661_R,0.5077133430696963,0.8935444643445516,0.1646030527843919,Pass
EOG7K71G3|Hermetia_illucens|AHE_152_S44_merged_SPM|NODE_1446_length_1061_cov_29.331301_S,0.4427366680532145,0.8427166646187982,0.15878969349819727,Pass
EOG7K71G3|Bactrocera_dorsalis|AHE_6_S42_merged_SPM|NODE_2443_length_838_cov_16.886991_S,0.45555019824451626,0.8420891718247849,0.15940856587103558,Pass
EOG7K71G3|Bactrocera_dorsalis|JSM_6206_S14_SPM|NODE_1764_length_563_cov_13.107798_S,0.4619776818194756,0.8420891718247849,0.15940856587103558,Pass
EOG7K71G3|Bactrocera_dorsalis|AHE_61_S61_merged_SPM|NODE_787_length_993_cov_4.185590_S,0.46413112114841304,0.8420891718247849,0.15940856587103558,Pass
EOG7K71G3|Bactrocera_dorsalis|AHE_153_S15_merged_SPM|NODE_26629_length_646_cov_3.759227_R,0.46277006120237474,0.8420891718247849,0.15940856587103558,Pass
EOG7K71G3|Bactrocera_dorsalis|AHE_197_S33_merged_SPM|NODE_582_length_1308_cov_17.779041_S,0.455968734771049,0.8420891718247849,0.15940856587103558,Pass
EOG7K71G3|Bactrocera_dorsalis|AHE_76_S32_merged_SPM|NODE_1486_length_801_cov_3.924033_S,0.4562102389334132,0.8420891718247849,0.15940856587103558,Pass
EOG7K71G3|Bactrocera_dorsalis|AHE_156_S45_merged_SPM|NODE_59_length_2282_cov_14.642630_S,0.45901517990213403,0.8420891718247849,0.15940856587103558,Pass
EOG7K71G3|Bactrocera_dorsalis|AHE_207_S65_merged_SPM|NODE_1886_length_820_cov_10.292059_S,0.4653824575308515,0.8420891718247849,0.15940856587103558,Pass
EOG7K71G3|Bactrocera_dorsalis|AHE_66_S68_merged_SPM|NODE_2294_length_685_cov_1.529605_S,0.4577747162953303,0.8420891718247849,0.15940856587103558,Pass
EOG7K71G3|Bactrocera_dorsalis|AHE_198_S28_merged_SPM|NODE_18367_length_829_cov_11.748670_R,0.4576943667436054,0.8420891718247849,0.15940856587103558,Pass
EOG7K71G3|Bactrocera_dorsalis|AHE_48_S52_merged_SPM|NODE_3405_length_705_cov_10.203822_S,0.45777754115022956,0.8420891718247849,0.15940856587103558,Pass
EOG7K71G3|Bactrocera_dorsalis|AHE_69_S34_merged_SPM|NODE_5503_length_376_cov_1.408027_R,0.49714793068803864,0.8981323864542121,0.17417222801907162,Pass
EOG7K71G3|Bactrocera_dorsalis|AHE_70_S45_merged_SPM|NODE_4445_length_592_cov_3.557282_S,0.4958829544662806,0.8981323864542121,0.17417222801907162,Pass
EOG7K71G3|Bactrocera_dorsalis|AHE_155_S16_merged_SPM|NODE_2601_length_424_cov_3.723343_R,0.5012089343994481,0.8981323864542121,0.17417222801907162,Pass
EOG7K71G3|Glossina_morsitans|AHE_157_S17_merged_SPM|NODE_1367_length_1090_cov_54.141165_S,0.2700497661276755,0.5101817693769614,0.08552000264093473,Pass
EOG7K71G3|Hermetia_illucens|AHE_166_S24_merged_SPM|NODE_54081_length_1402_cov_12.507925_R,0.45011349534389766,0.7607101095981065,0.1376430387583092,Pass
EOG7K71G3|Hermetia_illucens|AHE_159_S37_merged_SPM|NODE_578_length_1271_cov_14.233668_S,0.4355599538738007,0.7607101095981065,0.1376430387583092,Pass
EOG7K71G3|Hermetia_illucens|AHE_159_S64_merged_SPM|NODE_1050_length_1017_cov_9.263830_S,0.45407574808713036,0.7528457132038556,0.13394299477414923,Pass
EOG7K71G3|Bactrocera_dorsalis|AHE_160_S17_merged_SPM|NODE_2164_length_554_cov_2.817610_S,0.4886793119036336,0.8318003560536164,0.15354025889409428,Pass
EOG7K71G3|Bactrocera_dorsalis|AHE_46_S20_merged_SPM|NODE_3479_length_671_cov_3.321549_S,0.47217201130125724,0.8318003560536164,0.15354025889409428,Pass
EOG7K71G3|Hermetia_illucens|AHE_176_S44_merged_SPM|NODE_412_length_936_cov_9.518044_S,0.43422314624309427,0.7666657516819514,0.13998692398078078,Pass
EOG7K71G3|Hermetia_illucens|AHE_184_S38_merged_SPM|NODE_211_length_1636_cov_14.884541_S,0.43242014167548487,0.7666657516819514,0.13998692398078078,Pass
EOG7K71G3|Hermetia_illucens|AHE_279_S25_SPM|NODE_74192_length_1068_cov_34.078708_R,0.4276956284165319,0.7666657516819514,0.13998692398078078,Pass
EOG7K71G3|Hermetia_illucens|AHE_186_S45_merged_SPM|NODE_9551_length_823_cov_13.912869_R,0.4393533222659921,0.7666657516819514,0.13998692398078078,Pass
EOG7K71G3|Bactrocera_dorsalis|AHE_188_S54_merged_SPM|NODE_8557_length_794_cov_17.793584_R,0.4455366269659589,0.7666657516819514,0.13998692398078078,Pass
EOG7K71G3|Hermetia_illucens|AHE_183_S63_merged_SPM|NODE_754_length_1184_cov_10.662150_S,0.4322541346839231,0.7666657516819514,0.13998692398078078,Pass
EOG7K71G3|Hermetia_illucens|AHE_182_S27_merged_SPM|NODE_556_length_1186_cov_20.016231_S,0.42983546426785557,0.7616264559629223,0.1375124280067334,Pass
EOG7K71G3|Hermetia_illucens|AHE_185_S39_merged_SPM|NODE_718_length_837_cov_10.753947_S,0.43243018031562847,0.7598671131717033,0.13705222369998887,Pass
EOG7K71G3|Hermetia_illucens|AHE_193_S55_merged_SPM|NODE_10131_length_770_cov_6.455988_R,0.4565498768103535,0.7725022327333948,0.14496767349818268,Pass
EOG7K71G3|Hermetia_illucens|AHE_196_S62_merged_SPM|NODE_16780_length_842_cov_5.190850_R,0.4379461120563173,0.7681408596227909,0.1417775580813661,Pass
EOG7K71G3|Hermetia_illucens|AHE_200_S63_merged_SPM|NODE_785_length_653_cov_5.814236_S,0.4469977122908429,0.7769018815956957,0.14418895267078152,Pass
EOG7K71G3|Hermetia_illucens|CNC457392_S6_SPM|NODE_1167_length_725_cov_8.737458_R,0.46246964346975367,0.7769018815956957,0.14418895267078152,Pass
EOG7K71G3|Hermetia_illucens|CNC571880_S96_SPM|NODE_224_length_696_cov_2.246046_S,0.4379668548649759,0.7769018815956957,0.14418895267078152,Pass
EOG7K71G3|Ceratitis_capitata|AHE_201_S72_merged_SPM|NODE_784_length_1174_cov_13.812215_S,0.29553237389717135,0.5098083643988816,0.0821877912395153,Pass
EOG7K71G3|Hermetia_illucens|AHE_203_S24_merged_SPM|NODE_17987_length_991_cov_20.811816_R,0.4414238204282163,0.7725178453517044,0.14446715639179641,Pass
EOG7K71G3|Bactrocera_dorsalis|JSM_10507_S12_SPM|NODE_1597_length_738_cov_67.073650_S,0.46537385379672663,0.8475848795968745,0.16118481171032534,Pass
EOG7K71G3|Bactrocera_dorsalis|AHE_49_S59_merged_SPM|NODE_1938_length_579_cov_2.677291_S,0.4608721919019542,0.8475848795968745,0.16118481171032534,Pass
EOG7K71G3|Bactrocera_dorsalis|AHE_47_S27_merged_SPM|NODE_2245_length_817_cov_10.466216_S,0.45516592092011626,0.8475848795968745,0.16118481171032534,Pass
EOG7K71G3|Bactrocera_dorsalis|AHE_203_S73_merged_SPM|NODE_91_length_2512_cov_6.372485_S,0.47757311453711826,0.8475848795968745,0.16118481171032534,Pass
EOG7K71G3|Bactrocera_dorsalis|AHE_50_S50_merged_SPM|NODE_2442_length_577_cov_2.182000_S,0.45905057161045193,0.8475848795968745,0.16118481171032534,Pass
EOG7K71G3|Bactrocera_dorsalis|AHE_68_S60_merged_SPM|NODE_1867_length_728_cov_10.772657_S,0.4599386555199984,0.8475848795968745,0.16118481171032534,Pass
EOG7K71G3|Drosophila_melanogaster|CAJNIT01|CAJNIT010000141.1_737,0.2218714136445398,0.43891136801541436,0.08796757690518908,Pass
EOG7K71G3|Drosophila_melanogaster|AHE_20_S56_merged_SPM|NODE_1391_length_1327_cov_18.669600_R,0.2218714136445398,0.43891136801541436,0.08796757690518908,Pass
EOG7K71G3|Bactrocera_dorsalis|CNC590648_S22_SPM|NODE_229_length_657_cov_2.583019_S,0.4569614785647769,0.7802965597027095,0.14289273573853856,Pass
EOG7K71G3|Rhagoletis_pomonella|AHE_214_S47_merged_SPM|NODE_224_length_1038_cov_3.837669_S,0.4579279289402102,0.7802965597027095,0.14289273573853856,Pass
EOG7K71G3|Bactrocera_dorsalis|CNC_Diptera232480_S46_SPM|NODE_2023_length_333_cov_2.723301_R,0.5448896756371879,0.9403246586088873,0.18225314971180923,Pass
EOG7K71G3|Bactrocera_dorsalis|AHE_220_S54_merged_SPM|NODE_4112_length_381_cov_1.161184_R,0.5702208312629136,0.9403246586088873,0.18225314971180923,Pass
EOG7K71G3|Bactrocera_dorsalis|AHE_22_S34_merged_SPM|NODE_18921_length_1010_cov_9.796356_R,0.4432142906374361,0.7601648676866157,0.13543063685566942,Pass
EOG7K71G3|Bactrocera_dorsalis|AHE_251_S46_merged_SPM|NODE_1729_length_819_cov_5.769542_S,0.42861295537726923,0.8051902366954867,0.1706438664501031,Pass
EOG7K71G3|Hermetia_illucens|AHE_255_S18_SPM|NODE_815_length_1125_cov_41.187023_S,0.4434766352197712,0.7648101982277085,0.14011451222209487,Pass
EOG7K71G3|Bactrocera_dorsalis|AHE_258_S17_SPM|NODE_87814_length_1035_cov_89.923800_R,0.4390983034113255,0.7559594559131281,0.13483847269682925,Pass
EOG7K71G3|Hermetia_illucens|JSM_6006_S14_SPM|NODE_6007_length_1810_cov_1.765894_S,0.43497213997712275,0.7559594559131281,0.13483847269682925,Pass
EOG7K71G3|Bactrocera_dorsalis|AHE_266_S26_SPM|NODE_68667_length_1530_cov_74.880248_R,0.4290358080656643,0.7559594559131281,0.13483847269682925,Pass
EOG7K71G3|Rhagoletis_pomonella|AHE_262_S21_SPM|NODE_1622_length_786_cov_3.899859_S,0.46763790342074996,0.8611470772450874,0.15798223565356945,Pass
EOG7K71G3|Bactrocera_dorsalis|AHE_280_S24_SPM|NODE_36776_length_761_cov_21.745614_R,0.4762610101617488,0.8611470772450874,0.15798223565356945,Pass
EOG7K71G3|Zeugodacus_cucurbitae|AHE_268_S20_SPM|NODE_55879_length_1132_cov_14.457820_R,0.4268028183099659,0.7755602375124505,0.1463812304112424,Pass
EOG7K71G3|Drosophila_melanogaster|AHE_9_S57_merged_SPM|NODE_1655_length_412_cov_0.471642_S,0.3866536377619623,0.681327483283943,0.1421335217936135,Pass
EOG7K71G3|Hermetia_illucens|AHE_276_S23_SPM|NODE_33519_length_346_cov_1.546468_R,0.37346602146372565,0.681327483283943,0.1421335217936135,Pass
EOG7K71G3|Bactrocera_dorsalis|CNC452105_S5_SPM|NODE_2242_length_276_cov_2.442953_R,0.4548851396793436,0.681327483283943,0.1421335217936135,Pass
EOG7K71G3|Bactrocera_dorsalis|AHE_269_S23_SPM|NODE_32082_length_456_cov_2.105541_R,0.3696252880466744,0.681327483283943,0.1421335217936135,Pass
EOG7K71G3|Drosophila_melanogaster|JSM12015_S64_SPM|NODE_1604_length_303_cov_2505_AU,0.3887222355644506,0.681327483283943,0.1421335217936135,Pass
EOG7K71G3|Hermetia_illucens|JSS17803_S32_SPM|NODE_1322_length_303_cov_652_AU,0.44480542058070005,0.681327483283943,0.1421335217936135,Pass
EOG7K71G3|Bactrocera_dorsalis|AHE_91_S2_merged_SPM|NODE_48645_length_705_cov_8.374204_R,0.3526201423479203,0.681327483283943,0.1421335217936135,Pass
EOG7K71G3|Bactrocera_dorsalis|AHE_78_S12_merged_SPM|NODE_1421_length_1072_cov_24.213065_S,0.47758868378539887,0.8653284044415385,0.16008533724700585,Pass
EOG7K71G3|Bactrocera_dorsalis|AHE_272_S22_SPM|NODE_135216_length_853_cov_36.849227_R,0.47984894542451506,0.8653284044415385,0.16008533724700585,Pass
EOG7K71G3|Hermetia_illucens|AHE_79_S46_merged_SPM|NODE_1206_length_905_cov_5.520531_S,0.4589944960865441,0.7917046307338006,0.15078866712777855,Pass
EOG7K71G3|Bactrocera_dorsalis|AHE_274_S21_SPM|NODE_1567_length_814_cov_4.717775_S,0.44735983604393204,0.7917046307338006,0.15078866712777855,Pass
EOG7K71G3|Bactrocera_dorsalis|AHE_278_S24_SPM|NODE_4659_length_430_cov_3.101983_S,0.5170554211331412,0.9560413616218038,0.18591072827907362,Pass
EOG7K71G3|Bactrocera_dorsalis|LEM_0014396_S65_SPM|NODE_1140_length_281_cov_3.597403_R,0.5329891862414781,0.9560413616218038,0.18591072827907362,Pass
EOG7K71G3|Rhagoletis_pomonella|AHE_281_S27_SPM|NODE_64541_length_1027_cov_5.686316_R,0.21854714081404797,0.4056892285648713,0.0626397344165388,Pass
EOG7K71G3|Hermetia_illucens|AHE_282_S24_SPM|NODE_44119_length_404_cov_7.174312_R,0.5217390313604469,1.0301702106398327,0.23012317185650094,Pass
EOG7K71G3|Bactrocera_dorsalis|AHE_29_S32_merged_SPM|NODE_1451_length_653_cov_11.458333_S,0.465383372191379,0.8542587176394368,0.1660048582662026,Pass
EOG7K71G3|Bactrocera_dorsalis|AHE_81_S53_merged_SPM|NODE_3050_length_483_cov_4.157635_S,0.4596314954836044,0.8542587176394368,0.1660048582662026,Pass
EOG7K71G3|Bactrocera_dorsalis|AHE_65_S28_merged_SPM|NODE_9105_length_514_cov_3.631579_R,0.47143438344991634,0.8542587176394368,0.1660048582662026,Pass
EOG7K71G3|Bactrocera_dorsalis|JSM_10506_S5_SPM|NODE_17993_length_490_cov_15.600551_R,0.4720456422194462,0.8542587176394368,0.1660048582662026,Pass
EOG7K71G3|Bactrocera_dorsalis|CNC1584451_S52_SPM|NODE_1267_length_483_cov_1.735955_R,0.4912631002181391,0.8542587176394368,0.1660048582662026,Pass
EOG7K71G3|Hermetia_illucens|CNC942134_S46_SPM|NODE_30172_length_174_cov_288_AU,0.3905966372603843,0.6420941618190422,0.12066330798388214,Pass
EOG7K71G3|Hermetia_illucens|CNC684456_S45_SPM|NODE_99187_length_273_cov_2383_AU,0.3905966372603843,0.6420941618190422,0.12066330798388214,Pass
EOG7K71G3|Bactrocera_dorsalis|AHE_37_S59_merged_SPM|NODE_959_length_386_cov_2.313916_R,0.34243796492911704,0.6420941618190422,0.12066330798388214,Pass
EOG7K71G3|Bactrocera_dorsalis|AHE_39_S41_merged_SPM|NODE_23466_length_1105_cov_4.380350_R,0.4281948082799019,0.7688581879772446,0.1428005326279843,Pass
EOG7K71G3|Bactrocera_dorsalis|JSM_9171_S15_SPM|NODE_2402_length_1158_cov_38.354025_R,0.4326710374516582,0.7688581879772446,0.1428005326279843,Pass
EOG7K71G3|Hermetia_illucens|AHE_3_S23_merged_SPM|NODE_2995_length_539_cov_2.084416_S,0.4828495508704869,0.8746502311774521,0.17288395501526393,Pass
EOG7K71G3|Hermetia_illucens|AHE_82_S29_merged_SPM|NODE_2501_length_517_cov_2.454545_S,0.4801530248750911,0.8746502311774521,0.17288395501526393,Pass
EOG7K71G3|Rhagoletis_pomonella|AHE_44_S31_merged_SPM|NODE_12594_length_673_cov_4.427852_R,0.4213513052716543,0.8190751388211371,0.1829746958591521,Pass
EOG7K71G3|Zeugodacus_cucurbitae|AHE_45_S33_merged_SPM|NODE_777_length_847_cov_2.781818_S,0.36292751600625894,0.6487785868801328,0.12926134359459224,Pass
EOG7K71G3|Hermetia_illucens|AHE_4_S10_merged_SPM|NODE_832_length_1205_cov_41.914894_S,0.43151341475459204,0.7555622844250709,0.13393806976412576,Pass
EOG7K71G3|Teleopsis_dalmanni|CAKJUZ01.1|CAKJUZ010001363.1_66,0.4958989738039587,0.8706960592717365,0.17093366865120752,Pass
EOG7K71G3|Teleopsis_dalmanni|AHE_51_S42_merged_SPM|NODE_60616_length_748_cov_7.566319_R,0.4958989738039587,0.8706960592717365,0.17093366865120752,Pass
EOG7K71G3|Hermetia_illucens|AHE_52_S1_merged_SPM|NODE_1077_length_863_cov_18.913486_S,0.49591070440013535,0.8710304552181966,0.17057572623743683,Pass
EOG7K71G3|Hermetia_illucens|AHE_5_S56_merged_SPM|NODE_1271_length_559_cov_3.080913_S,0.49396512213752497,0.8710304552181966,0.17057572623743683,Pass
EOG7K71G3|Bactrocera_dorsalis|JSS_29946_S53_SPM|NODE_1811_length_469_cov_8.880117_R,0.35658323187087887,0.6822585156757169,0.13618875778057815,Pass
EOG7K71G3|Bactrocera_dorsalis|AHE_56_S48_merged_SPM|NODE_2513_length_592_cov_10.625243_S,0.38612644795894063,0.6822585156757169,0.13618875778057815,Pass
EOG7K71G3|Bactrocera_dorsalis|JSM_9082_S6_SPM|NODE_39540_length_850_cov_33.674965_R,0.3913232745374191,0.6822585156757169,0.13618875778057815,Pass
EOG7K71G3|Hermetia_illucens|AHE_59_S33_merged_SPM|NODE_1721_length_576_cov_3.346693_S,0.457653724005339,0.8687860736458736,0.16957262960861186,Pass
EOG7K71G3|Hermetia_illucens|JSM7636_S58_SPM|NODE_963_length_624_cov_16.146881_g960_i0_R,0.46590068519077216,0.8687860736458736,0.16957262960861186,Pass
EOG7K71G3|Bactrocera_dorsalis|AHE_60_S67_merged_SPM|NODE_3021_length_692_cov_12.426016_S,0.4839922824543704,0.8665382883097038,0.1638100416452461,Pass
EOG7K71G3|Zeugodacus_cucurbitae|AHE_64_S44_merged_SPM|NODE_431_length_1398_cov_8.675246_S,0.29207964894131616,0.519989361966854,0.08710122928383013,Pass
EOG7K71G3|Bactrocera_dorsalis|QM_REG_NO_T222516_S37_SPM|NODE_445_length_290_cov_5.478528_R,0.508179627981889,1.0035933922144848,0.21283969561118732,Pass
EOG7K71G3|Bactrocera_dorsalis|AHE_67_S40_merged_SPM|NODE_1915_length_385_cov_0.918831_S,0.5317594484695511,1.0035933922144848,0.21283969561118732,Pass
EOG7K71G3|Bactrocera_dorsalis|CNC_Dip103096_S49_SPM|NODE_19263_length_321_cov_4682_AU,0.5278184466089219,1.0035933922144848,0.21283969561118732,Pass
EOG7K71G3|Bactrocera_dorsalis|JSM5576_S67_SPM|NODE_32434_length_396_cov_3051_AU,0.49189902592265133,1.0035933922144848,0.21283969561118732,Pass
EOG7K71G3|Bactrocera_dorsalis|JSM13506_S57_SPM|NODE_613_length_753_cov_17.369010_S,0.46912697831658884,0.8490350632787022,0.16232790533152924,Pass
EOG7K71G3|Bactrocera_dorsalis|AHE_71_S34_merged_SPM|NODE_967_length_609_cov_1.740602_R,0.46713194272135017,0.8490350632787022,0.16232790533152924,Pass
EOG7K71G3|Bactrocera_dorsalis|CAKAIX01.1|CAKAIX010000126.1_65,0.2553282410127664,0.48182535517197955,0.08749633200904439,Pass
EOG7K71G3|Bactrocera_dorsalis|AHE_72_S37_merged_SPM|NODE_35407_length_1365_cov_2.722826_R,0.2553282410127664,0.48182535517197955,0.08749633200904439,Pass
EOG7K71G3|Rhagoletis_pomonella|AHE_74_S51_merged_SPM|NODE_27324_length_471_cov_1.756345_R,0.40406112026719154,0.701073953417678,0.1347293938203134,Pass
EOG7K71G3|Scaptodrosophila_lebanonensis|AHE_75_S41_merged_SPM|NODE_377_length_1369_cov_5.847523_S,0.2845085860431129,0.5150043654520952,0.08516942030114671,Pass
EOG7K71G3|Bactrocera_dorsalis|AHE_77_S24_merged_SPM|NODE_541_length_1186_cov_20.287647_S,0.44189713488595955,0.7523337237899237,0.13072306134658318,Pass
EOG7K71G3|Bactrocera_dorsalis|AHE_80_S13_merged_SPM|NODE_56262_length_729_cov_4.924847_R,0.4009728435438268,0.6792246555583447,0.12682644573815555,Pass
EOG7K71G3|Bactrocera_dorsalis|CNC485277_S24_SPM|NODE_1784_length_477_cov_9.625714_g1781_i0_R,0.4512358233052086,0.6792246555583447,0.12682644573815555,Pass
EOG7K71G3|Bactrocera_dorsalis|JSS10153_S74_SPM|NODE_17629_length_412_cov_1753_AU,0.37147511524253063,0.6792246555583447,0.12682644573815555,Pass
EOG7K71G3|Hermetia_illucens|AHE_87_S41_merged_SPM|NODE_1366_length_415_cov_2.076923_S,0.5206750753969825,1.0322345301757065,0.2319837025719379,Pass
EOG7K71G3|Bactrocera_dorsalis|AHE_8_S50_merged_SPM|NODE_81028_length_811_cov_4.517711_R,0.3973479326699919,0.6886873034022707,0.13354682963478753,Pass
EOG7K71G3|Bactrocera_dorsalis|CNC1178158_S85_SPM|NODE_1170_length_584_cov_1.367615_S,0.3921638961567254,0.6886873034022707,0.13354682963478753,Pass
EOG7K71G3|Bactrocera_dorsalis|AHE_90_S49_merged_SPM|NODE_1406_length_825_cov_15.885027_S,0.4481204103117978,0.8486391405811076,0.16491953937383902,Pass
EOG7K71G3|Bactrocera_dorsalis|AHE_93_S36_merged_SPM|NODE_1811_length_472_cov_6.784810_S,0.40386783755214195,0.6957154240286268,0.143575841370031,Pass
EOG7K71G3|Hermetia_illucens|AHE_95_S21_merged_SPM|NODE_26805_length_854_cov_14716_A,0.43790170053281097,0.769941772956407,0.14269660970898518,Pass
EOG7K71G3|Rhagoletis_pomonella|AusMusK407292_S60_SPM|NODE_3150_length_156_cov_818_AU,0.4528535234116129,1.0176012822529892,0.2547789490245438,Pass
EOG7K71G3|Hermetia_illucens|CNC611910_S25_SPM|NODE_1241_length_310_cov_3.967213_R,0.5436291642301142,1.0935757086622384,0.24798522900154207,Pass
EOG7K71G3|Hermetia_illucens|JSS18765_S51_SPM|NODE_14028_length_298_cov_1118_A,0.5267313669082323,1.0935757086622384,0.24798522900154207,Pass
EOG7K71G3|Hermetia_illucens|CNC_Diptera50238_S49_SPM|NODE_604_length_266_cov_2.582734_R,0.540634385513951,1.0935757086622384,0.24798522900154207,Pass
EOG7K71G3|Hermetia_illucens|JSS_42618_S57_SPM|NODE_384_length_305_cov_2.516854_R,0.5263856240753712,1.0935757086622384,0.24798522900154207,Pass
EOG7K71G3|Hermetia_illucens|AustralianMuseumK405966_S60_SPM|NODE_126_length_318_cov_2.251309_R,0.5439752396532279,1.0935757086622384,0.24798522900154207,Pass
EOG7K71G3|Hermetia_illucens|CNC482918_S17_SPM|NODE_2263_length_407_cov_4.407143_R,0.5495922215226192,1.0935757086622384,0.24798522900154207,Pass
EOG7K71G3|Drosophila_ficusphila|JSS50552_S53_SPM|NODE_13627_length_221_cov_864_AU,0.38641065726401513,0.6379533162490896,0.11814586991417958,Pass
EOG7K71G3|Glossina_morsitans|Sample_519660_S4_SPM|NODE_1424_length_362_cov_14.217021_R,0.38718126186213386,0.6379533162490896,0.11814586991417958,Pass
EOG7K71G3|Bactrocera_dorsalis|CNC102312_S62_SPM|NODE_18399_length_251_cov_1372_AU,0.34640255647447865,0.6379533162490896,0.11814586991417958,Pass
EOG7K71G3|Bactrocera_dorsalis|CNC1059123_S33_SPM|NODE_347_length_593_cov_5.980687_S,0.46910278885932777,0.8643789841004474,0.18183241852379695,Pass
EOG7K71G3|Bactrocera_dorsalis|CNC590663_S23_SPM|NODE_34019_length_308_cov_1092_AU,0.5285615665229604,1.0658486847981223,0.23811368228940172,Pass
EOG7K71G3|Hermetia_illucens|CNC254466_S52_SPM|NODE_132299_length_222_cov_384_AU,0.5413964923688795,1.0658486847981223,0.23811368228940172,Pass
EOG7K71G3|Rhagoletis_pomonella|CNC457399_S7_SPM|NODE_30884_length_202_cov_344_AU,0.6022958064493579,1.1147777566087163,0.23401653454904225,Pass
EOG7K71G3|Hermetia_illucens|CNC457400_S90_SPM|NODE_925_length_686_cov_8.914132_R,0.4747375163696707,0.7912671736559413,0.14757931869540175,Pass
EOG7K71G3|Hermetia_illucens|CNC457410_S40_SPM|NODE_275659_length_338_cov_854_AU,0.5191340887118762,0.9622887407931306,0.19478192794749322,Pass
EOG7K71G3|Bactrocera_dorsalis|CNC457425_S9_SPM|NODE_4883_length_440_cov_11.862620_R,0.48225262048404527,0.8936977531681874,0.17449704597514587,Pass
EOG7K71G3|Bactrocera_dorsalis|CNC584400_S81_SPM|NODE_648_length_426_cov_6.581940_R,0.4932623035945481,0.8936977531681874,0.17449704597514587,Pass
EOG7K71G3|Scaptodrosophila_lebanonensis|CNC464825_S42_SPM|NODE_102481_length_342_cov_1711_AU,0.3866269294290157,0.6987254300551816,0.14879750848459955,Pass
EOG7K71G3|Bactrocera_dorsalis|CNC464828_S13_SPM|NODE_1147_length_758_cov_3.866878_R,0.4245579294180909,0.7523128122204403,0.16019325751449826,Pass
EOG7K71G3|Bactrocera_dorsalis|CNC482858_S92_SPM|NODE_417_length_346_cov_3.625571_R,0.5329805976640827,0.9135112831373555,0.17756429513935973,Pass
EOG7K71G3|Hermetia_illucens|CNC482954_S16_SPM|NODE_148_length_806_cov_16.349043_S,0.44588400672366385,0.7658708242867254,0.14035801257730246,Pass
EOG7K71G3|Bactrocera_dorsalis|CNC484014_S2_SPM|NODE_759_length_538_cov_13.369830_S,0.37639241149365305,0.6486607690217548,0.12805685838904834,Pass
EOG7K71G3|Bactrocera_dorsalis|CNC484017_S3_SPM|NODE_8304_length_367_cov_5616_AU,0.37609487281729836,0.6617884911739983,0.1261732978425329,Pass
EOG7K71G3|Lucilia_sericata|CNC484138_S72_SPM|NODE_9273_length_215_cov_370_AU,0.3468447317401983,0.6698163972796326,0.13053063567769452,Pass
EOG7K71G3|Bactrocera_dorsalis|CNC484244_S9_SPM|NODE_785_length_428_cov_12.056478_g784_i0_R,0.36081197655765535,0.6236912923634069,0.11486843327051166,Pass
EOG7K71G3|Bactrocera_dorsalis|CNC485015_II_S80_SPM|NODE_18740_length_145_cov_230_AU,0.3929322023783148,0.8530862520750161,0.21874991425553225,Pass
EOG7K71G3|Bactrocera_dorsalis|CNC485058_S23_SPM|NODE_362_length_803_cov_17.381657_g353_i0_R,0.3898416358332296,0.7503903792967532,0.16002089725439084,Pass
EOG7K71G3|Bactrocera_dorsalis|CNC485197_S96_SPM|NODE_2014_length_134_cov_208_AU,0.42559018685592775,0.7937263360646545,0.16660360279839076,Pass
EOG7K71G3|Bactrocera_dorsalis|CNC485220_S86_SPM|NODE_426_length_555_cov_15.915888_g425_i0_R,0.37581857022596826,0.7316635451535809,0.16041085192848092,Pass
EOG7K71G3|Bactrocera_dorsalis|CNC485506_S88_SPM|NODE_1558_length_452_cov_9.630769_S,0.41509205115264286,0.7304843641459137,0.1657749926192213,Pass
EOG7K71G3|Ceratitis_capitata|CNC485734_S76_SPM|NODE_99154_length_255_cov_3892_AU,0.31198135633581886,0.5696902106666637,0.12532097897119987,Pass
EOG7K71G3|Hermetia_illucens|CNC485739_S30_SPM|NODE_29331_length_165_cov_270_AU,0.34437069200087445,0.5784635416666667,0.11927083333333333,Pass
EOG7K71G3|Rhagoletis_pomonella|CNC566616_S95_SPM|NODE_693_length_907_cov_12.017949_R,0.44263179847618683,0.7647564658959131,0.14048105161170488,Pass
EOG7K71G3|Ceratitis_capitata|CNC566754_S93_SPM|NODE_1313_length_460_cov_3.033033_S,0.49094046357674426,0.8666724905966575,0.16989245382595003,Pass
EOG7K71G3|Bactrocera_dorsalis|CNC569384_S19_SPM|NODE_1875_length_872_cov_11.032215_R,0.4158232225758549,0.7859800301356508,0.1704213578611795,Pass
EOG7K71G3|Bactrocera_dorsalis|CNC_Dip1356_S82_SPM|NODE_539_length_476_cov_4.865330_S,0.344768092980978,0.6391576908541193,0.12155139833711259,Pass
EOG7K71G3|Bactrocera_dorsalis|JSS17053_S20_SPM|NODE_802_length_533_cov_10.790640_g790_i0_R,0.38816476594318194,0.6391576908541193,0.12155139833711259,Pass
EOG7K71G3|Bactrocera_dorsalis|CNC_Dip1455_S94_SPM|NODE_511_length_537_cov_4.414634_S,0.33964280869535945,0.6606816061665561,0.13304818144773128,Pass
EOG7K71G3|Hermetia_illucens|JSM4882_S65_SPM|NODE_21070_length_281_cov_906_A,0.5537578398634633,1.0525875918110004,0.21926769398566348,Pass
EOG7K71G3|Hermetia_illucens|CNC_Dip183103_S71_SPM|NODE_781_length_239_cov_1742_A,0.5456797363089853,1.0525875918110004,0.21926769398566348,Pass
EOG7K71G3|Rhagoletis_pomonella|JSM_6153_S10_SPM|NODE_1883153_length_199_cov_420_AU,0.5892971930471644,1.0525875918110004,0.21926769398566348,Pass
EOG7K71G3|Hermetia_illucens|KMM1400_S62_SPM|NODE_242_length_258_cov_5.007634_R,0.563498159976539,1.0525875918110004,0.21926769398566348,Pass
EOG7K71G3|Hermetia_illucens|KMM1402_S63_SPM|NODE_3431_length_221_cov_894_AU,0.5471947454123777,1.0525875918110004,0.21926769398566348,Pass
EOG7K71G3|Bactrocera_dorsalis|CNC_Dip208891_S34_SPM|NODE_37113_length_293_cov_970_AU,0.40537564348544286,0.6720007145409074,0.13597203082733628,Pass
EOG7K71G3|Glossina_morsitans|CNC_Diptera103008_S86_SPM|NODE_79446_length_315_cov_866_AU,0.38837515114848464,0.6744563124619921,0.13743508542448335,Pass
EOG7K71G3|Bactrocera_dorsalis|CNC_Diptera106420_S67_SPM|NODE_3438_length_231_cov_800_A,0.44381965171155885,0.9695858641765406,0.23776438040106518,Pass
EOG7K71G3|Bactrocera_dorsalis|CNC_Diptera158252_S45_SPM|NODE_33_length_157_cov_4.000000_R,0.3662333427245654,0.6521142189363885,0.1195307515188504,Pass
EOG7K71G3|Hermetia_illucens|JSM_3555_S6_SPM|NODE_1710_length_403_cov_40.304348_R,0.36510489510811817,0.6521142189363885,0.1195307515188504,Pass
EOG7K71G3|Hermetia_illucens|CNC_Diptera246675_S43_SPM|NODE_456_length_961_cov_13.223022_S,0.4398514187256612,0.7657110872269772,0.13901217268178362,Pass
EOG7K71G3|Ceratitis_capitata|CNC_Diptera74086_S47_SPM|NODE_3480_length_461_cov_4605_AU,0.4679199981611924,0.8686151931720648,0.18467839246418177,Pass
EOG7K71G3|Hermetia_illucens|INB4400936_S70_SPM|NODE_4873_length_288_cov_714_A,0.3556602446386342,0.6165775396083696,0.11452500669097354,Pass
EOG7K71G3|Glossina_morsitans|JSM_1944_S2_SPM|NODE_3219879_length_216_cov_648_AU,0.3731151932492519,0.6165775396083696,0.11452500669097354,Pass
EOG7K71G3|Ceratitis_capitata|JSBVM_26_S2_SPM|NODE_71529_length_1707_cov_85.410127_R,0.466066456083357,0.7972863716671749,0.14703189744397005,Pass
EOG7K71G3|Ceratitis_capitata|JSM_5812_S4_SPM|NODE_621726_length_391_cov_852_AU,0.4854150012356853,0.8782892705087034,0.17476510896458447,Pass
EOG7K71G3|Hermetia_illucens|JSS50551_S55_SPM|NODE_1316_length_443_cov_4.360759_S,0.48125800368684746,0.8782892705087034,0.17476510896458447,Pass
EOG7K71G3|Hermetia_illucens|JSBVM_75_S7_SPM|NODE_6032_length_524_cov_30.939547_R,0.46238682650898105,0.8782892705087034,0.17476510896458447,Pass
EOG7K71G3|Bactrocera_dorsalis|JSM_10050_S14_SPM|NODE_6510_length_414_cov_2.069686_R,0.5082351678606966,0.9215519836859009,0.18596272313418738,Pass
EOG7K71G3|Bactrocera_dorsalis|JSM_7567_II_S15_SPM|NODE_239274_length_320_cov_3009_AU,0.509370304081561,0.9215519836859009,0.18596272313418738,Pass
EOG7K71G3|Hermetia_illucens|JSBVM_8_S11_SPM|NODE_2612_length_445_cov_21.361635_S,0.4779574972634936,0.9215519836859009,0.18596272313418738,Pass
EOG7K71G3|Bactrocera_dorsalis|JSM_11142_S4_SPM|NODE_1690895_length_332_cov_808_AU,0.39968415179177347,0.7274172344296804,0.16125183443897712,Pass
EOG7K71G3|Hermetia_illucens|JSM_11249_S5_SPM|NODE_54287_length_500_cov_1.833780_R,0.5074375913606352,0.8632766485207651,0.15165529938200617,Pass
EOG7K71G3|Glossina_morsitans|JSM_11396_S7_SPM|NODE_157994_length_195_cov_5.147059_R,0.5250932968567275,0.7855110067814574,0.15831581213970464,Pass
EOG7K71G3|Musca_domestica|JSM_11468_S9_SPM|NODE_2120572_length_189_cov_420_AU,0.2314497091476078,0.4313439666935729,0.06666460973136101,Pass
EOG7K71G3|Aedes_aegypti|JSM_11685_S10_SPM|NODE_1367_length_1564_cov_1.602644_S,0.5123958225728708,0.7526188195518767,0.13122842914784,Pass
EOG7K71G3|Glossina_morsitans|JSM_11807_S13_SPM|NODE_4762211_length_278_cov_660_AU,0.24945638356854125,0.4889823109152201,0.09028858476612278,Pass
EOG7K71G3|Rhagoletis_pomonella|JSM_2977_S7_SPM|NODE_31725_length_407_cov_8.689286_R,0.3807844871167151,0.7072376182776381,0.14097346987663195,Pass
EOG7K71G3|Bactrocera_dorsalis|JSM_4641_II_S8_SPM|NODE_4397_length_210_cov_3.397590_R,0.36829957071252745,0.7145164628399437,0.15464875361981895,Pass
EOG7K71G3|Hermetia_illucens|JSM_4774_S13_SPM|NODE_1889_length_511_cov_35.348958_S,0.47221944805940547,0.849164822592663,0.1652820786921531,Pass
EOG7K71G3|Bactrocera_dorsalis|JSM_6892_S6_SPM|NODE_33390_length_605_cov_12.784519_R,0.3850734138562577,0.7032173098657463,0.14109811575603393,Pass
EOG7K71G3|Bactrocera_dorsalis|JSM_4942_S10_SPM|NODE_1493_length_573_cov_18.890135_S,0.40659622299920917,0.7032173098657463,0.14109811575603393,Pass
EOG7K71G3|Hermetia_illucens|JSM_5716_II_S12_SPM|NODE_16160_length_428_cov_23.538206_R,0.5186652723978219,0.8909207933102913,0.16569685292271685,Pass
EOG7K71G3|Scaptodrosophila_lebanonensis|JSM_6043_S6_SPM|NODE_393647_length_326_cov_732_A,0.3775955959905027,0.6745135060015695,0.1360085057009533,Pass
EOG7K71G3|Bactrocera_dorsalis|JSM_6055_S7_SPM|NODE_15280_length_161_cov_270_A,0.4586426973743821,0.7568201387569152,0.14139130193502658,Pass
EOG7K71G3|Bactrocera_dorsalis|JSM_6163_S11_SPM|NODE_33862_length_581_cov_1.193833_R,0.4867552813774543,0.8538068187993076,0.1635303810003616,Pass
EOG7K71G3|Bactrocera_dorsalis|JSM_6310_S13_SPM|NODE_897132_length_310_cov_682_AU,0.5093564873268984,0.8278053103204958,0.14486784337680708,Pass
EOG7K71G3|Bactrocera_dorsalis|JSM_6704_S2_SPM|NODE_8675_length_715_cov_67.389456_R,0.459461891596419,0.8345196569274465,0.1551819644402796,Pass
EOG7K71G3|Bactrocera_dorsalis|JSM_7334_S8_SPM|NODE_153_length_1029_cov_21.696231_S,0.4373694938663722,0.7620748785255386,0.13957694681722949,Pass
EOG7K71G3|Rhagoletis_pomonella|JSM_7804_S15_SPM|NODE_8207_length_674_cov_22.524680_S,0.3761114193367146,0.7439442994154702,0.16478917201066912,Pass
EOG7K71G3|Bactrocera_dorsalis|JSM_7821_S9_SPM|NODE_1355_length_1259_cov_118.875442_S,0.29499571785121476,0.4787845317960361,0.08467464224676685,Pass
EOG7K71G3|Hermetia_illucens|JSM_8931_S10_SPM|NODE_1232_length_645_cov_74.100386_R,0.4575533364212971,0.845180338933816,0.16294176228278312,Pass
EOG7K71G3|Bactrocera_dorsalis|JSM_9049_S13_SPM|NODE_3165_length_317_cov_19.278947_R,0.5258734143351719,0.9319522801086023,0.18037801681590537,Pass
EOG7K71G3|Hermetia_illucens|JSM_9724_S16_SPM|NODE_1364113_length_181_cov_302_AU,0.2540028751109165,0.4501681286549709,0.07470760233918133,Pass
EOG7K71G3|Hermetia_illucens|JSS13087_S84_SPM|NODE_72028_length_163_cov_266_A,0.27505787896331474,0.629833084230105,0.14457984588813605,Pass
EOG7K71G3|Hermetia_illucens|JSS17021_S19_SPM|NODE_936_length_485_cov_14.877095_g934_i0_R,0.38438583557441797,0.730487167806836,0.16530976869915132,Pass
EOG7K71G3|Hermetia_illucens|JSS17104_S21_SPM|NODE_2956_length_462_cov_3.964179_S,0.40947137895949776,0.6640465801027545,0.1203500316799509,Pass
EOG7K71G3|Hermetia_illucens|JSS17490_S89_SPM|NODE_22675_length_195_cov_330_AU,0.3733350766379973,0.6739998563915658,0.13750329308995834,Pass
EOG7K71G3|Ceratitis_capitata|JSS19038_S79_SPM|NODE_15827_length_212_cov_364_AU,0.44963373801230133,1.012725660357601,0.251863652325255,Pass
EOG7K71G3|Rhagoletis_pomonella|JSS_26307_S77_SPM|NODE_6894_length_240_cov_420_AU,0.38521423258259424,0.670232277670831,0.13570681425316256,Pass
EOG7K71G3|Bactrocera_dorsalis|JSS_42606_S56_SPM|NODE_1281_length_139_cov_431_A,0.40285329597226316,0.8993281458311967,0.22863039688237102,Pass
EOG7K71G3|Bactrocera_dorsalis|JSS_52524_S58_SPM|NODE_5453_length_184_cov_687_AU,0.44937240731940126,0.9705772296015179,0.228550284629981,Pass
EOG7K71G3|Bactrocera_dorsalis|PROBE_TW0069_S35_SPM|NODE_966_length_280_cov_3.045752_R,0.49083054503644546,0.6835393523401064,0.14152530202828512,Pass
EOG7K71G3|Rhagoletis_pomonella|ZMFK_18025_S5_SPM|NODE_2989_length_899_cov_7.386010_R,0.47580042751531976,0.8370910308567164,0.17197098874455552,Pass
EOG7K71G3|Bactrocera_dorsalis|wvs03588_S89_SPM|NODE_118_length_136_cov_212_AU,0.44817325821518794,0.9366190476190475,0.22476190476190472,Pass
EOG7K71G3|Bactrocera_dorsalis|JXPC01.1|JXPC01003121.1,0.4690981763224914,0.8386647441746456,0.15791725604345935,Pass
EOG7K71G3|Bactrocera_dorsalis|CAKKTD01|CAKKTD010002442.1_306,0.4945364110779177,0.8260606544421599,0.13376580279726608,Pass
