EOG7BCZX5|Glossina_morsitans|130501_249_44|C113091_a_5_0_l_2203,0.3386426534332359,nan,nan,Fail
EOG7BCZX5|Bactrocera_oleae|130608_189_16|C143619_a_4_0_l_1652,0.40032999773923567,0.753456475120808,0.15875986216763438,Pass
EOG7BCZX5|Glossina_morsitans|CAKKXW01_1|CAKKXW010000002.1_401,0.2692030997704043,0.5132140069806298,0.14138370262143551,Pass
EOG7BCZX5|Glossina_morsitans|130919_247_37|C85342_a_7_0_l_889,0.28098898946637957,0.5132140069806298,0.14138370262143551,Pass
EOG7BCZX5|Aedes_aegypti|130928_232_71|C76740_a_3_0_l_608,0.2201052204887663,0.6684068547033689,0.18785756578078977,Pass
EOG7BCZX5|Rhagoletis_pomonella|130928_232_71_1|s4338_L_6411_0_a_4_2_l_942,0.2756752718398207,0.5314099348995993,0.15060291076819654,Pass
EOG7BCZX5|Bactrocera_oleae|130314_269_33|C75019_a_11_0_l_1961,0.34543401615396296,0.713405631783072,0.14292046316946094,Pass
EOG7BCZX5|Glossina_morsitans|120823_263_57|s2994_L_3182_0_a_21_4_l_1331,0.5404621384120623,0.6728513944510094,0.12053802914174366,Pass
EOG7BCZX5|Teleopsis_dalmanni|130919_247_21|C122224_a_6_0_l_1079,0.40193275217978,0.7041303185768909,0.13895889620272472,Pass
EOG7BCZX5|Bradysia_coprophila|130919_247_21_1|C101116_a_7_0_l_426,0.2402245118632348,0.6675059358782164,0.17266670128478362,Pass
EOG7BCZX5|Glossina_morsitans|130919_247_21_2|C110354_a_15_0_l_594,0.2843039483957556,0.5047641026448858,0.16398945016169064,Pass
EOG7BCZX5|Ceratitis_capitata|130928_232_22|C57701_a_3_0_l_467,0.27553323731375085,0.4710726798725126,0.12858746675306476,Pass
EOG7BCZX5|Bactrocera_oleae|GCNJ01.1|GCNJ01007840.1,0.33844715598479214,0.699243433845307,0.14092519285031613,Pass
EOG7BCZX5|Bactrocera_oleae|130928_232_37|C117026_a_59_0_l_2450,0.3622965685581305,0.699243433845307,0.14092519285031613,Pass
EOG7BCZX5|Glossina_morsitans|120429_266_9|C105479_a_14_0_l_1650,0.20434782123955234,0.5334088199583328,0.1519814521880128,Pass
EOG7BCZX5|Aedes_aegypti|130919_247_55|C93409_a_6_0_l_938,0.23739013966500389,0.6382795313905464,0.1661979594979099,Pass
EOG7BCZX5|Ceratitis_capitata|130919_247_55_1|s7080_L_17041_0_a_12_6_l_1436,0.34727292034098395,0.7292821230875512,0.15776179461192197,Pass
EOG7BCZX5|Teleopsis_dalmanni|131012_246_93|C84829_a_4_0_l_1236,0.4390158736216839,0.721203205976075,0.13888997339727382,Pass
EOG7BCZX5|Glossina_morsitans|131012_246_93_1|C72887_a_10_0_l_603,0.20975751835844753,0.5175299459381665,0.1713906752029521,Pass
EOG7BCZX5|Glossina_morsitans|131012_246_93_2|s111_L_112_0_a_4_6_l_349,0.20045526872838093,0.5142829998009075,0.14995973571245103,Pass
EOG7BCZX5|Hermetia_illucens|120126_283_11|C116137_a_4_0_l_830,0.3958247048131471,0.7034101760503798,0.15723565905648929,Pass
EOG7BCZX5|Glossina_morsitans|120126_283_11_1|C110327_a_8_0_l_628,0.27340087876024605,0.5122213452974004,0.14160272973586674,Pass
EOG7BCZX5|Glossina_morsitans|120707_249_19|C181464_a_12_0_l_862,0.3478390040231114,0.5226296601088763,0.14677619574508194,Pass
EOG7BCZX5|Contarinia_nasturtii|120707_249_19_1|C131028_a_3_0_l_275,0.18826789499153082,0.5612042370076135,0.15370407149950355,Pass
EOG7BCZX5|Teleopsis_dalmanni|130919_247_71|C65286_a_3_0_l_808,0.41210121323150944,0.6671931542296511,0.126819594169306,Pass
EOG7BCZX5|Aedes_aegypti|130919_247_71_1|C48279_a_3_0_l_336,0.2114318916950496,0.4643683138053999,0.09958518302889163,Pass
EOG7BCZX5|Ceratitis_capitata|GCVD01.1|GCVD01019893.1,0.38110674204989486,0.8027196069946604,0.19582074443834852,Pass
EOG7BCZX5|Glossina_morsitans|GCGW01.1|GCGW01042729.1,0.39924090941179236,0.6477692752561178,0.11563819368628825,Pass
EOG7BCZX5|Glossina_morsitans|GCGW01.1_1|GCGW01022763.1,0.17541568344872524,0.5630846270521058,0.15500089221984303,Pass
EOG7BCZX5|Glossina_morsitans|GCFU01.1|GCFU01014513.1,0.3974101167740425,nan,nan,Fail
EOG7BCZX5|Glossina_morsitans|GCGG01.1|GCGG01009673.1,0.17956917219418828,0.5252463034559054,0.14858077736372266,Pass
EOG7BCZX5|Glossina_morsitans|GCGG01.1_2|GCGG01005236.1,0.31026440130787747,0.6589697199963157,0.1513737680758957,Pass
EOG7BCZX5|Rhagoletis_pomonella|GCGG01.1_1|GCGG01007086.1,0.3570842261079488,0.7042666871968589,0.1485487720378782,Pass
EOG7BCZX5|Glossina_morsitans|GCFF01.1|GCFF01016566.1,0.19339888471193212,0.42956180468242583,0.10637502309035335,Pass
EOG7BCZX5|Bactrocera_oleae|GCFV01.1|GCFV01014949.1,0.16151203977112538,0.6274922555067396,0.21456207586052245,Pass
EOG7BCZX5|Lucilia_sericata|GCNB01.1|GCNB01006033.1,0.3220953235925243,nan,nan,Fail
EOG7BCZX5|Bactrocera_oleae|GCGH01.1|GCGH01016370.1,0.386488975178084,0.7092257914967999,0.1419665035452088,Pass
EOG7BCZX5|Bradysia_coprophila|GCGH01.1_1|GCGH01006508.1,0.2001649384187608,0.6943365297299308,0.19481091232360265,Pass
EOG7BCZX5|Glossina_morsitans|GCLW01.1|GCLW01019800.1,0.2718895289596349,nan,nan,Fail
EOG7BCZX5|Ceratitis_capitata|GCNK01.1|GCNK01037801.1,0.15204119547335487,0.7060257170365868,0.2527450086145739,Pass
EOG7BCZX5|Rhagoletis_pomonella|GCNK01.1_1|GCNK01001761.1,0.24492233096884258,0.4026940334329232,0.06867019536261332,Pass
EOG7BCZX5|Teleopsis_dalmanni|GCMC01.1|GCMC01019217.1,0.3469136587954918,0.6538843554053453,0.14845243918708584,Pass
EOG7BCZX5|Glossina_morsitans|GIFR01.1|GIFR01028816.1,0.33635007427731173,nan,nan,Fail
EOG7BCZX5|Glossina_morsitans|GCFN01.1|GCFN01004293.1,0.3055257669125168,nan,nan,Fail
EOG7BCZX5|Glossina_morsitans|GCGQ01.1|GCGQ01047329.1,0.2746133018233538,0.6402288257776582,0.14891463076489353,Pass
EOG7BCZX5|Ceratitis_capitata|GCGQ01.1_1|GCGQ01001848.1,0.208143536002003,0.4721873820710216,0.10579526585908905,Pass
EOG7BCZX5|Hermetia_illucens|GDDE01.1|GDDE01000833.1,0.3637177455662101,0.6592284673432214,0.14467863648191515,Pass
EOG7BCZX5|Bradysia_coprophila|GDDE01.1_1|GDDE01012873.1,0.1601853908595131,0.5099058374787634,0.1510792467388899,Pass
EOG7BCZX5|Glossina_morsitans|GDDE01.1_2|GDDE01011652.1,0.3456172277828329,0.3721235648409561,0.08977037455298326,Pass
EOG7BCZX5|Aedes_aegypti|GCGS01.1|GCGS01010204.1,0.19746492034060067,0.6672719563392108,0.17949790092359363,Pass
EOG7BCZX5|Bactrocera_oleae|GIFR01.1_1|GIFR01028810.1,0.159416962886343,0.5354125280742038,0.15336331985413065,Pass
EOG7BCZX5|Glossina_morsitans|GCGS01.1_1|GCGS01014286.1,0.1858810875323602,0.5354125280742038,0.15336331985413065,Pass
EOG7BCZX5|Scaptodrosophila_lebanonensis|CAJHUG01.1|CAJHUG010000045.1_1217,0.24231241210114524,0.5354125280742038,0.15336331985413065,Pass
EOG7BCZX5|Glossina_morsitans|GDDH01.1|GDDH01058786.1,0.2924416718954478,0.6423286643883385,0.15344774175639153,Pass
EOG7BCZX5|Stomoxys_calcitrans|GDDH01.1_5|GDDH01058733.1,0.15696649029982362,0.34697475385412624,0.062386643347583925,Pass
EOG7BCZX5|Bradysia_coprophila|GDDH01.1_1|GDDH01060532.1,0.2452576057500392,0.6355378217734596,0.16518926720843857,Pass
EOG7BCZX5|Bradysia_coprophila|GDDH01.1_2|GDDH01020092.1,0.15473790501534906,0.48151126780922815,0.1373545405820159,Pass
EOG7BCZX5|Teleopsis_dalmanni|GDDH01.1_3|GDDH01014859.1,0.2490105961955828,0.4821234133580542,0.10625696533876061,Pass
EOG7BCZX5|Bactrocera_oleae|GCFJ01.1|GCFJ01016859.1,0.1729773801318624,0.7833102101734618,0.26980236964131965,Pass
EOG7BCZX5|Stomoxys_calcitrans|GCNJ01.1_1|GCNJ01006864.1,0.19869781636254702,0.5046306640922468,0.14173311519546433,Pass
EOG7BCZX5|Ceratitis_capitata|GCMY01.1|GCMY01057182.1,0.2078287495914224,0.7835084381147,0.28106254908911454,Pass
EOG7BCZX5|Glossina_morsitans|GCMS01.1|GCMS01015920.1,0.23031965848683575,0.5316666666666668,0.13333333333333341,Pass
EOG7BCZX5|Bombyx_mori|GDDC01.1|GDDC01022676.1,0.4816694867456289,0.44028390577426435,0.16083542545804186,Fail
EOG7BCZX5|Glossina_morsitans|GIFT01.1|GIFT01013491.1,0.23030162192989698,0.5408610940694912,0.13708616084469033,Pass
EOG7BCZX5|Glossina_morsitans|GIFE01.1|GIFE01006939.1,0.16968765512965786,0.5251669236081183,0.1507241435760226,Pass
EOG7BCZX5|Ceratitis_capitata|GIFT01.1_1|GIFT01007856.1,0.17197479382157843,0.5251669236081183,0.1507241435760226,Pass
EOG7BCZX5|Glossina_morsitans|GIFO01.1_1|GIFO01030044.1,0.16071731598299618,0.5251669236081183,0.1507241435760226,Pass
EOG7BCZX5|Bactrocera_oleae|GIFS01.1|GIFS01023663.1,0.37696548215496045,0.6925020573391113,0.1341437425971468,Pass
EOG7BCZX5|Glossina_morsitans|GIFS01.1_1|GIFS01023664.1,0.1404361504865626,0.4076721292910991,0.16435597113922412,Pass
EOG7BCZX5|Glossina_morsitans|GIGO01.1|GIGO01016283.1,0.3571303710075702,0.6688784550693624,0.1219531934006956,Pass
EOG7BCZX5|Rhagoletis_pomonella|GIGO01.1_1|GIGO01016282.1,0.3338370662043186,0.6918808193668528,0.14764945084178915,Pass
EOG7BCZX5|Glossina_morsitans|GIGO01.1_2|GIGO01001536.1,0.2449269364526908,0.5056189619520289,0.12388338158852868,Pass
EOG7BCZX5|Glossina_morsitans|GIGO01.1_3|GIGO01000698.1,0.1375609082963717,0.5551643361345054,0.19768340987699312,Pass
EOG7BCZX5|Aedes_aegypti|GIGU01.1|GIGU01025159.1,0.3670536187880905,nan,nan,Fail
EOG7BCZX5|Bactrocera_oleae|GIGU01.1_3|GIGU01021267.1,0.13354057285361848,0.4981764120122601,0.1624562149749636,Pass
EOG7BCZX5|Teleopsis_dalmanni|GIGU01.1_2|GIGU01025163.1,0.42245931068517373,0.761200638742148,0.15828899772575655,Pass
EOG7BCZX5|Ceratitis_capitata|GIGU01.1_4|GIGU01021265.1,0.5262470224744021,0.7628182204064308,0.13996922587149152,Pass
EOG7BCZX5|Glossina_morsitans|GIGU01.1_1|GIGU01021266.1,0.2192774822210426,0.5037847157345227,0.14181041835448377,Pass
EOG7BCZX5|Teleopsis_dalmanni|GIFO01.1|GIFO01030045.1,0.32046794934447176,0.7224379551813459,0.16139698821135473,Pass
EOG7BCZX5|Glossina_morsitans|GIFO01.1_2|GIFO01000901.1,0.2144340185515536,0.5620193780637256,0.15426623774509807,Pass
EOG7BCZX5|Glossina_morsitans|GIFO01.1_3|GIFO01000902.1,0.26660173467216847,0.6233723460504591,0.14077354880713588,Pass
EOG7BCZX5|Glossina_morsitans|GIFE01.1_2|GIFE01002509.1,0.24429105838154075,0.6214922729137049,0.14901402205892061,Pass
EOG7BCZX5|Scaptodrosophila_lebanonensis|GIFE01.1_1|GIFE01006938.1,0.28969445937723504,0.6516986794717887,0.1512605042016807,Pass
EOG7BCZX5|Teleopsis_dalmanni|GIGL01.1|GIGL01009577.1,0.2628544814922444,0.5556785622296194,0.10660321801774025,Pass
EOG7BCZX5|Ceratitis_capitata|GIGL01.1_3|GIGL01009576.1,0.4591633335155448,1.0360559952010706,0.2621599796968369,Pass
EOG7BCZX5|Teleopsis_dalmanni|GIGL01.1_1|GIGL01009575.1,0.41778096470055387,0.7752967659651816,0.13798936986300847,Pass
EOG7BCZX5|Bactrocera_oleae|GIGL01.1_2|GIGL01009574.1,0.1301752287564212,0.6002966800163196,0.2050361452933417,Pass
EOG7BCZX5|Ceratitis_capitata|GIGS01.1|GIGS01007127.1,0.20934171030422702,0.5022584873377055,0.13865068255913637,Pass
EOG7BCZX5|Glossina_morsitans|GIGS01.1_3|GIGS01071741.1,0.18564181367953636,0.44541609943326194,0.12425749953031956,Pass
EOG7BCZX5|Aedes_aegypti|GIGS01.1_1|GIGS01009929.1,0.2281618359550029,0.6771463815789474,0.18042763157894737,Pass
EOG7BCZX5|Glossina_morsitans|GIGS01.1_2|GIGS01009926.1,0.2598029385877186,0.6488107732686642,0.1576221649170731,Pass
EOG7BCZX5|Glossina_morsitans|GIGW01.1|GIGW01001969.1,0.2174389252828303,0.5275189560580393,0.1580534990847151,Pass
EOG7BCZX5|Teleopsis_dalmanni|GIGW01.1_1|GIGW01008567.1,0.2735566586327533,0.6242401682455332,0.14052574252844935,Pass
EOG7BCZX5|Teleopsis_dalmanni|GIGW01.1_2|GIGW01008569.1,0.4220258694570729,0.777789271760109,0.17983571058701686,Pass
EOG7BCZX5|Bactrocera_oleae|GIGW01.1_3|GIGW01001970.1,0.4108027799017662,0.8600802318474315,0.2269619623526129,Pass
EOG7BCZX5|Stomoxys_calcitrans|GIGM01.1|GIGM01038746.1,0.12170396744333607,0.48495045212645427,0.15635565632023934,Pass
EOG7BCZX5|Glossina_morsitans|GIFH01.1|GIFH01027597.1,0.390642904577049,nan,nan,Fail
EOG7BCZX5|Glossina_morsitans|GIGM01.1_1|GIGM01038740.1,0.4870505417210906,nan,nan,Fail
EOG7BCZX5|Glossina_morsitans|GIGM01.1_2|GIGM01038747.1,0.2434054401615078,0.4478564714258856,0.09300637202548806,Pass
EOG7BCZX5|Rhagoletis_pomonella|GIGV01.1|GIGV01013504.1,0.35684922745024183,0.6916045750397335,0.15584083856807684,Pass
EOG7BCZX5|Glossina_morsitans|GIGV01.1_1|GIGV01013502.1,0.19231231956340125,0.5203420001848753,0.14739661018068256,Pass
EOG7BCZX5|Glossina_morsitans|GIGV01.1_2|GIGV01013500.1,0.21190703788398857,0.5683894080560826,0.17705046061538304,Pass
EOG7BCZX5|Glossina_morsitans|GIFM01.1|GIFM01006503.1,0.2206793142196643,0.5316666666666668,0.13333333333333341,Pass
EOG7BCZX5|Lucilia_sericata|GIFM01.1_2|GIFM01006502.1,0.2313203656659553,0.46313806735090457,0.09321349154941805,Pass
EOG7BCZX5|Zeugodacus_cucurbitae|GIGR01.1|GIGR01004032.1,0.31992493607718386,0.45172847904926094,0.11181694082219873,Pass
EOG7BCZX5|Teleopsis_dalmanni|GIGP01.1|GIGP01003050.1,0.19723252141824307,0.4234322635633837,0.09843003479965073,Pass
EOG7BCZX5|Bactrocera_oleae|GIGQ01.1|GIGQ01014854.1,0.33952558819516315,0.6882553580805596,0.1339727543521152,Pass
EOG7BCZX5|Glossina_morsitans|GIGQ01.1_2|GIGQ01014855.1,0.20483544307103682,0.4470677011256876,0.09372491541170103,Pass
EOG7BCZX5|Bradysia_coprophila|GIGQ01.1_1|GIGQ01014856.1,0.29343458306220915,0.7225295857988167,0.19082840236686394,Pass
EOG7BCZX5|Glossina_morsitans|GIFR01.1_2|GIFR01028815.1,0.19382898568799117,0.5595395830133083,0.17222795219276105,Pass
EOG7BCZX5|Glossina_morsitans|GIFG01.1|GIFG01012994.1,0.33955474557304993,0.7049589231150001,0.16332643379985984,Pass
EOG7BCZX5|Scaptodrosophila_lebanonensis|GIFG01.1_2|GIFG01012995.1,0.2656300772047176,0.40703404181239805,0.0658125880323484,Pass
EOG7BCZX5|Bactrocera_dorsalis|GIGT01.1|GIGT01015719.1,0.1854223394993052,0.5240923660243981,0.1499830693803535,Pass
EOG7BCZX5|Lucilia_sericata|GIGT01.1_1|GIGT01015720.1,0.27445386340446176,0.562559663952963,0.11364059278071481,Pass
EOG7BCZX5|Bradysia_coprophila|AHE_103_S38_merged_SPM|NODE_17163_length_246_cov_0.781065_R,0.25901018193440534,0.6552592661427358,0.19131439882225415,Pass
EOG7BCZX5|Aedes_aegypti|AHE_111_S34_merged_SPM|NODE_12421_length_257_cov_0.738889_S,0.20029396429738763,0.36992704075312777,0.06593335810727119,Pass
EOG7BCZX5|Contarinia_nasturtii|AHE_116_S35_merged_SPM|NODE_10148_length_559_cov_1.230290_S,0.14966169981831481,0.6246787923630827,0.2254231112200657,Pass
EOG7BCZX5|Contarinia_nasturtii|JSM_6152_S9_SPM|NODE_1454863_length_240_cov_604_AU,0.10408408248979496,0.6246787923630827,0.2254231112200657,Pass
EOG7BCZX5|Danaus_plexippus|AHE_61_S61_merged_SPM|NODE_27781_length_257_cov_0.694444_S,0.1162718177106666,0.6246787923630827,0.2254231112200657,Pass
EOG7BCZX5|Glossina_morsitans|JSS16944_S16_SPM|NODE_20257_length_241_cov_422_AU,0.1064908213586277,0.6246787923630827,0.2254231112200657,Pass
EOG7BCZX5|Aedes_aegypti|JSM_9163_II_S3_SPM|NODE_12887_length_446_cov_1.357367_R,0.14082224345815342,0.6246787923630827,0.2254231112200657,Pass
EOG7BCZX5|Aedes_aegypti|JSM_6704_S2_SPM|NODE_106097_length_229_cov_398_AU,0.11710045882707754,0.6246787923630827,0.2254231112200657,Pass
EOG7BCZX5|Glossina_morsitans|AHE_255_S18_SPM|NODE_95715_length_414_cov_1.207715_R,0.10821329133338052,0.6246787923630827,0.2254231112200657,Pass
EOG7BCZX5|Glossina_morsitans|AHE_117_S52_merged_SPM|NODE_58896_length_246_cov_1.313609_R,0.24740293641963085,0.7293751382437513,0.25923468259234683,Pass
EOG7BCZX5|Ceratitis_capitata|AHE_220_S54_merged_SPM|NODE_13138_length_266_cov_0.783069_R,0.22590303473745174,0.7293751382437513,0.25923468259234683,Pass
EOG7BCZX5|Aedes_aegypti|AHE_120_S31_merged_SPM|NODE_79533_length_257_cov_0.822222_R,0.10372960372960373,0.5254545454545455,0.1853146853146853,Pass
EOG7BCZX5|Hermetia_illucens|AHE_122_S39_merged_SPM|NODE_16683_length_391_cov_1.292994_S,0.5337742152506615,0.9564434306262709,0.23378871133067847,Pass
EOG7BCZX5|Aedes_aegypti|AHE_124_S16_merged_SPM|NODE_21095_length_290_cov_1.267606_S,0.2150186410048598,0.45159143427957393,0.09486061990756678,Pass
EOG7BCZX5|Rhagoletis_pomonella|AHE_126_S12_merged_SPM|NODE_43035_length_266_cov_0.783069_R,0.3325188562296172,0.8046664568604677,0.22861009564044799,Pass
EOG7BCZX5|Anopheles_stephensi|AHE_129_S7_merged_SPM|NODE_81821_length_279_cov_0.673267_R,0.1174259197327867,0.40982832618025755,0.16523605150214593,Pass
EOG7BCZX5|Bactrocera_oleae|AHE_130_S26_merged_SPM|NODE_37217_length_262_cov_1.194595_R,0.28853746140939557,0.4929943443653121,0.09830330959363215,Pass
EOG7BCZX5|Bactrocera_oleae|AHE_132_S13_merged_SPM|NODE_64252_length_255_cov_0.691011_S,0.33361525456420166,0.6170456230522264,0.16501003997480618,Pass
EOG7BCZX5|Bactrocera_dorsalis|AHE_134_S14_merged_SPM|NODE_48093_length_246_cov_0.875740_R,0.29254873735614834,0.414381739164738,0.07733164141945437,Pass
EOG7BCZX5|Bactrocera_dorsalis|AHE_197_S33_merged_SPM_1|NODE_41203_length_259_cov_0.813187_R,0.2966876495828809,0.414381739164738,0.07733164141945437,Pass
EOG7BCZX5|Bactrocera_dorsalis|AHE_186_S45_merged_SPM|NODE_10066_length_232_cov_0.954839_R,0.29169413469855293,0.414381739164738,0.07733164141945437,Pass
EOG7BCZX5|Hermetia_illucens|AHE_136_S35_merged_SPM|NODE_38831_length_233_cov_0.833333_R,0.279066709934219,0.6295489219163429,0.18579350334965944,Pass
EOG7BCZX5|Musca_domestica|AHE_13_S26_merged_SPM|NODE_78893_length_237_cov_0.925000_R,0.3845205579830471,0.6595795180722892,0.17228800917957549,Pass
EOG7BCZX5|Hermetia_illucens|AHE_141_S15_merged_SPM|NODE_74422_length_350_cov_0.783883_R,0.32878858172049025,0.5753779873767818,0.1221189986525778,Pass
EOG7BCZX5|Lucilia_sericata|AHE_146_S23_merged_SPM|NODE_74655_length_237_cov_1.206250_R,0.3385349561495266,0.7447231501164085,0.16403482133819214,Pass
EOG7BCZX5|Scaptodrosophila_lebanonensis|AHE_147_S43_merged_SPM|NODE_11589_length_247_cov_0.870588_R,0.2749689800645215,0.38157090292206447,0.07233652967073728,Pass
EOG7BCZX5|Lucilia_sericata|AHE_152_S44_merged_SPM|NODE_15996_length_250_cov_0.826590_R,0.31920279464181256,0.7206507155635061,0.1620900417412045,Pass
EOG7BCZX5|Hermetia_illucens|AHE_157_S17_merged_SPM|NODE_16125_length_393_cov_1.117089_S,0.33466411333885554,0.5149976501458869,0.10121996592711546,Pass
EOG7BCZX5|Lucilia_sericata|AHE_158_S43_merged_SPM|NODE_13963_length_266_cov_0.777778_R,0.33418373019142905,0.5724293706330422,0.12167034859528841,Pass
EOG7BCZX5|Scaptodrosophila_lebanonensis|AHE_159_S37_merged_SPM|NODE_5966_length_256_cov_0.826816_R,0.31270085781642304,0.4705916251081699,0.10523135762471669,Pass
EOG7BCZX5|Hermetia_illucens|AHE_15_S51_merged_SPM|NODE_33390_length_272_cov_0.712821_S,0.37042020440140416,0.6636611576660459,0.13240999379267537,Pass
EOG7BCZX5|Scaptodrosophila_lebanonensis|AHE_160_S17_merged_SPM|NODE_90740_length_142_cov_224_AU,0.2280868578075282,0.375960451977401,0.09491525423728808,Pass
EOG7BCZX5|Anopheles_stephensi|AHE_161_S18_merged_SPM|NODE_33477_length_273_cov_1.132653_R,0.092025944770651,0.2887976539589443,0.11583577712609971,Pass
EOG7BCZX5|Lucilia_sericata|AHE_164_S19_merged_SPM|NODE_34672_length_245_cov_0.684524_S,0.32133969123435346,0.6846558928254365,0.14265067412709348,Pass
EOG7BCZX5|Glossina_morsitans|AHE_167_S32_merged_SPM|NODE_60179_length_269_cov_0.770833_R,0.23918389546808802,0.3893600216431322,0.09480831368148479,Pass
EOG7BCZX5|Lucilia_sericata|AHE_169_S19_merged_SPM|NODE_91333_length_229_cov_1.197368_S,0.32883366574428274,0.7285179461489829,0.16022309820890013,Pass
EOG7BCZX5|Bactrocera_dorsalis|AHE_172_S16_merged_SPM|NODE_23990_length_260_cov_0.808743_R,0.2778148163095094,0.38947213540609643,0.0716483338068758,Pass
EOG7BCZX5|Glossina_morsitans|AHE_173_S62_merged_SPM|NODE_18314_length_343_cov_1.112782_R,0.19223954169997337,0.5662447712950892,0.15718030204259026,Pass
EOG7BCZX5|Glossina_morsitans|AHE_189_S21_merged_SPM|NODE_91396_length_326_cov_1.188755_R,0.19223954169997337,0.5662447712950892,0.15718030204259026,Pass
EOG7BCZX5|Glossina_morsitans|AHE_179_S20_merged_SPM|NODE_80389_length_535_cov_0.951965_R,0.274161249803803,0.5042935635539961,0.1385109500357395,Pass
EOG7BCZX5|Anopheles_stephensi|AHE_180_S71_merged_SPM|NODE_23554_length_434_cov_1.193277_R,0.10093864839803347,0.28751845018450184,0.11531365313653136,Pass
EOG7BCZX5|Rhagoletis_pomonella|AHE_182_S27_merged_SPM|NODE_7895_length_385_cov_0.957792_S,0.2796921649564058,0.8595131631000449,0.275998925715767,Pass
EOG7BCZX5|Hermetia_illucens|AHE_184_S38_merged_SPM|NODE_34139_length_252_cov_0.845714_R,0.25485295656230156,0.49957785707827573,0.12179696553884345,Pass
EOG7BCZX5|Drosophila_melanogaster|JSM_8384_S2_SPM|NODE_27312_length_250_cov_2.487805_R,0.0960857097586102,0.39280855417618077,0.12688751594843134,Pass
EOG7BCZX5|Contarinia_nasturtii|AHE_188_S54_merged_SPM|NODE_51472_length_236_cov_0.729560_R,0.10177690326649443,0.39280855417618077,0.12688751594843134,Pass
EOG7BCZX5|Contarinia_nasturtii|AHE_40_S58_merged_SPM|NODE_24020_length_245_cov_0.880952_R,0.11923543963086446,0.39280855417618077,0.12688751594843134,Pass
EOG7BCZX5|Scaptodrosophila_lebanonensis|AHE_190_S36_merged_SPM|NODE_13181_length_253_cov_1.181818_R,0.26595443959218357,0.40841325671918355,0.08621667195744115,Pass
EOG7BCZX5|Scaptodrosophila_lebanonensis|AHE_36_S19_merged_SPM_1|NODE_87980_length_335_cov_1.127907_R,0.24259771799150692,0.40841325671918355,0.08621667195744115,Pass
EOG7BCZX5|Aedes_aegypti|AHE_191_S25_merged_SPM|NODE_19171_length_250_cov_0.855491_R,0.26792039739339674,0.5444925636447192,0.14761373614149303,Pass
EOG7BCZX5|Bactrocera_dorsalis|AHE_193_S55_merged_SPM|NODE_55824_length_230_cov_0.967320_S,0.30848955394915023,0.8427373417721519,0.2610759493670886,Pass
EOG7BCZX5|Glossina_morsitans|AHE_194_S22_merged_SPM|NODE_84237_length_255_cov_0.831461_R,0.2662099403974159,0.41122015909616116,0.10017603228652372,Pass
EOG7BCZX5|Hermetia_illucens|AHE_194_S22_merged_SPM_1|NODE_9652_length_279_cov_1.465347_R,0.21874570815452737,0.48364995007569167,0.12233388089026315,Pass
EOG7BCZX5|Hermetia_illucens|AHE_195_S23_merged_SPM|NODE_21457_length_407_cov_0.669697_S,0.3423631791868193,0.6190712552672927,0.14767849685472206,Pass
EOG7BCZX5|Hermetia_illucens|JSM_10699_S3_SPM_3|NODE_51121_length_689_cov_1.469751_S,0.24100746789525726,0.41013221076049566,0.06899713893197945,Pass
EOG7BCZX5|Hermetia_illucens|AHE_196_S62_merged_SPM|NODE_17506_length_418_cov_0.794721_R,0.3802424345666513,0.41013221076049566,0.06899713893197945,Pass
EOG7BCZX5|Glossina_morsitans|AHE_197_S33_merged_SPM|NODE_60771_length_235_cov_0.575949_S,0.15637225615379752,0.35710193110745797,0.06897738223456717,Pass
EOG7BCZX5|Aedes_aegypti|AHE_199_S37_merged_SPM|NODE_81053_length_112_cov_164_AU,0.2544642857142857,0.36211175025259495,0.10729425002296322,Pass
EOG7BCZX5|Glossina_morsitans|AHE_201_S72_merged_SPM|NODE_52212_length_275_cov_0.747475_S,0.2972516585454595,0.8847593497893639,0.24598788049133857,Pass
EOG7BCZX5|Aedes_aegypti|AHE_203_S73_merged_SPM|NODE_16963_length_339_cov_0.717557_S,0.23910675381263619,0.4455248133509002,0.11572244180939828,Pass
EOG7BCZX5|Lucilia_sericata|AHE_204_S41_merged_SPM|NODE_7916_length_131_cov_202_AU,0.353179727455113,0.7623076055066577,0.1749943579327466,Pass
EOG7BCZX5|Lucilia_sericata|AHE_205_S52_merged_SPM|NODE_5958_length_357_cov_1.057143_R,0.3099579155871156,0.4487772189088755,0.0711176084704338,Pass
EOG7BCZX5|Aedes_aegypti|AHE_208_S54_merged_SPM|NODE_54916_length_137_cov_214_AU,0.141739755017491,0.3829302896344844,0.08442670559141213,Pass
EOG7BCZX5|Scaptodrosophila_lebanonensis|AHE_210_S53_merged_SPM|NODE_104345_length_151_cov_242_AU,0.25912142459601,0.7174191666261488,0.25178684300092385,Pass
EOG7BCZX5|Glossina_morsitans|AHE_211_S38_merged_SPM|NODE_9082_length_325_cov_0.770161_R,0.1625968228417016,0.3593884721563815,0.06935575323238796,Pass
EOG7BCZX5|Hermetia_illucens|AHE_213_S29_merged_SPM|NODE_3124_length_249_cov_0.848837_R,0.24360050030939256,0.6765985445729449,0.1987610962734484,Pass
EOG7BCZX5|Glossina_morsitans|AHE_250_S55_merged_SPM|NODE_8690_length_281_cov_0.725490_S,0.19747983198298097,0.47431137724550887,0.10479041916167658,Pass
EOG7BCZX5|Lucilia_sericata|AHE_252_S17_SPM|NODE_65838_length_259_cov_1.236264_R,0.20742312204267693,0.46513367372265346,0.11406587951636343,Pass
EOG7BCZX5|Musca_domestica|AHE_254_S17_SPM|NODE_16037_length_250_cov_0.855491_R,0.3322048413535765,0.6411704259140584,0.16939875605853072,Pass
EOG7BCZX5|Ceratitis_capitata|AHE_257_S20_SPM|NODE_423933_length_94_cov_128_AU,0.24923155245060505,0.7248821198934857,0.26787685912840165,Pass
EOG7BCZX5|Aedes_aegypti|AHE_258_S17_SPM|NODE_16657_length_276_cov_1.180905_R,0.2096499578215814,0.3497645083794423,0.06006079321718871,Pass
EOG7BCZX5|Glossina_morsitans|AHE_260_S19_SPM|NODE_72871_length_260_cov_0.808743_R,0.2723946080576481,0.7598615603702573,0.26919278666608537,Pass
EOG7BCZX5|Glossina_morsitans|AHE_265_S23_SPM|NODE_106315_length_231_cov_0.954545_R,0.2323103785131929,0.6830773384647435,0.2389273692438062,Pass
EOG7BCZX5|Glossina_morsitans|AHE_267_S19_SPM|NODE_43112_length_369_cov_2.534247_S,0.3141502053899111,0.48173512959722403,0.1275444579052063,Pass
EOG7BCZX5|Aedes_aegypti|AHE_268_S20_SPM|NODE_27512_length_278_cov_0.736318_S,0.23394058014654218,0.4650360016221494,0.09827974828415742,Pass
EOG7BCZX5|Aedes_aegypti|AHE_269_S23_SPM|NODE_143051_length_144_cov_228_A,0.17211005580060748,0.38059038447988985,0.0759474179734167,Pass
EOG7BCZX5|Aedes_aegypti|AHE_271_S21_SPM|NODE_88752_length_377_cov_0.853333_R,0.20293221653832982,0.46020374028743427,0.09785888794994108,Pass
EOG7BCZX5|Glossina_morsitans|AHE_272_S22_SPM|NODE_98323_length_257_cov_1.333333_R,0.22530857996045422,0.4068252671753524,0.09909708754257979,Pass
EOG7BCZX5|Hermetia_illucens|AHE_272_S22_SPM_1|NODE_58722_length_274_cov_0.751269_S,0.2106488992352537,0.5011211307103673,0.12846195897966378,Pass
EOG7BCZX5|Glossina_morsitans|AHE_274_S21_SPM|NODE_34497_length_261_cov_0.804348_R,0.27837798201370045,0.5520856012225364,0.1259752482983003,Pass
EOG7BCZX5|Glossina_morsitans|AHE_275_S22_SPM|NODE_28486_length_567_cov_1.393878_R,0.2680258484787476,0.5027353964947996,0.13743635206387983,Pass
EOG7BCZX5|Hermetia_illucens|AHE_277_S24_SPM|NODE_321815_length_113_cov_166_AU,0.3403645584128341,0.7616504316745955,0.18036446927936772,Pass
EOG7BCZX5|Lucilia_sericata|AHE_279_S25_SPM|NODE_14242_length_380_cov_0.871287_R,0.27821502882421284,0.448011900443849,0.11805234021636152,Pass
EOG7BCZX5|Aedes_aegypti|AHE_279_S25_SPM_1|NODE_1114_length_292_cov_1.376744_R,0.19641758353879565,0.44800947789584145,0.09379837334382785,Pass
EOG7BCZX5|Hermetia_illucens|AHE_280_S24_SPM|NODE_51667_length_407_cov_1.345455_R,0.5196528439778744,0.9832799586776861,0.2400790823596467,Pass
EOG7BCZX5|Hermetia_illucens|AHE_281_S27_SPM|NODE_63722_length_321_cov_1.819672_R,0.27529611656419223,0.4453486590919805,0.08694592213907576,Pass
EOG7BCZX5|Hermetia_illucens|AHE_283_S23_SPM|NODE_28198_length_440_cov_0.793388_S,0.2517048495605738,0.68485022168745,0.2011835382762438,Pass
EOG7BCZX5|Glossina_morsitans|AHE_30_S57_merged_SPM|NODE_33316_length_270_cov_0.761658_S,0.29100264656042346,0.3772620937526136,0.08784218016326278,Pass
EOG7BCZX5|Hermetia_illucens|AHE_31_S49_merged_SPM|NODE_112310_length_117_cov_174_AU,0.3485937702905712,0.6416114750866901,0.14393413678793382,Pass
EOG7BCZX5|Hermetia_illucens|AHE_32_S40_merged_SPM|NODE_57605_length_255_cov_0.797753_R,0.49595249881364944,0.6855043373226409,0.14109203573856355,Pass
EOG7BCZX5|Aedes_aegypti|AHE_34_S58_merged_SPM|NODE_22975_length_276_cov_0.723618_S,0.26145039013989146,0.547534527893063,0.148455972721052,Pass
EOG7BCZX5|Hermetia_illucens|AHE_36_S19_merged_SPM|NODE_17497_length_472_cov_0.749367_S,0.3922297593085625,0.6649885053276895,0.13569186980002923,Pass
EOG7BCZX5|Hermetia_illucens|AHE_47_S27_merged_SPM|NODE_52628_length_256_cov_0.821229_R,0.3553207839379636,0.6479498272130418,0.13251649095257523,Pass
EOG7BCZX5|Glossina_morsitans|AHE_4_S10_merged_SPM|NODE_118530_length_463_cov_0.720207_R,0.29624939487764324,0.7227211768494662,0.20954867500920127,Pass
EOG7BCZX5|Glossina_morsitans|AHE_51_S42_merged_SPM|NODE_21656_length_245_cov_0.880952_R,0.17256306911479324,0.4238577586206896,0.09267241379310343,Pass
EOG7BCZX5|Aedes_aegypti|AHE_53_S32_merged_SPM|NODE_8132_length_431_cov_1.225989_S,0.20286739919602784,0.44761737934497375,0.09854101611177085,Pass
EOG7BCZX5|Glossina_morsitans|CAJMZT01.1_1|CAJMZT010000034.1_455,0.1860462559631931,0.3900326196546638,0.07934752640580228,Pass
EOG7BCZX5|Glossina_morsitans|AHE_54_S60_merged_SPM|NODE_35857_length_393_cov_1.091772_S,0.15474324078859472,0.3900326196546638,0.07934752640580228,Pass
EOG7BCZX5|Hermetia_illucens|AHE_59_S33_merged_SPM|NODE_6926_length_237_cov_0.925000_R,0.2254429064697416,0.6428476338855956,0.17488853422505957,Pass
EOG7BCZX5|Hermetia_illucens|JSM_642_S1_SPM|NODE_19851_length_794_cov_0.853073_S,0.20481450179655458,0.6428476338855956,0.17488853422505957,Pass
EOG7BCZX5|Rhagoletis_pomonella|AHE_64_S44_merged_SPM|NODE_95963_length_236_cov_1.647799_S,0.20370030355803262,0.557958748221906,0.19260312944523472,Pass
EOG7BCZX5|Hermetia_illucens|AHE_6_S42_merged_SPM|NODE_14441_length_249_cov_0.784884_R,0.20955386626604214,0.6588909723036057,0.18908551115277944,Pass
EOG7BCZX5|Bradysia_coprophila|JSM_10609_S2_SPM|NODE_5906770_length_195_cov_648_AU,0.22960124545796753,0.5784111842219044,0.1641742094030748,Pass
EOG7BCZX5|Bradysia_coprophila|AHE_6_S42_merged_SPM_1|NODE_65375_length_407_cov_0.748485_R,0.2418334225075798,0.5784111842219044,0.1641742094030748,Pass
EOG7BCZX5|Scaptodrosophila_lebanonensis|AHE_72_S37_merged_SPM|NODE_42737_length_259_cov_0.752747_S,0.25905188676334895,0.41704989462937536,0.08899862471756875,Pass
EOG7BCZX5|Glossina_morsitans|AHE_78_S12_merged_SPM|NODE_63406_length_414_cov_1.750742_R,0.2462297010955032,0.46258365105008087,0.12412665589660749,Pass
EOG7BCZX5|Aedes_aegypti|AHE_78_S12_merged_SPM_1|NODE_46159_length_262_cov_0.783784_R,0.21539717159599553,0.5209754131489968,0.12949070268665053,Pass
EOG7BCZX5|Hermetia_illucens|AHE_89_S15_merged_SPM|NODE_8089_length_304_cov_0.559471_S,0.3078333486817396,0.5184284277994219,0.10845796154329523,Pass
EOG7BCZX5|Aedes_aegypti|AHE_8_S50_merged_SPM|NODE_66881_length_256_cov_0.826816_R,0.2628904956081737,0.5227211031969584,0.14158895923965042,Pass
EOG7BCZX5|Lucilia_sericata|AHE_91_S2_merged_SPM|NODE_37584_length_262_cov_0.794595_R,0.24539603577799565,0.360933160900376,0.08560878151376727,Pass
EOG7BCZX5|Musca_domestica|AHE_99_S33_merged_SPM|NODE_36730_length_104_cov_148_A,0.18575688786160174,0.6849865611467822,0.25274003285053015,Pass
EOG7BCZX5|Glossina_morsitans|CNC457414_S8_SPM|NODE_19164_length_170_cov_280_AU,0.18645872020952023,0.465823445799327,0.15560762069911094,Pass
EOG7BCZX5|Bradysia_coprophila|CNC485015_II_S80_SPM|NODE_54239_length_212_cov_364_AU,0.34784912522479605,0.8071725208138333,0.2273018375289424,Pass
EOG7BCZX5|Hermetia_illucens|CNC485506_S88_SPM|NODE_8786_length_186_cov_312_A,0.20680284903889257,0.5726023742362963,0.15654981945366853,Pass
EOG7BCZX5|Zeugodacus_cucurbitae|CNC485632_S93_SPM|NODE_17056_length_267_cov_474_A,0.2157579817804968,0.5207525442807449,0.16854516035603845,Pass
EOG7BCZX5|Bactrocera_oleae|CNC485734_S76_SPM|NODE_16928_length_188_cov_316_AU,0.14987997412455076,0.7937133503007144,0.28283622569341166,Pass
EOG7BCZX5|Contarinia_nasturtii|CNC684456_S45_SPM|NODE_62040_length_183_cov_306_AU,0.08091358310578849,0.5227933177933177,0.18692418692418689,Pass
EOG7BCZX5|Rhagoletis_pomonella|CNC_Dip12307_S33_SPM|NODE_1190_length_434_cov_1.068404_S,0.24235456586777765,0.8945578676944503,0.2945631400968688,Pass
EOG7BCZX5|Contarinia_nasturtii|CNC_Dip1380_S12_SPM|NODE_66381_length_279_cov_498_AU,0.11327381002783828,0.40996272563756175,0.12836773041249766,Pass
EOG7BCZX5|Glossina_morsitans|CNC_Dip1380_S12_SPM_1|NODE_56771_length_264_cov_468_AU,0.2076270309396289,0.6894904193279644,0.24798667036934186,Pass
EOG7BCZX5|Ceratitis_capitata|CNC_Dip208891_S34_SPM|NODE_46159_length_169_cov_556_AU,0.28665735281936067,0.7221191631330907,0.24748375627424657,Pass
EOG7BCZX5|Bradysia_coprophila|CNC_Diptera12811_S75_SPM|NODE_4059_length_185_cov_392_AU,0.33062733850052484,0.662865043475662,0.19143679540332198,Pass
EOG7BCZX5|Aedes_aegypti|JSBVM_26_S2_SPM|NODE_2739_length_615_cov_0.946721_S,0.22566614554158987,0.4285674326922313,0.08904280220953836,Pass
EOG7BCZX5|Glossina_morsitans|JSBVM_26_S2_SPM_1|NODE_80649_length_155_cov_398_AU,0.18777894882460364,0.47531918064712253,0.15879473299651786,Pass
EOG7BCZX5|Contarinia_nasturtii|JSBVM_75_S7_SPM|NODE_223779_length_203_cov_346_AU,0.12344927277947745,0.6635555803874033,0.2395887031745445,Pass
EOG7BCZX5|Scaptodrosophila_lebanonensis|JSM_10506_S5_SPM|NODE_85389_length_268_cov_4.234043_R,0.22590864203530173,0.40272514377832,0.08259628790519347,Pass
EOG7BCZX5|Hermetia_illucens|JSM_10506_S5_SPM_1|NODE_131192_length_207_cov_5.037500_R,0.36453626855806803,0.6741114501598373,0.1407294391165359,Pass
EOG7BCZX5|Lucilia_sericata|JSM_10540_S15_SPM|NODE_78585_length_485_cov_3.106145_S,0.3095684452478065,0.6478623147445318,0.1486969535468381,Pass
EOG7BCZX5|Stomoxys_calcitrans|JSM_10540_S15_SPM_1|NODE_82100_length_478_cov_1.037037_S,0.21563968615600282,0.5805405405405406,0.13783783783783787,Pass
EOG7BCZX5|Teleopsis_dalmanni|JSM_10605_S1_SPM|NODE_117402_length_272_cov_484_AU,0.16786845961699323,0.4255285930066771,0.12095738223295077,Pass
EOG7BCZX5|Aedes_aegypti|JSM_10605_S1_SPM_1|NODE_1301842_length_228_cov_396_AU,0.20641026582345567,0.48135991102555514,0.1135366111375175,Pass
EOG7BCZX5|Hermetia_illucens|JSM_10605_S1_SPM_2|NODE_2834406_length_248_cov_436_AU,0.1948788135582267,0.4847970352537475,0.11580288383007464,Pass
EOG7BCZX5|Glossina_morsitans|JSM_10609_S2_SPM_1|NODE_109055_length_456_cov_1.562310_S,0.18241862466489506,0.565032811050253,0.15634446739097907,Pass
EOG7BCZX5|Glossina_morsitans|JSM_10699_S3_SPM_1|NODE_4782499_length_470_cov_1383_AU,0.32765839200633023,0.48007009384671706,0.12724633099271193,Pass
EOG7BCZX5|Hermetia_illucens|JSM_10699_S3_SPM_2|NODE_239990_length_587_cov_1.676087_R,0.36837028673618244,0.7890815059729663,0.17935114455465606,Pass
EOG7BCZX5|Hermetia_illucens|JSM_11142_S4_SPM|NODE_29510_length_581_cov_0.854626_S,0.297075120157614,0.6368340304132758,0.14185519095960314,Pass
EOG7BCZX5|Glossina_morsitans|JSM_11142_S4_SPM_1|NODE_67168_length_435_cov_1.136364_S,0.21305907924900241,0.5785767171373416,0.19743717203985073,Pass
EOG7BCZX5|Aedes_aegypti|JSM_11249_S5_SPM|NODE_78151_length_518_cov_1.299233_S,0.184317153475346,0.449168655050822,0.09966323341112548,Pass
EOG7BCZX5|Hermetia_illucens|JSM_11249_S5_SPM_2|NODE_157530_length_223_cov_470_AU,0.246096477929979,0.6126220677493438,0.17744836919630735,Pass
EOG7BCZX5|Scaptodrosophila_lebanonensis|JSM_11804_S12_SPM|NODE_40850_length_509_cov_3.976440_S,0.15268024075828107,0.46485304150481044,0.13762304554251426,Pass
EOG7BCZX5|Scaptodrosophila_lebanonensis|JSM_11249_S5_SPM_1|NODE_1108658_length_488_cov_1882_AU,0.32309789151610363,0.46485304150481044,0.13762304554251426,Pass
EOG7BCZX5|Aedes_aegypti|JSM_11249_S5_SPM_3|NODE_208843_length_632_cov_2.087129_R,0.2905770043764508,0.44730513930312066,0.08593693169418781,Pass
EOG7BCZX5|Ceratitis_capitata|JSM_11384_S6_SPM_1|NODE_9554_length_1490_cov_2.743947_S,0.38754637330433167,0.638562861808984,0.11174867919306375,Pass
EOG7BCZX5|Glossina_morsitans|JSM_11396_S7_SPM|NODE_1838419_length_459_cov_1659_AU,0.19815922130074967,0.453366821244167,0.12174538904416704,Pass
EOG7BCZX5|Hermetia_illucens|JSM_11396_S7_SPM_1|NODE_121148_length_405_cov_2.115108_R,0.23011918619390326,0.6287021329783923,0.1592913374751056,Pass
EOG7BCZX5|Contarinia_nasturtii|JSM_11396_S7_SPM_2|NODE_81011_length_437_cov_0.532258_S,0.18401621138770996,0.5568365869853918,0.15069189907038516,Pass
EOG7BCZX5|Hermetia_illucens|JSM_11457_S8_SPM|NODE_2227973_length_204_cov_446_A,0.2455801304533184,0.7216839465673214,0.19107301078521555,Pass
EOG7BCZX5|Glossina_morsitans|JSM_11468_S9_SPM|NODE_199507_length_234_cov_408_AU,0.21515892420537897,0.5050195238581547,0.10455776959444446,Pass
EOG7BCZX5|Aedes_aegypti|JSM_11685_S10_SPM|NODE_57367_length_603_cov_1.155462_S,0.331631573667695,0.3966556939881627,0.09660004848932124,Pass
EOG7BCZX5|Anopheles_stephensi|JSM_11685_S10_SPM_1|NODE_132763_length_355_cov_2.065789_R,0.16542106872186935,0.3785929584599797,0.06866767983789257,Pass
EOG7BCZX5|Aedes_aegypti|JSM_11709_S11_SPM|NODE_205820_length_516_cov_1.555270_R,0.1840566511645585,0.5136456832891061,0.1404667166825705,Pass
EOG7BCZX5|Hermetia_illucens|JSM_11709_S11_SPM_1|NODE_4015205_length_187_cov_314_AU,0.19750350877209102,0.6160456403230771,0.1805829244986049,Pass
EOG7BCZX5|Lucilia_sericata|JSM_11804_S12_SPM_2|NODE_12004_length_1021_cov_1.825503_S,0.3749313815585808,0.6323529124705399,0.10224847900836725,Pass
EOG7BCZX5|Glossina_morsitans|JSM_11804_S12_SPM_1|NODE_44952_length_481_cov_1.316384_S,0.21711817824892032,0.37336942940498413,0.07152972974893801,Pass
EOG7BCZX5|Glossina_morsitans|JSM_11807_S13_SPM|NODE_11127_length_733_cov_1.620462_S,0.21722714267804033,0.7157881367858148,0.20707711792851108,Pass
EOG7BCZX5|Teleopsis_dalmanni|JSM_11807_S13_SPM_1|NODE_3442108_length_240_cov_420_AU,0.1388451184493898,0.3724428057163994,0.08833778664898101,Pass
EOG7BCZX5|Stomoxys_calcitrans|JSM_1944_S2_SPM|NODE_286692_length_145_cov_230_AU,0.17609425337793563,0.5062345679012347,0.14159737969261782,Pass
EOG7BCZX5|Hermetia_illucens|JSM_4942_S10_SPM|NODE_525162_length_115_cov_170_AU,0.2683685541291905,0.6236581820375349,0.16444817152013896,Pass
EOG7BCZX5|Hermetia_illucens|JSM_5812_S4_SPM|NODE_15872_length_516_cov_0.802057_S,0.22786248967192754,0.6050779206804558,0.16209482505637035,Pass
EOG7BCZX5|Hermetia_illucens|JSM_6163_S11_SPM|NODE_20043_length_516_cov_1.298201_S,0.22081938132046416,0.6050779206804558,0.16209482505637035,Pass
EOG7BCZX5|Lucilia_sericata|JSM_5812_S4_SPM_1|NODE_1061682_length_281_cov_643_AU,0.23336769284155426,0.4127511961722488,0.07566643882433355,Pass
EOG7BCZX5|Musca_domestica|JSM_6055_S7_SPM_3|NODE_62826_length_307_cov_1102_AU,0.23950330367492945,0.4127511961722488,0.07566643882433355,Pass
EOG7BCZX5|Lucilia_sericata|JSM_642_S1_SPM_3|NODE_1069488_length_297_cov_934_AU,0.2803333709618251,0.4127511961722488,0.07566643882433355,Pass
EOG7BCZX5|Bradysia_coprophila|JSM_5861_S5_SPM|NODE_5379_length_440_cov_0.469649_S,0.19771209012495325,0.4458389651378416,0.12223527893571628,Pass
EOG7BCZX5|Aedes_aegypti|JSM_6006_S14_SPM|NODE_63293_length_605_cov_1.416318_S,0.1872586000569017,0.7012708801889037,0.20273434518919553,Pass
EOG7BCZX5|Aedes_aegypti|JSM_6006_S14_SPM_3|NODE_73159_length_540_cov_0.740920_S,0.4474036031137025,0.5339441592957216,0.06573045988772397,Pass
EOG7BCZX5|Aedes_aegypti|JSM_6006_S14_SPM_1|NODE_69592_length_562_cov_1.960920_S,0.19627598034745147,0.5199068888327271,0.13661638236070772,Pass
EOG7BCZX5|Aedes_aegypti|JSM_6043_S6_SPM|NODE_337814_length_261_cov_470_AU,0.22012465905186063,0.4869108553483553,0.13200110075110072,Pass
EOG7BCZX5|Hermetia_illucens|JSM_6055_S7_SPM|NODE_1049152_length_792_cov_4554_AU,0.34902565815533393,0.7075778730978538,0.15789381538057512,Pass
EOG7BCZX5|Glossina_morsitans|JSM_6055_S7_SPM_1|NODE_27965_length_582_cov_2.006593_R,0.17331988389834382,0.5613976377755343,0.19143259478649222,Pass
EOG7BCZX5|Aedes_aegypti|JSM_6055_S7_SPM_2|NODE_1032356_length_222_cov_646_AU,0.22799010097714545,0.5318797789629247,0.13900918845980847,Pass
EOG7BCZX5|Aedes_aegypti|JSM_8424_S12_SPM|NODE_1353873_length_229_cov_398_AU,0.24121376364220715,0.5318797789629247,0.13900918845980847,Pass
EOG7BCZX5|Glossina_morsitans|JSM_6055_S7_SPM_4|NODE_91072_length_343_cov_2.055556_R,0.09105390154090541,0.5370819453021201,0.18971413200097303,Pass
EOG7BCZX5|Bradysia_coprophila|JSM_6145_S8_SPM|NODE_545907_length_191_cov_355_AU,0.11286716181416144,0.6584312960036877,0.23772140569606243,Pass
EOG7BCZX5|Glossina_morsitans|JSM_6152_S9_SPM_2|NODE_99056_length_210_cov_460_AU,0.24191621573355018,0.6551346153846153,0.22423076923076918,Pass
EOG7BCZX5|Glossina_morsitans|JSM_6153_S10_SPM|NODE_29685_length_685_cov_0.917563_S,0.16618490129529492,0.4799628053505193,0.15463195343800668,Pass
EOG7BCZX5|Anopheles_stephensi|JSM_6153_S10_SPM_1|NODE_62307_length_444_cov_1.400631_R,0.17598647891704375,0.5698833603767027,0.17835770760510883,Pass
EOG7BCZX5|Aedes_aegypti|JSM_6258_S12_SPM|NODE_534712_length_175_cov_420_AU,0.21424109512345663,0.5042194029443959,0.13325911178804206,Pass
EOG7BCZX5|Anopheles_stephensi|JSM_6314_S15_SPM|NODE_127635_length_138_cov_6.000000_R,0.1343391205053725,0.44650492010472154,0.12629773404351363,Pass
EOG7BCZX5|Bradysia_coprophila|JSM_7334_S8_SPM|NODE_9594_length_166_cov_272_AU,0.1280292628190932,0.44650492010472154,0.12629773404351363,Pass
EOG7BCZX5|Glossina_morsitans|JSM_642_S1_SPM_1|NODE_215922_length_274_cov_705_AU,0.170691298831351,0.793989077978156,0.2882905765811532,Pass
EOG7BCZX5|Glossina_morsitans|JSM_642_S1_SPM_2|NODE_12338_length_932_cov_1.242236_S,0.35968485651087023,0.7248005542241649,0.1447755751948802,Pass
EOG7BCZX5|Glossina_morsitans|JSM_6712_S3_SPM|NODE_1001753_length_138_cov_216_AU,0.34528749259039715,0.40267905087346134,0.1168712298197287,Pass
EOG7BCZX5|Aedes_aegypti|JSM_6892_S6_SPM|NODE_297627_length_193_cov_326_AU,0.2536813922356091,0.5535604047610382,0.14079277836421217,Pass
EOG7BCZX5|Anopheles_stephensi|JSM_7037_II_S3_SPM|NODE_12645_length_117_cov_174_AU,0.2989922192613768,0.6411443837152265,0.15379230607525746,Pass
EOG7BCZX5|Rhagoletis_pomonella|JSM_7192_S14_SPM|NODE_1712954_length_169_cov_278_AU,0.15219034339305731,0.5426165165686166,0.15464567922653505,Pass
EOG7BCZX5|Hermetia_illucens|JSM_7804_S15_SPM|NODE_12507_length_601_cov_1.257384_S,0.4125761103721401,0.9021480315958434,0.22255850299907065,Pass
EOG7BCZX5|Hermetia_illucens|JSM_7821_S9_SPM|NODE_109657_length_723_cov_1.994966_R,0.35024429198309526,0.6914279877927626,0.15044169749358716,Pass
EOG7BCZX5|Aedes_aegypti|JSM_8315_S13_SPM|NODE_311735_length_326_cov_714_AU,0.25506059824651883,0.4464209474234042,0.09334811789849379,Pass
EOG7BCZX5|Hermetia_illucens|JSM_8315_S13_SPM_1|NODE_638093_length_369_cov_878_AU,0.2052464747107076,0.5547259339512861,0.1502186910637615,Pass
EOG7BCZX5|Hermetia_illucens|JSM_8601_S5_SPM|NODE_1257061_length_158_cov_256_AU,0.32302666073257574,0.524377124279592,0.10085710063543663,Pass
EOG7BCZX5|Aedes_aegypti|JSM_9724_S16_SPM|NODE_437203_length_281_cov_725_AU,0.2255842944413237,0.4579691072093736,0.09507828022633946,Pass
EOG7BCZX5|Bactrocera_oleae|JSM_9724_S16_SPM_2|NODE_1956205_length_363_cov_718_AU,0.21714171511908542,0.7500671526252921,0.26305571654408866,Pass
EOG7BCZX5|Glossina_morsitans|JSM_9724_S16_SPM_1|NODE_2406251_length_215_cov_370_AU,0.2636512728861188,0.40796442430338814,0.10217705654875575,Pass
EOG7BCZX5|Hermetia_illucens|JSS13087_S84_SPM|NODE_196055_length_344_cov_628_A,0.2412177638600731,0.6790773759862697,0.18363328645324306,Pass
EOG7BCZX5|Glossina_morsitans|JSS13088_S4_SPM|NODE_35298_length_183_cov_306_A,0.18969244684624834,0.37850187265917595,0.07677902621722843,Pass
EOG7BCZX5|Glossina_morsitans|JSS15410_S10_SPM|NODE_7304_length_129_cov_198_AU,0.39630988846117887,0.8275518216561543,0.1780657834569585,Pass
EOG7BCZX5|Hermetia_illucens|JSS16919_S15_SPM|NODE_51390_length_136_cov_212_AU,0.3147289487461094,0.6577426721916284,0.14844322220112305,Pass
EOG7BCZX5|Hermetia_illucens|JSS17053_S20_SPM|NODE_42968_length_213_cov_366_AU,0.2971059492411367,0.6422373247155477,0.14510900442956193,Pass
EOG7BCZX5|Ceratitis_capitata|JSS17104_S21_SPM|NODE_74313_length_310_cov_560_A,0.30022774068417135,0.6383744927207382,0.179393312259727,Pass
EOG7BCZX5|Hermetia_illucens|JSS17490_S89_SPM|NODE_20008_length_221_cov_382_AU,0.202642442185031,0.5342171711924194,0.13955275831077818,Pass
EOG7BCZX5|Scaptodrosophila_lebanonensis|JSS19037_S73_SPM|NODE_56615_length_147_cov_234_AU,0.3077819343586604,0.6336245353159852,0.1412639405204461,Pass
EOG7BCZX5|Hermetia_illucens|JSS50551_S55_SPM|NODE_88078_length_124_cov_188_AU,0.12948542660020787,0.4541461411801671,0.13975559146843358,Pass
EOG7BCZX5|Drosophila_melanogaster|Sample_487784_S4_SPM|NODE_109780_length_247_cov_434_AU,0.298015584625323,0.4087514750412637,0.07543657240608559,Pass
EOG7BCZX5|Hermetia_illucens|Sample_655211_S1_SPM|NODE_8310_length_617_cov_1.012245_S,0.3320635782021182,0.5455972222222222,0.10681581828133552,Pass
EOG7BCZX5|Hermetia_illucens|Sander_Bot_Spec_74_S41_SPM|NODE_1617_length_431_cov_2.598684_S,0.22452666075865252,0.6206383472153262,0.16779167012649054,Pass
EOG7BCZX5|Ceratitis_capitata|JXPC01.1|JXPC01017292.1,0.21146006855169483,0.6380235052283493,0.22182500670301186,Pass
EOG7BCZX5|Scaptodrosophila_lebanonensis|JXPC01.1_1|JXPC01004347.1_1,0.3317397226684273,0.5933782481301565,0.12582515964420976,Pass
EOG7BCZX5|Glossina_morsitans|CAJZLI01_1|CAJZLI010000475.1_1710,0.28130659975446515,0.5366001269126269,0.15418235353580184,Pass
EOG7BCZX5|Glossina_morsitans|CAJVCN01_1|CAJVCN010000177.1_288,0.22487826267525443,0.5613530874430169,0.19494405304600082,Pass
EOG7BCZX5|Glossina_morsitans|CAKJUZ01.1_1|CAKJUZ010001867.1_24,0.22229815439243722,0.462219084577804,0.10339212085513322,Pass
EOG7BCZX5|Glossina_morsitans|CAKKXW01|CAKKXW010000002.1_400,0.23119324825827026,0.6761731385883929,0.18228443567426622,Pass
EOG7BCZX5|Aedes_aegypti|CAJSMG01|CAJSMG010000301.1_2287,0.20995303069638244,0.7012708801889037,0.20273434518919553,Pass
EOG7BCZX5|Glossina_morsitans|CAJSMG01_1|CAJSMG010000301.1_2288,0.2766481711088857,0.5786815738083316,0.12844529879834105,Pass
EOG7BCZX5|Glossina_morsitans|CAJSMG01_2|CAJSMG010000301.1_2286,0.296174639725302,0.5342833249369479,0.15258455906981627,Pass
EOG7BCZX5|Glossina_morsitans|CAKLPK01.1|CAKLPK010000005.1_180,0.20102201659688484,0.47936683801957575,0.1334336600907206,Pass
EOG7BCZX5|Ceratitis_capitata|CAKLPK01.1_1|CAKLPK010000005.1_179,0.2107501992847164,0.5475762394273364,0.1421338415759248,Pass
EOG7BCZX5|Hermetia_illucens|CAJMZT01.1|CAJMZT010000034.1_453,0.3662365766564315,0.6793544767748056,0.12831822442433727,Pass
EOG7BCZX5|Aedes_aegypti|CAJMZT01.1_2|CAJMZT010000034.1_454,0.21511074285889428,0.5099623420569158,0.15434476272605702,Pass
EOG7BCZX5|Aedes_aegypti|CAJSMD01.1|CAJSMD010000140.1_663,0.36842244601278284,nan,nan,Fail
EOG7BCZX5|Stomoxys_calcitrans|CAJVCN01|CAJVCN010000177.1_289,0.175877045496554,0.4972388169540321,0.13918778918149993,Pass
EOG7BCZX5|Stomoxys_calcitrans|CAJZBV01|CAJZBV010000161.1_8053,0.17388384000470125,0.4972388169540321,0.13918778918149993,Pass
EOG7BCZX5|Aedes_aegypti|CAJZLI01|CAJZLI010000475.1_1711,0.3092286031770896,nan,nan,Fail
EOG7BCZX5|Glossina_morsitans|CAKAIX01.1|CAKAIX010000055.1_405,0.39111063993798983,nan,nan,Fail
EOG7BCZX5|Glossina_morsitans|CAKAJG01.1|CAKAJG010000400.1_169,0.342406974268582,nan,nan,Fail
EOG7BCZX5|Glossina_morsitans|CAKJUZ01.1|CAKJUZ010001867.1_23,0.33665684986197353,nan,nan,Fail
EOG7BCZX5|Glossina_morsitans|GAVA02.1|GAVA02002055.1,0.32986466644324325,nan,nan,Fail
EOG7BCZX5|Lucilia_sericata|GCNB01.1_1|GCNB01007947.1,0.37351689017387985,0.6722101000573009,0.12467918540298745,Pass
EOG7BCZX5|Lucilia_sericata|GHEX01.1|GHEX01002835.1,0.3892888734779649,0.7378459418141389,0.15256416195682387,Pass
EOG7BCZX5|Aedes_aegypti|JSM_10699_S3_SPM|NODE_19998_length_920_cov_1.881463_S,0.1536879611468639,0.4932981899347305,0.13447500100965637,Pass
EOG7BCZX5|Glossina_morsitans|JSM_11384_S6_SPM|NODE_460_length_4163_cov_1.536422_S,0.21667284826295008,0.669676333881681,0.17780388070412007,Pass
