EOG799D90|Glossina_morsitans|130501_249_44|s6607_L_13816_0_a_8_7_l_1531,0.1245177405915085,0.6822790132094716,0.24278579075589868,Pass
EOG799D90|Stomoxys_calcitrans|130501_249_44_1|C79057_a_5_0_l_357,0.15853237546227006,0.6210735051846109,0.19161255935652677,Pass
EOG799D90|Zeugodacus_cucurbitae|130919_247_37|C80272_a_3_0_l_688,0.21509328735738686,0.6583392514198677,0.21753225252044261,Pass
EOG799D90|Zeugodacus_cucurbitae|130919_247_37_1|s7218_L_17753_0_a_13_2_l_2172,0.14311246127424726,0.637865863570951,0.2295031088173195,Pass
EOG799D90|Lucilia_sericata|GAZD02.1|GAZD02018235.1,0.1584389120901954,0.6149482617144854,0.20342707607901978,Pass
EOG799D90|Lucilia_sericata|130928_232_71|C102988_a_18_0_l_6923,0.17494847572380368,0.6149482617144854,0.20342707607901978,Pass
EOG799D90|Lucilia_sericata|130919_247_21|C130386_a_10_0_l_1997,0.16627469361424183,0.7018800219246429,0.24369218751180133,Pass
EOG799D90|Stomoxys_calcitrans|130928_232_22|C76021_a_27_0_l_3457,0.18389517023030094,0.6377741575020902,0.2118250369798701,Pass
EOG799D90|Lucilia_sericata|130928_232_84|C51760_a_3_0_l_1063,0.2054757744783629,0.6520975794220704,0.21085418200396655,Pass
EOG799D90|Bactrocera_oleae|130928_232_84_1|s1330_L_2115_0_a_3_2_l_857,0.1209018808138431,0.486113181887083,0.16389006691771457,Pass
EOG799D90|Lucilia_sericata|130928_232_84_2|C53264_a_10_0_l_1195,0.15791650483207803,0.724618015380761,0.2604704717432026,Pass
EOG799D90|Lucilia_sericata|120429_266_9|s7073_L_19215_1_a_27_4_l_1171,0.1697871873008596,0.640992348030822,0.21255427470645794,Pass
EOG799D90|Drosophila_melanogaster|120429_266_9_1|C77058_a_8_0_l_576,0.11009432092643912,0.6027318877256872,0.21663096261661807,Pass
EOG799D90|Rhagoletis_pomonella|130928_232_126|C99121_a_4_0_l_326,0.14945789094720782,0.3835585841798571,0.14041480401828432,Pass
EOG799D90|Teleopsis_dalmanni|130928_232_126_1|C122831_a_6_0_l_712,0.28981366800083574,0.6219325464202876,0.22394263430645295,Pass
EOG799D90|Drosophila_ficusphila|130919_247_17|C60868_a_4_0_l_526,0.1821881641654142,0.5885457865957767,0.1906330372387559,Pass
EOG799D90|Scaptodrosophila_lebanonensis|131012_246_93|C68775_a_3_0_l_499,0.15839385088022148,0.6807247533193598,0.24357013089097573,Pass
EOG799D90|Zeugodacus_cucurbitae|130919_247_71|s5187_L_18462_0_a_3_0_l_1812,0.18069263834527674,0.6993788340900425,0.2417166325858663,Pass
EOG799D90|Lucilia_sericata|GCFU01.1|GCFU01019083.1,0.16355159007944553,0.6150944578666314,0.20352790101153428,Pass
EOG799D90|Lucilia_sericata|GAVA02.1|GAVA02001107.1,0.14053293157352628,0.7020031651319123,0.2405707112013743,Pass
EOG799D90|Drosophila_melanogaster|GAVA02.1_1|GAVA02008534.1,0.12385115419610584,0.48946164510166357,0.14671903881700554,Pass
EOG799D90|Lucilia_sericata|GCGG01.1|GCGG01013985.1,0.14533841402659886,0.6104154208528266,0.2050562679431016,Pass
EOG799D90|Glossina_morsitans|GCGG01.1_2|GCGG01011259.1,0.18770017507654513,0.8437152662302082,0.281784982405463,Pass
EOG799D90|Lucilia_sericata|GCGG01.1_1|GCGG01008271.1,0.17404544801059393,0.5630384227652357,0.16997457924867554,Pass
EOG799D90|Musca_domestica|GCFV01.1|GCFV01000291.1,0.1706042245228774,0.5735969205187509,0.1763188200594522,Pass
EOG799D90|Zeugodacus_cucurbitae|GCFV01.1_1|GCFV01022580.1,0.11454690837644552,0.639440750367359,0.23023825320017938,Pass
EOG799D90|Lucilia_sericata|GCGH01.1|GCGH01017917.1,0.16591579245519605,0.6940680185377226,0.2361762430434906,Pass
EOG799D90|Lucilia_sericata|GCGH01.1_1|GCGH01003998.1,0.19118421109648284,0.5645158146035402,0.18312189211399232,Pass
EOG799D90|Teleopsis_dalmanni|GCNK01.1|GCNK01046334.1,0.12810469675570388,0.6827977684052208,0.24440240341434244,Pass
EOG799D90|Lucilia_sericata|GCNK01.1_1|GCNK01080901.1,0.16292837130672444,0.6197652457325648,0.19190990141690545,Pass
EOG799D90|Lucilia_sericata|GCGQ01.1|GCGQ01028997.1,0.16582220095664027,0.6151019184652279,0.19004796163069548,Pass
EOG799D90|Lucilia_sericata|GDDE01.1|GDDE01004450.1,0.2389387732914444,0.6842365055037968,0.24491943816369077,Pass
EOG799D90|Stomoxys_calcitrans|GDDE01.1_1|GDDE01023693.1,0.23870978390132788,0.5214280260467695,0.16196785869027408,Pass
EOG799D90|Lucilia_sericata|GCGS01.1|GCGS01016575.1,0.16790732947142656,0.6867884243912113,0.23326216702249825,Pass
EOG799D90|Scaptodrosophila_lebanonensis|GDDH01.1|GDDH01041045.1,0.16271060205398422,0.7010184278370879,0.2432580872312109,Pass
EOG799D90|Scaptodrosophila_lebanonensis|GDDH01.1_1|GDDH01063157.1,0.1585890288058434,0.5690849648683193,0.17842042574089445,Pass
EOG799D90|Stomoxys_calcitrans|GDDH01.1_2|GDDH01040739.1,0.16548650945604018,0.5545734109028578,0.171685067514867,Pass
EOG799D90|Lucilia_sericata|GCFJ01.1|GCFJ01001962.1,0.16677554068542325,0.5566905107471144,0.16627272098970203,Pass
EOG799D90|Lucilia_sericata|GCNJ01.1|GCNJ01032307.1,0.16561950670363335,0.6156630395496572,0.20371710534098342,Pass
EOG799D90|Stomoxys_calcitrans|GCMS01.1|GCMS01015797.1,0.1395088863796349,0.5402724938732641,0.17291010230676473,Pass
EOG799D90|Teleopsis_dalmanni|GCMS01.1_1|GCMS01024622.1,0.12553227632158886,0.7320134481059177,0.26241615341896013,Pass
EOG799D90|Lucilia_sericata|GDDC01.1|GDDC01029959.1,0.1951307642458681,0.6844378601700325,0.23920660157549756,Pass
EOG799D90|Stomoxys_calcitrans|GDDC01.1_1|GDDC01036062.1,0.17031781183697783,0.521788629327329,0.16308724446716483,Pass
EOG799D90|Lucilia_sericata|GIFH01.1|GIFH01032600.1,0.13434541718329251,0.612816744014879,0.20184103130586317,Pass
EOG799D90|Lucilia_sericata|GIFT01.1|GIFT01018424.1,0.1424417983697291,0.612816744014879,0.20184103130586317,Pass
EOG799D90|Stomoxys_calcitrans|GIGO01.1|GIGO01006865.1,0.1323809598231197,0.5208006758204698,0.16537322388470443,Pass
EOG799D90|Glossina_morsitans|GIGO01.1_4|GIGO01031726.1,0.13224966103628277,0.5651912793089264,0.18534305451141153,Pass
EOG799D90|Lucilia_sericata|GIGO01.1_1|GIGO01017300.1,0.13400143259324784,0.6516181640561186,0.22517463553612616,Pass
EOG799D90|Lucilia_sericata|GIGO01.1_2|GIGO01025436.1,0.15704337567522328,0.5264652818298519,0.16824366903956123,Pass
EOG799D90|Drosophila_melanogaster|GIGO01.1_3|GIGO01008630.1,0.06290043487283224,0.39173518260557993,0.1476273522647918,Pass
EOG799D90|Scaptodrosophila_lebanonensis|GIGU01.1|GIGU01034735.1,0.24138790317098055,0.5555900880868032,0.1778880898353995,Pass
EOG799D90|Zeugodacus_cucurbitae|GIFO01.1|GIFO01054675.1,0.15088139686689025,0.6504248510805889,0.21585684044700437,Pass
EOG799D90|Teleopsis_dalmanni|GIFO01.1_2|GIFO01057379.1,0.06498522669410393,0.343199483289358,0.1167821020228672,Pass
EOG799D90|Lucilia_sericata|GIFO01.1_1|GIFO01004219.1,0.10532211286291343,0.45410848348348365,0.14347383097383104,Pass
EOG799D90|Lucilia_sericata|GIFE01.1|GIFE01026305.1,0.1606795580323679,0.612818915485484,0.2016638768625696,Pass
EOG799D90|Lucilia_sericata|GIGW01.1|GIGW01021673.1,0.15316476778783492,0.5541551909587107,0.17410907050643942,Pass
EOG799D90|Stomoxys_calcitrans|GIGW01.1_5|GIGW01021675.1,0.1601115182689534,0.572245989304813,0.17914438502673802,Pass
EOG799D90|Lucilia_sericata|GIGW01.1_1|GIGW01021689.1,0.16491246671567725,0.7142390488682496,0.24002710629868063,Pass
EOG799D90|Drosophila_ficusphila|GIGW01.1_2|GIGW01021688.1,0.07540308256847039,0.4137091859025483,0.14576225648299534,Pass
EOG799D90|Lucilia_sericata|GIGW01.1_4|GIGW01021681.1,0.18365282548999667,0.5581744540726999,0.16313500170908057,Pass
EOG799D90|Scaptodrosophila_lebanonensis|GIGW01.1_3|GIGW01021674.1,0.12429909745268282,0.6347003930582588,0.22694933995707883,Pass
EOG799D90|Lucilia_sericata|GIGW01.1_6|GIGW01021684.1,0.2113529912650316,0.7579108703493652,0.25001412410963786,Pass
EOG799D90|Lucilia_sericata|GIGM01.1|GIGM01031479.1,0.1573089207785536,0.6771705973204498,0.2276519591475913,Pass
EOG799D90|Stomoxys_calcitrans|GIGM01.1_1|GIGM01031480.1,0.13325944741521364,0.48569624774107434,0.15459213161193697,Pass
EOG799D90|Glossina_morsitans|GIGV01.1|GIGV01004821.1,0.13785977595626747,0.728559958313652,0.2564405957752489,Pass
EOG799D90|Glossina_morsitans|GIGV01.1_5|GIGV01009080.1,0.22587398711129328,0.7339897195004372,0.22720800914818717,Pass
EOG799D90|Stomoxys_calcitrans|GIGV01.1_4|GIGV01009626.1,0.14868764600797033,0.41492983051806587,0.12412641824406534,Pass
EOG799D90|Musca_domestica|GIGV01.1_2|GIGV01009081.1,0.15032859013581387,0.4386382900313248,0.13265155702966647,Pass
EOG799D90|Stomoxys_calcitrans|GIFM01.1|GIFM01025850.1,0.1321097596356891,0.6137325317577405,0.20598683248232708,Pass
EOG799D90|Lucilia_sericata|GIFM01.1_1|GIFM01025849.1,0.15775702091248178,0.6082922152347682,0.19036461009161798,Pass
EOG799D90|Aedes_aegypti|GIGR01.1|GIGR01035221.1,0.12436563145825355,0.49063518205287976,0.17477076471111896,Pass
EOG799D90|Rhagoletis_pomonella|GIGR01.1_2|GIGR01035218.1,0.22973800368454517,0.8079202748177023,0.29039310046636335,Pass
EOG799D90|Drosophila_ficusphila|GIGP01.1_1|GIGP01012068.1,0.12465322805090687,0.6803620660300552,0.2403919614185938,Pass
EOG799D90|Lucilia_sericata|GIGP01.1_2|GIGP01012069.1,0.14701836695773526,0.5574162862214854,0.1792229415096419,Pass
EOG799D90|Scaptodrosophila_lebanonensis|GIGT01.1_2|GIGT01013019.1,0.07528416444936797,0.5499278206265784,0.2076820694833117,Pass
EOG799D90|Ceratitis_capitata|AB33593873_S12_SPM|NODE_44771_length_211_cov_362_AU,0.17201983105198815,0.7121815718157182,0.24661246612466126,Pass
EOG799D90|Rhagoletis_pomonella|AB33593873_S12_SPM_1|NODE_139675_length_228_cov_396_AU,0.1729182947028459,0.8170950297828277,0.29323308728411757,Pass
EOG799D90|Zeugodacus_cucurbitae|AHE_101_S25_merged_SPM|NODE_9532_length_251_cov_0.764368_R,0.14683238117933584,0.6711487398177608,0.2447652046442671,Pass
EOG799D90|Drosophila_ficusphila|AHE_105_S55_merged_SPM|NODE_11347_length_445_cov_0.766304_R,0.1331477447490116,0.517811819512087,0.17281272024499927,Pass
EOG799D90|Drosophila_ficusphila|AHE_271_S21_SPM|NODE_58134_length_445_cov_1.682065_R,0.13310717166450758,0.517811819512087,0.17281272024499927,Pass
EOG799D90|Lucilia_sericata|AHE_108_S50_merged_SPM|NODE_20314_length_264_cov_0.791444_R,0.21898709827747403,0.5634278367728577,0.16117010619114402,Pass
EOG799D90|Lucilia_sericata|AHE_110_S11_merged_SPM|NODE_19209_length_323_cov_1.414634_R,0.1674968632000079,0.5635076260948352,0.18253548776804585,Pass
EOG799D90|Teleopsis_dalmanni|AHE_111_S34_merged_SPM|NODE_2098_length_426_cov_0.822350_S,0.24260807973911666,0.6704573033247242,0.20948632804493084,Pass
EOG799D90|Teleopsis_dalmanni|AHE_113_S4_merged_SPM|NODE_41810_length_232_cov_0.954839_R,0.17062481181114011,0.5071843296394569,0.15656313407210865,Pass
EOG799D90|Lucilia_sericata|AHE_115_S22_merged_SPM|NODE_64412_length_241_cov_0.884146_R,0.29504074170666394,0.9255483088123766,0.32633095707568627,Pass
EOG799D90|Musca_domestica|AHE_116_S35_merged_SPM|NODE_32013_length_233_cov_0.737179_R,0.2472117754358231,0.5862887743448874,0.17227383561221032,Pass
EOG799D90|Stomoxys_calcitrans|AHE_117_S52_merged_SPM|NODE_18557_length_297_cov_0.672727_S,0.1767506037584137,0.4286538682103075,0.12651378684531878,Pass
EOG799D90|Bradysia_coprophila|AHE_118_S50_merged_SPM|NODE_4840_length_293_cov_0.680556_S,0.18157894736842103,0.2895238095238094,0.08333333333333326,Pass
EOG799D90|Zeugodacus_cucurbitae|AHE_120_S31_merged_SPM|NODE_104550_length_263_cov_0.795699_R,0.14966722480322572,0.7906027621105899,0.2912129039059618,Pass
EOG799D90|Lucilia_sericata|AHE_121_S5_merged_SPM|NODE_4695_length_573_cov_0.756048_S,0.17395172654049432,0.5656747924285855,0.18506068286759203,Pass
EOG799D90|Teleopsis_dalmanni|AHE_122_S39_merged_SPM|NODE_41370_length_306_cov_0.903930_R,0.11233994650188671,0.43560273773353175,0.14958142090632887,Pass
EOG799D90|Drosophila_ficusphila|AHE_122_S39_merged_SPM_1|NODE_77783_length_233_cov_0.698718_S,0.21534453226338807,0.42400698752392596,0.12157830408412706,Pass
EOG799D90|Teleopsis_dalmanni|AHE_123_S56_merged_SPM|NODE_38473_length_278_cov_0.721393_S,0.22710679739282938,0.6465374993745935,0.21022664732075846,Pass
EOG799D90|Glossina_morsitans|AHE_123_S56_merged_SPM_1|NODE_67317_length_250_cov_0.838150_R,0.3048379676772207,0.6709218500565285,0.19180847295612136,Pass
EOG799D90|Teleopsis_dalmanni|AHE_126_S12_merged_SPM|NODE_18994_length_319_cov_1.528926_R,0.16708406151996977,0.5574530261542819,0.17952978944386744,Pass
EOG799D90|Teleopsis_dalmanni|AHE_127_S63_merged_SPM|NODE_44700_length_236_cov_0.930818_R,0.16072619405060434,0.6084082662620399,0.19911927694946563,Pass
EOG799D90|Scaptodrosophila_lebanonensis|AHE_127_S63_merged_SPM_2|NODE_22156_length_256_cov_0.765363_R,0.13376237611899008,0.5057439631801274,0.1723724859718807,Pass
EOG799D90|Lucilia_sericata|AHE_127_S63_merged_SPM_1|NODE_24230_length_263_cov_0.747312_S,0.22731358980912242,0.6612717943196031,0.21355741276060003,Pass
EOG799D90|Lucilia_sericata|AHE_129_S7_merged_SPM|NODE_5754_length_310_cov_1.270386_R,0.2035415893620926,0.6537473897459872,0.20516752376499925,Pass
EOG799D90|Lucilia_sericata|AHE_129_S7_merged_SPM_1|NODE_65576_length_255_cov_0.724719_S,0.2399440321941283,0.9884167677379598,0.3584555561376754,Pass
EOG799D90|Rhagoletis_pomonella|AHE_129_S7_merged_SPM_2|NODE_48100_length_270_cov_0.766839_S,0.12423041074761551,0.4552558139534883,0.14106312292358802,Pass
EOG799D90|Stomoxys_calcitrans|AHE_12_S18_merged_SPM|NODE_13448_length_383_cov_1.571895_S,0.11375880637682073,0.49036791271973657,0.17935759415319436,Pass
EOG799D90|Lucilia_sericata|AHE_130_S26_merged_SPM|NODE_122157_length_130_cov_200_AU,0.14202237727866904,0.6985314160620023,0.2455025334110128,Pass
EOG799D90|Rhagoletis_pomonella|AHE_132_S13_merged_SPM|NODE_22300_length_352_cov_0.792727_S,0.18170363524595062,0.34367623604465725,0.10047846889952161,Pass
EOG799D90|Scaptodrosophila_lebanonensis|AHE_132_S13_merged_SPM_1|NODE_36095_length_267_cov_0.778947_R,0.17526128716440043,0.5241536748329622,0.1609926821508113,Pass
EOG799D90|Musca_domestica|AHE_135_S42_merged_SPM|NODE_6082_length_415_cov_0.825444_S,0.22922945442877415,0.598983327059558,0.17543862870573546,Pass
EOG799D90|Scaptodrosophila_lebanonensis|AHE_135_S42_merged_SPM_1|NODE_14586_length_257_cov_0.766667_R,0.07281210367834595,0.47225427350427346,0.17488211022693778,Pass
EOG799D90|Lucilia_sericata|AHE_135_S42_merged_SPM_2|NODE_17034_length_276_cov_0.743719_S,0.23410860107111647,0.9864010973562353,0.35314537343690966,Pass
EOG799D90|Scaptodrosophila_lebanonensis|AHE_136_S35_merged_SPM|NODE_5925_length_252_cov_0.754286_R,0.055173318996256944,0.3145186414708886,0.11427477017364657,Pass
EOG799D90|Teleopsis_dalmanni|AHE_136_S35_merged_SPM_1|NODE_17094_length_260_cov_0.808743_R,0.1602301019650798,0.38507721445221443,0.11261655011655014,Pass
EOG799D90|Stomoxys_calcitrans|AHE_138_S13_merged_SPM|NODE_15758_length_352_cov_1.483636_S,0.10702577366292076,0.48378243143068944,0.16749444032616756,Pass
EOG799D90|Lucilia_sericata|AHE_138_S13_merged_SPM_4|NODE_3157_length_238_cov_0.732919_R,0.21040063862857872,0.4533996019625162,0.13881823309671026,Pass
EOG799D90|Musca_domestica|AHE_138_S13_merged_SPM_1|NODE_11790_length_387_cov_0.751613_S,0.27251369129475106,0.618869852147979,0.18119804556126662,Pass
EOG799D90|Lucilia_sericata|AHE_138_S13_merged_SPM_5|NODE_49646_length_244_cov_1.610778_S,0.18960332226243923,0.37286645411770747,0.10061964877998608,Pass
EOG799D90|Zeugodacus_cucurbitae|AHE_138_S13_merged_SPM_3|NODE_187558_length_228_cov_396_A,0.15160362818816236,0.4897072963800903,0.15172511312217185,Pass
EOG799D90|Scaptodrosophila_lebanonensis|AHE_138_S13_merged_SPM_2|NODE_15834_length_352_cov_0.734545_S,0.11067037397865527,0.44078462684295416,0.16366056296357107,Pass
EOG799D90|Lucilia_sericata|AHE_13_S26_merged_SPM|NODE_76113_length_262_cov_0.756757_S,0.20825967854240165,0.5349206616361374,0.1506026349500219,Pass
EOG799D90|Zeugodacus_cucurbitae|AHE_13_S26_merged_SPM_1|NODE_98641_length_244_cov_0.886228_S,0.126484756728895,0.6585714285714286,0.23760932944606417,Pass
EOG799D90|Rhagoletis_pomonella|AHE_141_S15_merged_SPM|NODE_27402_length_278_cov_1.104478_R,0.15377162488777518,0.5417731233216447,0.18273644792274024,Pass
EOG799D90|Rhagoletis_pomonella|AHE_143_S57_merged_SPM|NODE_14999_length_386_cov_0.624595_S,0.14754995872691093,0.38491789331464155,0.1245212771360944,Pass
EOG799D90|Rhagoletis_pomonella|AHE_143_S57_merged_SPM_2|NODE_43928_length_262_cov_0.800000_R,0.17081927386681012,0.5812452326468345,0.19172387490465292,Pass
EOG799D90|Scaptodrosophila_lebanonensis|AHE_143_S57_merged_SPM_1|NODE_72645_length_245_cov_0.672619_S,0.05975041922966927,0.3029409073808059,0.10941055098348634,Pass
EOG799D90|Lucilia_sericata|AHE_145_S52_merged_SPM|NODE_6055_length_238_cov_0.776398_R,0.2310788940715564,0.7391724565756824,0.25476426799007446,Pass
EOG799D90|Musca_domestica|AHE_146_S23_merged_SPM|NODE_44571_length_391_cov_0.773885_R,0.2423103320984623,0.585295598890189,0.17438756591145177,Pass
EOG799D90|Teleopsis_dalmanni|AHE_146_S23_merged_SPM_1|NODE_35345_length_354_cov_1.032491_S,0.1454939064603354,0.4085103455921629,0.14448554237510203,Pass
EOG799D90|Stomoxys_calcitrans|AHE_146_S23_merged_SPM_2|NODE_96319_length_320_cov_1.156379_R,0.11251334070674833,0.4343628458498022,0.1526640316205533,Pass
EOG799D90|Glossina_morsitans|AHE_147_S43_merged_SPM|NODE_7697_length_255_cov_0.831461_R,0.16497189329656226,0.5125965758697733,0.17341312750770116,Pass
EOG799D90|Bactrocera_dorsalis|AHE_147_S43_merged_SPM_1|NODE_30036_length_239_cov_0.913580_R,0.2280956896175619,0.7129638009049774,0.2354813543454517,Pass
EOG799D90|Glossina_morsitans|AHE_14_S48_merged_SPM|NODE_77103_length_143_cov_270_AU,0.12854529569739506,0.5098875181422352,0.1598693759071118,Pass
EOG799D90|Teleopsis_dalmanni|AHE_151_S53_merged_SPM|NODE_9585_length_370_cov_0.832765_S,0.0755229320284926,0.3517791411042944,0.11963190184049077,Pass
EOG799D90|Lucilia_sericata|AHE_151_S53_merged_SPM_3|NODE_31733_length_243_cov_0.891566_R,0.16967554578525249,0.5654140957082133,0.18072123954476893,Pass
EOG799D90|Stomoxys_calcitrans|AHE_151_S53_merged_SPM_2|NODE_21443_length_277_cov_0.740000_S,0.2184679053165917,0.6182177677395068,0.1912064746847355,Pass
EOG799D90|Lucilia_sericata|AHE_151_S53_merged_SPM_1|NODE_5566_length_459_cov_1.159686_S,0.1877923219740199,0.7686143069821909,0.2643814198595962,Pass
EOG799D90|Ceratitis_capitata|AHE_152_S44_merged_SPM|NODE_3117_length_658_cov_0.938038_S,0.14376523589935916,0.4838514654656769,0.1554748249533796,Pass
EOG799D90|Lucilia_sericata|AHE_152_S44_merged_SPM_1|NODE_12729_length_365_cov_0.770833_R,0.12585317663419263,0.7317653782142629,0.26720558271603534,Pass
EOG799D90|Glossina_morsitans|AHE_152_S44_merged_SPM_2|NODE_37552_length_269_cov_1.541667_R,0.2039974237674621,0.523802231558025,0.14502868500700183,Pass
EOG799D90|Bactrocera_oleae|AHE_157_S17_merged_SPM|NODE_10558_length_463_cov_1.186528_S,0.13289027485470561,0.46705997439019525,0.15881366008700482,Pass
EOG799D90|Lucilia_sericata|AHE_157_S17_merged_SPM_1|NODE_3596_length_757_cov_0.641176_S,0.2320522263402729,0.6002521993601861,0.19898029664097716,Pass
EOG799D90|Musca_domestica|AHE_157_S17_merged_SPM_2|NODE_30909_length_307_cov_2.126087_S,0.2024378561203723,0.43005764928583734,0.15066499496029706,Pass
EOG799D90|Rhagoletis_pomonella|AHE_159_S37_merged_SPM|NODE_40792_length_274_cov_1.126904_R,0.2191715282106979,0.6917309342157675,0.24238594233538624,Pass
EOG799D90|Scaptodrosophila_lebanonensis|AHE_159_S64_merged_SPM|NODE_32851_length_428_cov_0.806268_R,0.1582513281956049,0.5454331965344278,0.1831746652149232,Pass
EOG799D90|Ceratitis_capitata|AHE_159_S64_merged_SPM_1|NODE_13744_length_247_cov_0.870588_R,0.1652232150839951,0.6725435984242917,0.22576617242928643,Pass
EOG799D90|Lucilia_sericata|AHE_161_S18_merged_SPM|NODE_47340_length_237_cov_0.925000_R,0.17158686402377973,0.6121499231521587,0.2012798658655861,Pass
EOG799D90|Zeugodacus_cucurbitae|AHE_161_S18_merged_SPM_2|NODE_23368_length_445_cov_0.804348_S,0.14849793895264302,0.669452954518216,0.2318049120236262,Pass
EOG799D90|Musca_domestica|AHE_161_S18_merged_SPM_1|NODE_83004_length_269_cov_0.666667_S,0.09871449356147217,0.47315085459499634,0.17252910577161262,Pass
EOG799D90|Hermetia_illucens|AHE_162_S18_merged_SPM|NODE_21455_length_118_cov_176_AU,0.11027391983060003,0.5263953488372094,0.17674418604651165,Pass
EOG799D90|Lucilia_sericata|AHE_166_S24_merged_SPM|NODE_13280_length_431_cov_0.618644_S,0.20067071883730628,0.7312972893386857,0.24212141406940169,Pass
EOG799D90|Lucilia_sericata|AHE_166_S24_merged_SPM_3|NODE_38989_length_295_cov_0.628440_S,0.3069597984697724,0.7912654733279901,0.24322862995051087,Pass
EOG799D90|Lucilia_sericata|AHE_166_S24_merged_SPM_2|NODE_11115_length_243_cov_0.891566_R,0.1767260239644013,0.5926856082238722,0.19231867504283273,Pass
EOG799D90|Zeugodacus_cucurbitae|AHE_166_S24_merged_SPM_1|NODE_6202_length_454_cov_0.848806_R,0.17091227812712403,0.6670836219309918,0.22083872555274053,Pass
EOG799D90|Teleopsis_dalmanni|AHE_167_S32_merged_SPM|NODE_70002_length_259_cov_1.032967_R,0.07810416350010757,0.3742740833468708,0.12858944833583374,Pass
EOG799D90|Scaptodrosophila_lebanonensis|AHE_167_S32_merged_SPM_1|NODE_5091_length_577_cov_0.750000_S,0.2231567077688918,0.6637499237857051,0.23650170363841128,Pass
EOG799D90|Stomoxys_calcitrans|AHE_168_S70_merged_SPM|NODE_9271_length_519_cov_0.660633_S,0.15233047359986476,0.5086497191264971,0.17276829605153776,Pass
EOG799D90|Lucilia_sericata|AHE_168_S70_merged_SPM_1|NODE_62689_length_268_cov_0.853403_S,0.18677777985217373,0.6885390946502058,0.23868312757201648,Pass
EOG799D90|Lucilia_sericata|AHE_169_S19_merged_SPM|NODE_55088_length_262_cov_0.740541_S,0.1579437299670551,0.5954597559753242,0.19854113702012888,Pass
EOG799D90|Stomoxys_calcitrans|AHE_173_S62_merged_SPM|NODE_25578_length_275_cov_0.747475_S,0.23278731154509386,0.6433200912683861,0.19167175976856943,Pass
EOG799D90|Rhagoletis_pomonella|AHE_174_S49_merged_SPM|NODE_40492_length_259_cov_0.802198_R,0.17140448222919485,0.4109809327664099,0.1254650544778103,Pass
EOG799D90|Musca_domestica|AHE_174_S49_merged_SPM_2|NODE_31148_length_257_cov_0.788889_R,0.2379362310408462,0.6405728314238953,0.19034369885433722,Pass
EOG799D90|Rhagoletis_pomonella|AHE_174_S49_merged_SPM_3|NODE_68699_length_251_cov_0.735632_S,0.3082803396731001,0.9710876663869931,0.33628880473480127,Pass
EOG799D90|Scaptodrosophila_lebanonensis|AHE_174_S49_merged_SPM_1|NODE_40980_length_260_cov_0.808743_R,0.18581134348207504,0.6792485061901932,0.23054665951763342,Pass
EOG799D90|Lucilia_sericata|AHE_175_S40_merged_SPM|NODE_1340_length_1058_cov_0.697248_S,0.2171601608376734,0.5686885449172333,0.17686870983074665,Pass
EOG799D90|Scaptodrosophila_lebanonensis|AHE_175_S40_merged_SPM_2|NODE_9489_length_405_cov_0.621951_S,0.07982052890499006,0.5597960795931467,0.2147484323310127,Pass
EOG799D90|Drosophila_ficusphila|AHE_175_S40_merged_SPM_1|NODE_14063_length_349_cov_0.562500_S,0.12874325066747894,0.4700122132211984,0.15665388658710033,Pass
EOG799D90|Ceratitis_capitata|AHE_179_S20_merged_SPM|NODE_37076_length_283_cov_2.029126_S,0.1979462717525848,0.6755138102590496,0.22291253094135233,Pass
EOG799D90|Stomoxys_calcitrans|AHE_179_S20_merged_SPM_1|NODE_41570_length_273_cov_0.755102_S,0.16942126705476487,0.47868657485823707,0.1477428382060535,Pass
EOG799D90|Stomoxys_calcitrans|AHE_180_S71_merged_SPM|NODE_29506_length_292_cov_0.841860_R,0.15892466892552337,0.6683883898698778,0.24149271632777541,Pass
EOG799D90|Lucilia_sericata|AHE_180_S71_merged_SPM_3|NODE_32576_length_231_cov_0.961039_R,0.18914201125454663,0.506585411671105,0.15288352100069613,Pass
EOG799D90|Teleopsis_dalmanni|AHE_180_S71_merged_SPM_2|NODE_55775_length_246_cov_0.757396_R,0.18583139564017215,0.5226165144898771,0.16136562127828513,Pass
EOG799D90|Stomoxys_calcitrans|AHE_180_S71_merged_SPM_1|NODE_67149_length_229_cov_0.717105_S,0.19516112059515123,0.3885092348284959,0.11345646437994716,Pass
EOG799D90|Glossina_morsitans|AHE_63_S36_merged_SPM_1|NODE_116837_length_230_cov_0.712418_S,0.13599721015147326,0.406583195093149,0.14487453920625087,Pass
EOG799D90|Glossina_morsitans|AHE_181_S51_merged_SPM|NODE_2295_length_239_cov_0.820988_R,0.10330419134387851,0.406583195093149,0.14487453920625087,Pass
EOG799D90|Musca_domestica|AHE_182_S27_merged_SPM|NODE_33290_length_261_cov_1.608696_R,0.12345701626013807,0.5097570850202429,0.17379988432620008,Pass
EOG799D90|Stomoxys_calcitrans|AHE_182_S27_merged_SPM_1|NODE_13327_length_263_cov_0.795699_R,0.16234389601014845,0.5535836773578915,0.18570067595154927,Pass
EOG799D90|Lucilia_sericata|AHE_183_S63_merged_SPM|NODE_30141_length_269_cov_0.770833_R,0.23278342275791664,0.9611104055797454,0.3483862461288338,Pass
EOG799D90|Glossina_morsitans|AHE_184_S38_merged_SPM|NODE_17802_length_352_cov_0.778182_S,0.16281895902228763,0.41578584236200083,0.13434815841639514,Pass
EOG799D90|Lucilia_sericata|AHE_184_S38_merged_SPM_1|NODE_13349_length_235_cov_0.936709_R,0.20784660300990987,0.6864887220658255,0.21845132589580507,Pass
EOG799D90|Musca_domestica|AHE_188_S54_merged_SPM|NODE_3806_length_241_cov_0.810976_R,0.27033261559650773,0.5979255615470737,0.18274550951641777,Pass
EOG799D90|Stomoxys_calcitrans|AHE_190_S36_merged_SPM|NODE_437_length_250_cov_1.693642_R,0.11113305475851976,0.3284429582340226,0.09996776256335183,Pass
EOG799D90|Musca_domestica|AHE_190_S36_merged_SPM_2|NODE_46933_length_253_cov_1.255682_R,0.21421593607142483,0.5025540773589555,0.1469721606306973,Pass
EOG799D90|Drosophila_ficusphila|AHE_190_S36_merged_SPM_1|NODE_36906_length_259_cov_0.813187_R,0.16838076144905711,0.692527114967462,0.24078091106290667,Pass
EOG799D90|Ceratitis_capitata|AHE_191_S25_merged_SPM|NODE_92041_length_268_cov_0.759162_S,0.1801188592693432,0.6053915113937806,0.1934910945425823,Pass
EOG799D90|Musca_domestica|AHE_191_S25_merged_SPM_1|NODE_106201_length_256_cov_1.033520_S,0.22243189094217622,0.43131508319914114,0.12372517444981213,Pass
EOG799D90|Lucilia_sericata|AHE_194_S22_merged_SPM|NODE_54607_length_265_cov_0.707447_S,0.1348046415592495,0.33683773216031265,0.09833822091886602,Pass
EOG799D90|Rhagoletis_pomonella|AHE_194_S22_merged_SPM_1|NODE_41412_length_255_cov_0.831461_R,0.112691040319554,0.30575597284668965,0.0950680721905266,Pass
EOG799D90|Lucilia_sericata|AHE_195_S23_merged_SPM|NODE_38199_length_328_cov_1.243028_S,0.11668719841046236,0.394490648504224,0.1233594341225347,Pass
EOG799D90|Musca_domestica|AHE_195_S23_merged_SPM_1|NODE_69706_length_339_cov_1.026718_R,0.2373887233902943,0.6440527458359276,0.19531331786900874,Pass
EOG799D90|Lucilia_sericata|AHE_195_S23_merged_SPM_2|NODE_94520_length_330_cov_0.857708_R,0.2403113012286546,0.6525805808315339,0.20299190345684226,Pass
EOG799D90|Stomoxys_calcitrans|AHE_195_S23_merged_SPM_3|NODE_104902_length_244_cov_2.089820_R,0.08816848022691666,0.5219897274509612,0.18870085067245346,Pass
EOG799D90|Zeugodacus_cucurbitae|AHE_196_S62_merged_SPM|NODE_18692_length_255_cov_0.769663_S,0.1591649654646064,0.657182024659312,0.2262677296746083,Pass
EOG799D90|Glossina_morsitans|AHE_197_S33_merged_SPM|NODE_20907_length_315_cov_0.718487_S,0.17512256585636515,0.3500324675324676,0.10584415584415585,Pass
EOG799D90|Teleopsis_dalmanni|AHE_197_S33_merged_SPM_1|NODE_64756_length_230_cov_0.764706_S,0.11968038754532762,0.36257411913129667,0.12075335676308907,Pass
EOG799D90|Teleopsis_dalmanni|AHE_198_S28_merged_SPM|NODE_3890_length_251_cov_0.850575_R,0.07716905944163584,0.3392148781292008,0.1189083622898014,Pass
EOG799D90|Musca_domestica|AHE_198_S28_merged_SPM_1|NODE_31812_length_236_cov_0.930818_R,0.22405936202619262,0.4774842767295598,0.13701707097933513,Pass
EOG799D90|Rhagoletis_pomonella|AHE_199_S37_merged_SPM|NODE_20080_length_266_cov_0.777778_R,0.07033876829900276,0.4024844795613963,0.14673869225187453,Pass
EOG799D90|Glossina_morsitans|AHE_201_S72_merged_SPM|NODE_42995_length_297_cov_0.904545_S,0.2572001524213243,0.638378372960186,0.19021691191211254,Pass
EOG799D90|Stomoxys_calcitrans|AHE_202_S45_merged_SPM|NODE_8775_length_257_cov_0.655556_S,0.06568513510480394,0.2888284928055168,0.10423759318726494,Pass
EOG799D90|Drosophila_melanogaster|AHE_202_S45_merged_SPM_1|NODE_13298_length_235_cov_0.696203_S,0.18367420038740648,0.6721821305841925,0.23024054982817876,Pass
EOG799D90|Scaptodrosophila_lebanonensis|AHE_203_S24_merged_SPM|NODE_14369_length_340_cov_0.733840_S,0.22158913588001403,0.7223618846747774,0.25551383743682937,Pass
EOG799D90|Lucilia_sericata|AHE_203_S73_merged_SPM|NODE_48268_length_337_cov_0.853846_R,0.20664270803509072,0.6677599761949508,0.2170488003508112,Pass
EOG799D90|Hermetia_illucens|AHE_205_S52_merged_SPM|NODE_209_length_286_cov_1.062201_R,0.07016972051607707,0.49026190476190473,0.1852380952380952,Pass
EOG799D90|Teleopsis_dalmanni|AHE_205_S52_merged_SPM_1|NODE_32608_length_230_cov_0.967320_S,0.22041158446468304,0.6655661544963324,0.2183566275243759,Pass
EOG799D90|Zeugodacus_cucurbitae|AHE_207_S65_merged_SPM|NODE_39422_length_431_cov_0.796610_R,0.13339736609343703,0.4884358575801907,0.1585239894885132,Pass
EOG799D90|Lucilia_sericata|AHE_207_S65_merged_SPM_2|NODE_25029_length_314_cov_0.822785_S,0.20839721777154183,0.7032188871091302,0.23171297908396593,Pass
EOG799D90|Lucilia_sericata|AHE_208_S54_merged_SPM|NODE_6297_length_282_cov_0.736585_S,0.17806847716076474,0.6941038072623894,0.24472652968921627,Pass
EOG799D90|Zeugodacus_cucurbitae|AHE_209_S39_merged_SPM|NODE_11635_length_263_cov_0.747312_S,0.14955022264756423,0.4350121667122525,0.12791081516972092,Pass
EOG799D90|Rhagoletis_pomonella|AHE_210_S53_merged_SPM|NODE_133818_length_151_cov_242_AU,0.09562657864610875,0.4864256376999568,0.1869711568155148,Pass
EOG799D90|Teleopsis_dalmanni|AHE_211_S38_merged_SPM|NODE_9413_length_332_cov_0.682353_S,0.09166867969769785,0.36223532064891073,0.12425486438890976,Pass
EOG799D90|Drosophila_ficusphila|AHE_212_S47_merged_SPM|NODE_15336_length_263_cov_0.801075_S,0.16676405511211856,0.6532766740250185,0.22946284032376751,Pass
EOG799D90|Lucilia_sericata|AHE_215_S30_merged_SPM|NODE_7657_length_232_cov_0.954839_R,0.2217480871422976,0.7743852198340975,0.2657686905361355,Pass
EOG799D90|Ceratitis_capitata|AHE_22_S34_merged_SPM|NODE_22006_length_245_cov_0.666667_S,0.14990719080291418,0.32314903846153836,0.10336538461538458,Pass
EOG799D90|Scaptodrosophila_lebanonensis|AHE_22_S34_merged_SPM_1|NODE_15628_length_259_cov_0.769231_R,0.11636429091727603,0.3037924325455722,0.11031986147581535,Pass
EOG799D90|Zeugodacus_cucurbitae|AHE_252_S17_SPM|NODE_119353_length_379_cov_0.980132_R,0.14320723916227737,0.5689707452487721,0.18687436537715663,Pass
EOG799D90|Stomoxys_calcitrans|AHE_252_S17_SPM_1|NODE_117370_length_368_cov_1.017182_R,0.15275573182686217,0.5043784306838296,0.172765277519508,Pass
EOG799D90|Scaptodrosophila_lebanonensis|AHE_252_S17_SPM_2|NODE_50888_length_376_cov_0.959866_R,0.17866116751851183,0.6941798160261973,0.251108227399187,Pass
EOG799D90|Lucilia_sericata|AHE_252_S17_SPM_3|NODE_109692_length_289_cov_1.396226_R,0.21267601405516615,0.5372773162267326,0.15106740982227362,Pass
EOG799D90|Bactrocera_dorsalis|AHE_254_S17_SPM|NODE_48557_length_234_cov_0.942675_R,0.21374559685218228,0.6989102873702003,0.23444820091765273,Pass
EOG799D90|Drosophila_ficusphila|AHE_254_S17_SPM_1|NODE_75189_length_372_cov_0.942373_R,0.09424414163783963,0.48022576071545425,0.17625695277565712,Pass
EOG799D90|Lucilia_sericata|AHE_255_S18_SPM|NODE_8217_length_511_cov_0.746544_S,0.18900305766067296,0.749949760219228,0.26405572048412873,Pass
EOG799D90|Lucilia_sericata|AHE_255_S18_SPM_1|NODE_75384_length_243_cov_0.891566_R,0.19860384221233704,0.7322004340992442,0.24567771873362776,Pass
EOG799D90|Drosophila_ficusphila|AHE_258_S17_SPM|NODE_76467_length_379_cov_0.781457_R,0.11296484817936922,0.467858585858586,0.15898989898989901,Pass
EOG799D90|Rhagoletis_pomonella|AHE_258_S17_SPM_1|NODE_14812_length_263_cov_0.795699_R,0.11618636137201291,0.4357351821900865,0.1606269622300447,Pass
EOG799D90|Musca_domestica|AHE_258_S17_SPM_2|NODE_31497_length_290_cov_1.023474_R,0.27388142093677514,0.6766819675847217,0.20543876310739562,Pass
EOG799D90|Lucilia_sericata|AHE_259_S18_SPM|NODE_4561_length_840_cov_1.294889_S,0.19648364323556303,0.696318078644295,0.2327893060266446,Pass
EOG799D90|Musca_domestica|AHE_259_S18_SPM_1|NODE_147175_length_286_cov_1.416268_R,0.3075052995691437,0.6809052256732593,0.19408821249587493,Pass
EOG799D90|Glossina_morsitans|AHE_259_S18_SPM_4|NODE_47263_length_253_cov_0.840909_R,0.40146464164039863,0.4760211267605633,0.17213279678068405,Pass
EOG799D90|Musca_domestica|AHE_259_S18_SPM_3|NODE_61681_length_249_cov_0.860465_R,0.1814790164380031,0.6094999930928733,0.20399508212573736,Pass
EOG799D90|Glossina_morsitans|AHE_259_S18_SPM_2|NODE_3245_length_320_cov_0.913580_R,0.14739604875097276,0.6504800817160368,0.23748723186925436,Pass
EOG799D90|Glossina_morsitans|AHE_260_S19_SPM|NODE_89303_length_295_cov_1.458716_R,0.14117096710213475,0.4043890663524954,0.12597621852720053,Pass
EOG799D90|Ceratitis_capitata|AHE_260_S19_SPM_2|NODE_4861_length_258_cov_0.817680_R,0.07037356513026603,0.5132759661835747,0.19498792270531395,Pass
EOG799D90|Drosophila_melanogaster|AHE_260_S19_SPM_1|NODE_11512_length_238_cov_0.732919_R,0.1940216985184934,0.6660837438423645,0.22660098522167482,Pass
EOG799D90|Musca_domestica|AHE_262_S21_SPM|NODE_414071_length_124_cov_188_AU,0.13657504523026434,0.48610566760830465,0.15861006301732472,Pass
EOG799D90|Scaptodrosophila_lebanonensis|AHE_264_S21_SPM|NODE_7730_length_265_cov_1.180851_R,0.09342309001508195,0.5477916158071406,0.20935688129386631,Pass
EOG799D90|Musca_domestica|AHE_265_S23_SPM|NODE_35277_length_338_cov_0.915709_S,0.20486974849075726,0.45410741170340607,0.1336944881559895,Pass
EOG799D90|Lucilia_sericata|AHE_265_S23_SPM_1|NODE_108954_length_216_cov_2.129496_R,0.19506771069031761,0.7425491877711634,0.23943093532438708,Pass
EOG799D90|Stomoxys_calcitrans|AHE_266_S26_SPM|NODE_6051_length_958_cov_1.200908_S,0.14143993393442766,0.5008994384054262,0.16454448061031612,Pass
EOG799D90|Lucilia_sericata|AHE_266_S26_SPM_4|NODE_130766_length_276_cov_0.743719_S,0.1824012556013129,0.5861244979919679,0.18473895582329314,Pass
EOG799D90|Scaptodrosophila_lebanonensis|AHE_266_S26_SPM_2|NODE_141217_length_647_cov_1.236842_R,0.1732871596765871,0.6828763503521227,0.24806614621099204,Pass
EOG799D90|Glossina_morsitans|AHE_266_S26_SPM_3|NODE_142854_length_309_cov_0.956897_R,0.2158909691968988,0.9046776229148377,0.3276174275680422,Pass
EOG799D90|Musca_domestica|AHE_266_S26_SPM_1|NODE_34391_length_526_cov_1.318486_S,0.2040156828634063,0.5845557829403739,0.17888299609922942,Pass
EOG799D90|Lucilia_sericata|AHE_266_S26_SPM_5|NODE_135675_length_265_cov_0.787234_R,0.18587988897595278,0.6406301767591206,0.2090042378403173,Pass
EOG799D90|Teleopsis_dalmanni|AHE_267_S19_SPM|NODE_65174_length_320_cov_0.913580_R,0.1322130437087965,0.4159977369156873,0.14121280607225428,Pass
EOG799D90|Lucilia_sericata|AHE_267_S19_SPM_1|NODE_80499_length_281_cov_0.725490_S,0.12774610929986457,0.5044655182088545,0.17377973017387183,Pass
EOG799D90|Stomoxys_calcitrans|AHE_267_S19_SPM_2|NODE_73672_length_265_cov_0.787234_R,0.12910121934225127,0.42477244246981094,0.1306960583276373,Pass
EOG799D90|Lucilia_sericata|AHE_267_S19_SPM_4|NODE_16622_length_262_cov_1.032432_R,0.22090202803912667,0.8786849949296747,0.31679053522059447,Pass
EOG799D90|Bradysia_coprophila|AHE_267_S19_SPM_3|NODE_17817_length_293_cov_1.458333_R,0.2763906020677569,0.6900496277915632,0.20719602977667495,Pass
EOG799D90|Stomoxys_calcitrans|AHE_269_S23_SPM|NODE_19712_length_276_cov_0.743719_S,0.10484327746986666,0.31638441961782326,0.08922486304619759,Pass
EOG799D90|Bactrocera_oleae|CNC944366_S48_SPM|NODE_368398_length_276_cov_548_AU,0.21793949343065583,0.7000614261550787,0.22990296447965808,Pass
EOG799D90|Bactrocera_dorsalis|AHE_270_S22_SPM|NODE_45013_length_265_cov_0.787234_R,0.23086634188494295,0.7000614261550787,0.22990296447965808,Pass
EOG799D90|Lucilia_sericata|AHE_271_S21_SPM_1|NODE_23421_length_480_cov_1.468983_S,0.1829088118519034,0.6765187797277349,0.23372150237821876,Pass
EOG799D90|Rhagoletis_pomonella|AHE_271_S21_SPM_5|NODE_1577_length_268_cov_1.162304_R,0.13717976709957733,0.34782786885245887,0.11065573770491799,Pass
EOG799D90|Ceratitis_capitata|AHE_271_S21_SPM_4|NODE_133404_length_313_cov_1.173729_R,0.09215058134433127,0.44535732968232344,0.16058200887350416,Pass
EOG799D90|Stomoxys_calcitrans|AHE_271_S21_SPM_6|NODE_138932_length_330_cov_1.462451_R,0.2096190644943189,0.8895356370165395,0.31911105018449587,Pass
EOG799D90|Musca_domestica|AHE_271_S21_SPM_3|NODE_43232_length_387_cov_1.374194_S,0.24269577811421916,0.6206668188432675,0.18365745590615046,Pass
EOG799D90|Stomoxys_calcitrans|AHE_271_S21_SPM_2|NODE_156816_length_347_cov_1.262963_R,0.11946494365194199,0.4145628840320448,0.12894587717641304,Pass
EOG799D90|Ceratitis_capitata|AHE_272_S22_SPM|NODE_38822_length_316_cov_1.238494_S,0.15803651112746195,0.6077558348294435,0.20520646319569125,Pass
EOG799D90|Rhagoletis_pomonella|AHE_272_S22_SPM_1|NODE_93441_length_250_cov_0.855491_R,0.13089505205659344,0.35870698131760076,0.11366764995083578,Pass
EOG799D90|Bactrocera_oleae|AHE_272_S22_SPM_2|NODE_25200_length_282_cov_1.443902_R,0.1622921207921172,0.5947043262871846,0.2070918404155544,Pass
EOG799D90|Lucilia_sericata|AHE_273_S20_SPM|NODE_45202_length_351_cov_1.080292_R,0.26336330007641234,0.7967499972543463,0.273832273511032,Pass
EOG799D90|Lucilia_sericata|AHE_275_S22_SPM|NODE_183306_length_712_cov_1.560630_R,0.16762954461273366,0.585018546524698,0.19529906544784637,Pass
EOG799D90|Stomoxys_calcitrans|AHE_275_S22_SPM_1|NODE_16883_length_489_cov_1.075243_R,0.22406736399162822,0.630180418326744,0.19587386714812083,Pass
EOG799D90|Teleopsis_dalmanni|AHE_275_S22_SPM_2|NODE_91809_length_312_cov_1.038298_S,0.08136323346313697,0.36404039385690745,0.1248680982625936,Pass
EOG799D90|Lucilia_sericata|AHE_275_S22_SPM_3|NODE_57087_length_376_cov_0.839465_S,0.20019349259107994,0.8503342876352395,0.30205490032456056,Pass
EOG799D90|Scaptodrosophila_lebanonensis|AHE_277_S24_SPM|NODE_8105_length_501_cov_1.047170_S,0.10013410445492384,0.4311950065703022,0.15436530880420496,Pass
EOG799D90|Lucilia_sericata|AHE_277_S24_SPM_1|NODE_68675_length_446_cov_1.132791_R,0.1922271897752358,0.6086467125957357,0.19454002094918332,Pass
EOG799D90|Stomoxys_calcitrans|AHE_277_S24_SPM_2|NODE_23503_length_241_cov_0.902439_R,0.08809334878592923,0.5141932957393484,0.18737468671679197,Pass
EOG799D90|Rhagoletis_pomonella|AHE_280_S24_SPM|NODE_39573_length_248_cov_1.730994_R,0.09956180237088713,0.4920696589446591,0.18058236808236816,Pass
EOG799D90|Ceratitis_capitata|AHE_282_S24_SPM|NODE_7939_length_263_cov_0.795699_R,0.15985032475708816,0.6695645645645645,0.2222222222222222,Pass
EOG799D90|Lucilia_sericata|AHE_283_S23_SPM|NODE_21214_length_483_cov_0.935961_S,0.1684829199990221,0.5982240930020827,0.21588334916352198,Pass
EOG799D90|Ceratitis_capitata|AHE_283_S23_SPM_1|NODE_64080_length_253_cov_0.784091_R,0.19218526734225524,0.5444738804486159,0.18466135062042632,Pass
EOG799D90|Lucilia_sericata|AHE_283_S23_SPM_2|NODE_2547_length_238_cov_0.919255_R,0.19306613702986117,0.6565981735159817,0.2100456621004566,Pass
EOG799D90|Rhagoletis_pomonella|AHE_283_S23_SPM_3|NODE_45355_length_242_cov_0.981818_R,0.13669599086265752,0.4538726662213002,0.15663127175556413,Pass
EOG799D90|Glossina_morsitans|AHE_30_S57_merged_SPM|NODE_42619_length_262_cov_0.800000_R,0.12363408446760601,0.40790551781640016,0.14051681457112014,Pass
EOG799D90|Glossina_morsitans|AHE_32_S40_merged_SPM|NODE_16188_length_250_cov_0.838150_R,0.33652368507142283,0.7059844657182112,0.21611709435801973,Pass
EOG799D90|Scaptodrosophila_lebanonensis|AHE_34_S58_merged_SPM|NODE_49427_length_268_cov_0.769634_R,0.12773509094831392,0.44382113821138214,0.1753774680603949,Pass
EOG799D90|Scaptodrosophila_lebanonensis|AHE_36_S19_merged_SPM|NODE_73946_length_361_cov_1.045775_R,0.24449454640876342,0.7828014843227759,0.2765559431223511,Pass
EOG799D90|Drosophila_melanogaster|AHE_44_S31_merged_SPM|NODE_28505_length_364_cov_0.857143_R,0.2799166170325557,0.6340323140427028,0.18293783376060857,Pass
EOG799D90|Stomoxys_calcitrans|AHE_45_S33_merged_SPM|NODE_2654_length_457_cov_0.765789_S,0.15505579063798117,0.3873678373968283,0.13704830252047584,Pass
EOG799D90|Rhagoletis_pomonella|AHE_46_S20_merged_SPM|NODE_33597_length_271_cov_0.762887_S,0.11976135496779831,0.34366396761133605,0.10931174089068829,Pass
EOG799D90|Musca_domestica|AHE_47_S27_merged_SPM|NODE_32814_length_326_cov_1.072289_R,0.18234088196967205,0.5137454974074243,0.16330071582618266,Pass
EOG799D90|Lucilia_sericata|AHE_48_S52_merged_SPM|NODE_29882_length_238_cov_0.652174_S,0.17164550509013446,0.6504302760643138,0.23974112650419654,Pass
EOG799D90|Lucilia_sericata|AHE_4_S10_merged_SPM|NODE_7024_length_659_cov_1.125430_S,0.19103746414856768,0.5664630673628642,0.17467268611707853,Pass
EOG799D90|Scaptodrosophila_lebanonensis|AHE_4_S10_merged_SPM_2|NODE_13114_length_551_cov_0.605485_S,0.1905015596376276,0.6785929158383813,0.24074908006757706,Pass
EOG799D90|Lucilia_sericata|AHE_4_S10_merged_SPM_1|NODE_8425_length_627_cov_1.305455_S,0.1719805758320043,0.59662829319846,0.19581792103872575,Pass
EOG799D90|Ceratitis_capitata|AHE_50_S50_merged_SPM|NODE_25570_length_259_cov_0.813187_R,0.15891563175882956,0.6745391392748222,0.22832937987123014,Pass
EOG799D90|Drosophila_ficusphila|AHE_51_S42_merged_SPM|NODE_49807_length_268_cov_0.774869_R,0.21499087322651284,0.6354778443222943,0.19242304081093153,Pass
EOG799D90|Lucilia_sericata|AHE_51_S42_merged_SPM_1|NODE_77394_length_230_cov_1.934641_S,0.2071966451977915,0.74008344077651,0.25089400831975084,Pass
EOG799D90|Drosophila_melanogaster|AHE_53_S32_merged_SPM|NODE_3812_length_233_cov_0.897436_R,0.05206731910419303,0.2972781405008893,0.10672345032534603,Pass
EOG799D90|Stomoxys_calcitrans|AHE_53_S32_merged_SPM_1|NODE_39696_length_235_cov_0.936709_R,0.20345912359053514,0.9926132996250584,0.34641112728270046,Pass
EOG799D90|Lucilia_sericata|AHE_54_S60_merged_SPM|NODE_24163_length_293_cov_1.245370_R,0.20340629730537757,0.5579942712016046,0.16552908411376788,Pass
EOG799D90|Rhagoletis_pomonella|AHE_54_S60_merged_SPM_1|NODE_21172_length_296_cov_1.351598_R,0.07674190971544792,0.44422486125358374,0.16339724874404904,Pass
EOG799D90|Lucilia_sericata|AHE_56_S48_merged_SPM|NODE_10359_length_328_cov_0.752988_S,0.1918091418661283,0.6128056108763972,0.20151495965096067,Pass
EOG799D90|Musca_domestica|AHE_60_S67_merged_SPM|NODE_32914_length_331_cov_0.830709_S,0.10996763955974422,0.5069869724375538,0.18495908699397068,Pass
EOG799D90|Musca_domestica|AHE_63_S36_merged_SPM|NODE_84336_length_292_cov_1.395349_R,0.20611263303889463,0.4868261032377003,0.14873545339324812,Pass
EOG799D90|Glossina_morsitans|AHE_64_S44_merged_SPM|NODE_70172_length_275_cov_1.136364_R,0.17795111684458792,0.40229279523293604,0.11617009750812568,Pass
EOG799D90|Scaptodrosophila_lebanonensis|AHE_64_S44_merged_SPM_1|NODE_52951_length_251_cov_0.850575_R,0.07209864888994802,0.388376775027629,0.14425422774568886,Pass
EOG799D90|Rhagoletis_pomonella|AHE_64_S44_merged_SPM_2|NODE_2528_length_269_cov_0.770833_R,0.23399558498896247,0.3226148796498906,0.10284463894967177,Pass
EOG799D90|Lucilia_sericata|AHE_66_S68_merged_SPM|NODE_12479_length_413_cov_1.354167_S,0.15874045058304453,0.6088600765060209,0.20891585238626353,Pass
EOG799D90|Stomoxys_calcitrans|AHE_66_S68_merged_SPM_2|NODE_49526_length_272_cov_0.738462_S,0.11453023763160804,0.4406205760312424,0.1540935876425259,Pass
EOG799D90|Lucilia_sericata|AHE_66_S68_merged_SPM_1|NODE_14930_length_393_cov_1.281646_S,0.15804851988136726,0.6814385334291876,0.23945363048166785,Pass
EOG799D90|Rhagoletis_pomonella|AHE_6_S42_merged_SPM|NODE_52017_length_267_cov_0.763158_S,0.17584588139388888,0.3779496260606931,0.12028980296274983,Pass
EOG799D90|Zeugodacus_cucurbitae|AHE_6_S42_merged_SPM_1|NODE_26209_length_342_cov_0.992453_R,0.150659353483487,0.6796383296047726,0.2507084265473527,Pass
EOG799D90|Lucilia_sericata|AHE_70_S45_merged_SPM|NODE_33535_length_306_cov_0.834061_S,0.29775678766480834,0.6435,0.19122448979591833,Pass
EOG799D90|Lucilia_sericata|AHE_72_S37_merged_SPM|NODE_47050_length_372_cov_1.247458_R,0.164175943924803,0.40381825226514073,0.1265796375774917,Pass
EOG799D90|Teleopsis_dalmanni|AHE_72_S37_merged_SPM_1|NODE_68390_length_259_cov_0.807692_R,0.22477099829219066,0.6318190100212572,0.19517157607045243,Pass
EOG799D90|Glossina_morsitans|AHE_77_S24_merged_SPM|NODE_10017_length_298_cov_0.900452_S,0.3009260348463903,0.9517784571120301,0.3413594677216327,Pass
EOG799D90|Rhagoletis_pomonella|AHE_78_S12_merged_SPM|NODE_6100_length_547_cov_0.717021_S,0.20501674996061112,0.6448584329997559,0.2167090902751142,Pass
EOG799D90|Ceratitis_capitata|AHE_78_S12_merged_SPM_2|NODE_7473_length_394_cov_0.753943_R,0.1558245144903796,0.5662600704934541,0.18592648539778445,Pass
EOG799D90|Lucilia_sericata|AHE_78_S12_merged_SPM_1|NODE_38664_length_495_cov_1.205742_R,0.24186309784129803,0.6304192905920504,0.1867091138463285,Pass
EOG799D90|Ceratitis_capitata|AHE_7_S39_merged_SPM|NODE_2779_length_403_cov_0.907975_S,0.19690710765319017,0.6110295580617758,0.19582619504527143,Pass
EOG799D90|Lucilia_sericata|AHE_80_S13_merged_SPM|NODE_46381_length_245_cov_0.720238_S,0.13528474403401272,0.44041463713506723,0.1394234598535674,Pass
EOG799D90|Bactrocera_oleae|AHE_80_S13_merged_SPM_2|NODE_63652_length_260_cov_0.808743_R,0.15510509146222295,0.6347871447751176,0.23458827478183042,Pass
EOG799D90|Glossina_morsitans|AHE_80_S13_merged_SPM_1|NODE_58700_length_262_cov_1.081081_R,0.24909464631981065,0.678566031613591,0.2180132573123812,Pass
EOG799D90|Lucilia_sericata|AHE_8_S50_merged_SPM|NODE_8336_length_598_cov_0.698656_S,0.19439661731686222,0.6915075483024657,0.2355584918005711,Pass
EOG799D90|Lucilia_sericata|AHE_8_S50_merged_SPM_2|NODE_88317_length_259_cov_0.862637_S,0.33012277879474694,1.033240171990172,0.3555069447926591,Pass
EOG799D90|Lucilia_sericata|AHE_8_S50_merged_SPM_1|NODE_47453_length_239_cov_0.740741_R,0.194075171781972,0.4685234891999912,0.11865813440496209,Pass
EOG799D90|Lucilia_sericata|AHE_94_S37_merged_SPM|NODE_17429_length_184_cov_388_AU,0.1711821721364555,0.7625349378881988,0.2724378881987578,Pass
EOG799D90|Glossina_morsitans|AHE_95_S21_merged_SPM|NODE_49642_length_258_cov_0.729282_S,0.260346845524495,1.0024993605088512,0.35840933382642515,Pass
EOG799D90|Lucilia_sericata|AHE_95_S21_merged_SPM_1|NODE_18912_length_345_cov_1.429104_S,0.23187803608641097,0.7176041666666666,0.2270833333333333,Pass
EOG799D90|Scaptodrosophila_lebanonensis|CNC457399_S7_SPM|NODE_27193_length_109_cov_158_AU,0.15174316750181796,0.43887096774193546,0.13978494623655913,Pass
EOG799D90|Rhagoletis_pomonella|CNC457485_S10_SPM|NODE_12459_length_144_cov_228_AU,0.15892226955232414,0.3948104265402844,0.11848341232227488,Pass
EOG799D90|Teleopsis_dalmanni|CNC464825_S42_SPM|NODE_13952_length_178_cov_296_AU,0.1781127396870169,1.0571667526659785,0.37072197905175375,Pass
EOG799D90|Stomoxys_calcitrans|CNC484134_S71_SPM|NODE_27218_length_176_cov_292_AU,0.09834125029192288,0.30289120715350215,0.09348520332126886,Pass
EOG799D90|Scaptodrosophila_lebanonensis|CNC485015_II_S80_SPM|NODE_25616_length_224_cov_388_AU,0.117529826891334,0.5755894423639255,0.21597496537218486,Pass
EOG799D90|Lucilia_sericata|CNC485220_S86_SPM|NODE_15050_length_143_cov_226_AU,0.18811677659334605,0.4998347107438018,0.1446280991735538,Pass
EOG799D90|Musca_domestica|CNC485277_S24_SPM|NODE_281475_length_269_cov_840_AU,0.1533860328381488,0.3973887587822015,0.13817330210772838,Pass
EOG799D90|Glossina_morsitans|CNC485506_S88_SPM|NODE_24453_length_268_cov_1264_AU,0.15269777944570195,0.47133277397217893,0.1583729370779679,Pass
EOG799D90|Lucilia_sericata|CNC485510_S91_SPM|NODE_99289_length_350_cov_1542_AU,0.15667368943763635,0.4908731642709673,0.15866152467765182,Pass
EOG799D90|Rhagoletis_pomonella|CNC485510_S91_SPM_2|NODE_118856_length_239_cov_418_AU,0.17695411114788687,0.42815206658202853,0.12279588094230498,Pass
EOG799D90|Ceratitis_capitata|CNC485510_S91_SPM_1|NODE_173545_length_353_cov_1095_AU,0.1294389470709678,0.5953430829765457,0.20154452042086762,Pass
EOG799D90|Drosophila_melanogaster|CNC485522_S83_SPM|NODE_22268_length_218_cov_564_A,0.07929577189852952,0.31763117586743805,0.11413724571819184,Pass
EOG799D90|Teleopsis_dalmanni|JSS31229_S39_SPM|NODE_4546_length_232_cov_404_AU,0.07990090077078085,0.5151857652801047,0.2035113280396299,Pass
EOG799D90|Scaptodrosophila_lebanonensis|CNC485567_S78_SPM|NODE_54781_length_155_cov_250_AU,0.07990090077078085,0.5151857652801047,0.2035113280396299,Pass
EOG799D90|Rhagoletis_pomonella|CNC485632_S93_SPM|NODE_6926_length_161_cov_262_AU,0.07533716968573509,0.36397898731833767,0.1288398725221831,Pass
EOG799D90|Teleopsis_dalmanni|CNC485641_S95_SPM|NODE_3374_length_226_cov_701_AU,0.15438743504419453,0.6689703979713296,0.23609170418672054,Pass
EOG799D90|Ceratitis_capitata|CNC485739_S30_SPM|NODE_1470_length_167_cov_274_A,0.15452649442942837,0.418129188094125,0.12918809412498056,Pass
EOG799D90|Stomoxys_calcitrans|CNC485774_S81_SPM|NODE_42845_length_149_cov_238_AU,0.10285361171942431,0.316328917850657,0.10287362461275507,Pass
EOG799D90|Musca_domestica|CNC942134_S46_SPM|NODE_1033_length_211_cov_362_AU,0.0917066768194212,0.458629707874991,0.17305310701537124,Pass
EOG799D90|Stomoxys_calcitrans|CNC944366_S48_SPM_1|NODE_300093_length_169_cov_278_AU,0.10620486134736691,0.3424419504643963,0.09271340114993365,Pass
EOG799D90|Scaptodrosophila_lebanonensis|CNC_Dip1356_S82_SPM|NODE_42492_length_245_cov_430_AU,0.05540431338756088,0.32089752868302857,0.11662657783264863,Pass
EOG799D90|Scaptodrosophila_lebanonensis|CNC_Dip208891_S34_SPM|NODE_26348_length_244_cov_428_AU,0.05567205357362126,0.30160023183457374,0.10891916248233197,Pass
EOG799D90|Lucilia_sericata|JSBVM_26_S2_SPM|NODE_32217_length_817_cov_0.743478_R,0.18600290576871906,0.7338450063883467,0.2535840060631386,Pass
EOG799D90|Rhagoletis_pomonella|JSBVM_26_S2_SPM_1|NODE_19655_length_316_cov_2.232804_R,0.08635299159272104,0.44068742098609376,0.15888116308470301,Pass
EOG799D90|Stomoxys_calcitrans|JSBVM_75_S7_SPM|NODE_478927_length_226_cov_392_AU,0.09425611711775239,0.28053630363036297,0.07508250825082508,Pass
EOG799D90|Glossina_morsitans|JSBVM_75_S7_SPM_1|NODE_812483_length_237_cov_414_AU,0.13520202667369682,0.5407764729702368,0.18141324154687177,Pass
EOG799D90|Rhagoletis_pomonella|JSM12015_S64_SPM|NODE_56406_length_117_cov_261_A,0.06886200600456867,0.3789521170787157,0.13462631429383354,Pass
EOG799D90|Bactrocera_oleae|JSM_10051_S8_SPM|NODE_19050_length_204_cov_348_AU,0.22603621567698642,0.590019943019943,0.19459503459503458,Pass
EOG799D90|Lucilia_sericata|JSM_10540_S15_SPM|NODE_99936_length_1447_cov_1.848485_R,0.13967706908086394,0.5555079628016163,0.17369893126888003,Pass
EOG799D90|Lucilia_sericata|JSM_10540_S15_SPM_3|NODE_5762_length_999_cov_1.211009_S,0.13811989775219963,0.6978755466133476,0.2348027386556184,Pass
EOG799D90|Stomoxys_calcitrans|JSM_10540_S15_SPM_1|NODE_16458_length_779_cov_1.268405_S,0.10103992162230241,0.48431739977623556,0.16419737244213017,Pass
EOG799D90|Lucilia_sericata|JSM_10540_S15_SPM_4|NODE_1373470_length_932_cov_5309_AU,0.12241029502436923,0.6451060169541551,0.2322879265654777,Pass
EOG799D90|Stomoxys_calcitrans|JSM_10540_S15_SPM_2|NODE_8490_length_913_cov_1.480916_S,0.1534866494435913,0.6033079036503392,0.19101309759755036,Pass
EOG799D90|Lucilia_sericata|JSM_10540_S15_SPM_5|NODE_49834_length_473_cov_2.205202_R,0.17524948531738946,0.6698038049940548,0.21165279429250894,Pass
EOG799D90|Musca_domestica|JSM_10551_S1_SPM|NODE_219335_length_176_cov_292_AU,0.09669682555497125,0.3191638225255973,0.0989761092150171,Pass
EOG799D90|Lucilia_sericata|JSM_10551_S1_SPM_1|NODE_15115_length_223_cov_2.260417_R,0.2055331150109149,1.033913023355983,0.36078091900926434,Pass
EOG799D90|Bactrocera_oleae|JSM_10605_S1_SPM|NODE_66065_length_280_cov_2.627451_R,0.16137972879294268,0.6741268306161923,0.24830063553467807,Pass
EOG799D90|Teleopsis_dalmanni|JSM_10609_S2_SPM|NODE_34271_length_653_cov_1.290875_S,0.22033189465976105,0.726202035844972,0.25090802542320534,Pass
EOG799D90|Glossina_morsitans|JSM_10609_S2_SPM_5|NODE_2047620_length_245_cov_1008_AU,0.2951642416675547,0.7220704845814979,0.2180616740088106,Pass
EOG799D90|Glossina_morsitans|JSM_10609_S2_SPM_2|NODE_4201_length_1140_cov_1.112537_S,0.32862343893334817,0.5926247710622712,0.17813644688644692,Pass
EOG799D90|Stomoxys_calcitrans|JSM_10609_S2_SPM_3|NODE_57470_length_249_cov_640_A,0.2970406039737746,0.6744994149900205,0.20688247034802365,Pass
EOG799D90|Hermetia_illucens|JSM_10609_S2_SPM_1|NODE_4155107_length_437_cov_1594_AU,0.14415909840747246,0.39021818143285536,0.13920060187981476,Pass
EOG799D90|Scaptodrosophila_lebanonensis|JSM_10611_S9_SPM|NODE_5640_length_693_cov_1.300353_S,0.16772461636740016,0.642227915076385,0.23083718494473426,Pass
EOG799D90|Lucilia_sericata|JSM_10611_S9_SPM_1|NODE_23824_length_466_cov_2.752212_S,0.2169533142572597,0.6240955766192734,0.1970774091627172,Pass
EOG799D90|Glossina_morsitans|JSM_10611_S9_SPM_4|NODE_28017_length_312_cov_3.010811_R,0.1449653412031942,0.4023219814241487,0.12565236620964182,Pass
EOG799D90|Bactrocera_oleae|JSM_10611_S9_SPM_2|NODE_2986_length_387_cov_2.373077_R,0.1468234876036323,0.4685431918008785,0.1581259150805271,Pass
EOG799D90|Lucilia_sericata|JSM_10611_S9_SPM_3|NODE_1038565_length_310_cov_592_AU,0.21018827015637687,0.6150834257352554,0.2028935001848039,Pass
EOG799D90|Lucilia_sericata|JSM_10699_S3_SPM|NODE_43652_length_726_cov_2.606010_S,0.1929097446026336,0.5600177015593842,0.1780856991905857,Pass
EOG799D90|Lucilia_sericata|CAJVQV01_2|CAJVQV010000283.1_200,0.1853959932953789,0.5553437573675194,0.17192137022231768,Pass
EOG799D90|Lucilia_sericata|JSM_10699_S3_SPM_1|NODE_5176715_length_707_cov_2165_AU,0.2258882220433434,0.5553437573675194,0.17192137022231768,Pass
EOG799D90|Glossina_morsitans|JSM_10699_S3_SPM_8|NODE_2603228_length_201_cov_494_AU,0.1451469678989521,0.5249728605891316,0.18031043676993397,Pass
EOG799D90|Bactrocera_dorsalis|JSM_10699_S3_SPM_2|NODE_943708_length_340_cov_828_AU,0.10822185415147267,0.34732488822652735,0.11965084096231626,Pass
EOG799D90|Teleopsis_dalmanni|JSM_10699_S3_SPM_6|NODE_2749596_length_366_cov_788_AU,0.16712844636082477,0.7729265990739668,0.27157203118630224,Pass
EOG799D90|Drosophila_melanogaster|JSM_10699_S3_SPM_5|NODE_204652_length_280_cov_500_AU,0.21707166184171686,0.5568930476755019,0.17028537556101286,Pass
EOG799D90|Musca_domestica|JSM_10699_S3_SPM_3|NODE_120006_length_492_cov_1.550685_S,0.22487110325216933,0.7190425097077456,0.2447986920089924,Pass
EOG799D90|Stomoxys_calcitrans|JSM_10699_S3_SPM_4|NODE_3259809_length_278_cov_628_AU,0.2320689392043714,0.4874847551693242,0.1438798855224127,Pass
EOG799D90|Stomoxys_calcitrans|JSM_11142_S4_SPM|NODE_41859_length_517_cov_1.092308_S,0.10871837020582195,0.5193854339655625,0.18054147364740847,Pass
EOG799D90|Drosophila_ficusphila|JSM_11142_S4_SPM_7|NODE_3361051_length_226_cov_460_AU,0.20680906213444947,0.5613840285141981,0.1850624484505714,Pass
EOG799D90|Bactrocera_oleae|JSM_11142_S4_SPM_4|NODE_58114_length_460_cov_1.021021_S,0.2376988580486458,0.700683173011787,0.23042270695027767,Pass
EOG799D90|Lucilia_sericata|JSM_11142_S4_SPM_6|NODE_839247_length_219_cov_378_AU,0.17876045326385331,0.5079590549770154,0.1286932190190011,Pass
EOG799D90|Bactrocera_dorsalis|JSM_11142_S4_SPM_2|NODE_3143576_length_393_cov_900_AU,0.15698336750968334,0.7229144410575903,0.26623221503444716,Pass
EOG799D90|Lucilia_sericata|JSM_11142_S4_SPM_3|NODE_3040481_length_264_cov_596_AU,0.13972558144037522,0.5586386013632919,0.18042882389007098,Pass
EOG799D90|Lucilia_sericata|JSM_11142_S4_SPM_1|NODE_119118_length_349_cov_2.405405_R,0.18429242217069366,0.8779973951266621,0.3160978378852938,Pass
EOG799D90|Scaptodrosophila_lebanonensis|JSM_11142_S4_SPM_5|NODE_880379_length_236_cov_462_A,0.08007927950354919,0.4704499261704161,0.17661401397178345,Pass
EOG799D90|Stomoxys_calcitrans|JSM_11249_S5_SPM|NODE_1593_length_1547_cov_2.401408_S,0.18201105189625474,0.5344308632543927,0.17150496562261275,Pass
EOG799D90|Scaptodrosophila_lebanonensis|JSM_11249_S5_SPM_2|NODE_189051_length_696_cov_2.725835_R,0.16320340566546235,0.4730745109570071,0.1540937302702593,Pass
EOG799D90|Glossina_morsitans|JSM_11249_S5_SPM_1|NODE_1302_length_1628_cov_1.982678_S,0.16553367185841145,0.6659277445431878,0.23067687141479465,Pass
EOG799D90|Rhagoletis_pomonella|JSM_11249_S5_SPM_6|NODE_898902_length_397_cov_1307_AU,0.15549170279967203,0.6187580256356766,0.21556799480796418,Pass
EOG799D90|Musca_domestica|JSM_11249_S5_SPM_3|NODE_182106_length_509_cov_1.295812_R,0.2195085397877837,0.4879896242331685,0.14357873664332854,Pass
EOG799D90|Stomoxys_calcitrans|JSM_11384_S6_SPM|NODE_154882_length_950_cov_2.120292_R,0.11526880585021006,0.48070238877931176,0.1620425158886697,Pass
EOG799D90|Glossina_morsitans|JSM_11384_S6_SPM_2|NODE_1938116_length_926_cov_5650_AU,0.11566440062186896,0.6690035543518255,0.24718273747171687,Pass
EOG799D90|Stomoxys_calcitrans|JSM_11384_S6_SPM_1|NODE_22920_length_1057_cov_1.939785_S,0.2065479573885172,0.6234915419510747,0.20489252554373172,Pass
EOG799D90|Musca_domestica|JSM_11396_S7_SPM|NODE_53062_length_511_cov_1.958333_S,0.12794620419098365,0.5022214239528703,0.15936167629957565,Pass
EOG799D90|Rhagoletis_pomonella|JSM_11396_S7_SPM_3|NODE_795671_length_262_cov_1054_AU,0.07878681876078952,0.44904950657445125,0.1656461004346519,Pass
EOG799D90|Stomoxys_calcitrans|JSM_11396_S7_SPM_6|NODE_89013_length_281_cov_714_AU,0.14920624810072367,0.5644491559811718,0.18234458691770816,Pass
EOG799D90|Drosophila_ficusphila|JSM_11396_S7_SPM_1|NODE_71983_length_457_cov_1.512121_S,0.1216931680206048,0.5102451879284721,0.16970791984275369,Pass
EOG799D90|Stomoxys_calcitrans|JSM_11396_S7_SPM_2|NODE_54754_length_506_cov_0.527704_S,0.262635514029336,0.9177033875700186,0.3274587509050032,Pass
EOG799D90|Rhagoletis_pomonella|JSM_11396_S7_SPM_4|NODE_1220802_length_254_cov_541_AU,0.14426020577774262,0.4096719910602772,0.12532984008038228,Pass
EOG799D90|Stomoxys_calcitrans|JSM_11457_S8_SPM|NODE_4147_length_973_cov_1.186761_S,0.24911849982018774,0.4885356933879462,0.16105909888823877,Pass
EOG799D90|Glossina_morsitans|JSM_11457_S8_SPM_2|NODE_31058_length_579_cov_1.811947_S,0.37060726084210827,0.7340252419129015,0.2655373647729487,Pass
EOG799D90|Contarinia_nasturtii|JSM_11457_S8_SPM_1|NODE_88675_length_514_cov_1.273902_R,0.23981100758951848,0.5169617250292107,0.16614028254788793,Pass
EOG799D90|Stomoxys_calcitrans|JSM_11457_S8_SPM_4|NODE_178583_length_284_cov_2.312102_R,0.25553646094825044,0.6292838541666667,0.19616558908045978,Pass
EOG799D90|Rhagoletis_pomonella|JSM_11457_S8_SPM_5|NODE_3812502_length_341_cov_1338_AU,0.2806390977443609,0.5642637562405034,0.20567885825917076,Pass
EOG799D90|Lucilia_sericata|JSM_11468_S9_SPM|NODE_3556719_length_402_cov_1016_AU,0.1155283596303972,0.6701053167099015,0.24341001837130272,Pass
EOG799D90|Stomoxys_calcitrans|JSM_11468_S9_SPM_1|NODE_3087425_length_330_cov_756_AU,0.10757496116486652,0.4531193884979374,0.1455660157778229,Pass
EOG799D90|Musca_domestica|JSM_11468_S9_SPM_2|NODE_1660460_length_243_cov_426_AU,0.1379351312819294,0.5179186602870814,0.1722488038277512,Pass
EOG799D90|Musca_domestica|JSM_11468_S9_SPM_3|NODE_71937_length_208_cov_410_A,0.08361664485900507,0.5014059891749707,0.18620061712782632,Pass
EOG799D90|Ceratitis_capitata|JSM_11505_S16_SPM|NODE_97188_length_205_cov_359_A,0.28632765005374383,0.6993653121072475,0.2295512256012585,Pass
EOG799D90|Glossina_morsitans|JSM_11685_S10_SPM|NODE_117901_length_811_cov_1.729532_R,0.32915630483541025,0.5404404498390794,0.17660849454431837,Pass
EOG799D90|Aedes_aegypti|JSM_11685_S10_SPM_3|NODE_96350_length_498_cov_1.835580_S,0.289879284593197,0.45763401526441766,0.12787336855891251,Pass
EOG799D90|Hermetia_illucens|JSM_11685_S10_SPM_2|NODE_97698_length_496_cov_0.696477_S,0.2230260101345571,0.4073177266557221,0.11911462664079764,Pass
EOG799D90|Lucilia_sericata|JSM_11709_S11_SPM|NODE_8794_length_708_cov_1.633391_S,0.17210860573857695,0.566023020990144,0.1844448547163916,Pass
EOG799D90|Stomoxys_calcitrans|JSM_11709_S11_SPM_3|NODE_1787906_length_208_cov_356_AU,0.14207108655773054,0.3692557185909787,0.10384862407983797,Pass
EOG799D90|Musca_domestica|JSM_11709_S11_SPM_2|NODE_3584739_length_250_cov_783_AU,0.13919663338825886,0.6625399542490781,0.2421608751809029,Pass
EOG799D90|Stomoxys_calcitrans|JSM_11804_S12_SPM|NODE_1834_length_2181_cov_1.754625_S,0.14261316814697123,0.5614325903735832,0.18167150355938544,Pass
EOG799D90|Scaptodrosophila_lebanonensis|JSM_11804_S12_SPM_6|NODE_283521_length_261_cov_918_AU,0.06533112148681498,0.4515658880346935,0.17034792036270452,Pass
EOG799D90|Teleopsis_dalmanni|JSM_11804_S12_SPM_7|NODE_39160_length_522_cov_2.222785_S,0.17544078174860778,0.7839771373285047,0.27737178074535607,Pass
EOG799D90|Ceratitis_capitata|JSM_11804_S12_SPM_5|NODE_12980_length_423_cov_2.070946_R,0.12721549490468048,0.6854417302346628,0.24399201629064582,Pass
EOG799D90|Lucilia_sericata|JSM_11804_S12_SPM_3|NODE_39557_length_519_cov_2.040816_S,0.1316518103275319,0.5222177259637518,0.17105587136418632,Pass
EOG799D90|Lucilia_sericata|JSM_11804_S12_SPM_8|NODE_393926_length_206_cov_352_AU,0.1954419613531586,0.4780044995909464,0.14653667848377427,Pass
EOG799D90|Stomoxys_calcitrans|JSM_11804_S12_SPM_1|NODE_11966_length_1022_cov_2.486034_S,0.16759721664204824,0.5365754846442469,0.17340796970539196,Pass
EOG799D90|Teleopsis_dalmanni|JSM_11807_S13_SPM|NODE_56672_length_723_cov_2.347315_R,0.13622127980208454,0.7237720882905075,0.2553782308090322,Pass
EOG799D90|Zeugodacus_cucurbitae|JSM_11807_S13_SPM_2|NODE_1571680_length_352_cov_1061_AU,0.17139966472668186,0.6339189382923384,0.2009236692813403,Pass
EOG799D90|Scaptodrosophila_lebanonensis|JSM_11807_S13_SPM_4|NODE_2524532_length_208_cov_356_AU,0.07503738902201025,0.31328136404038065,0.09612452396609406,Pass
EOG799D90|Zeugodacus_cucurbitae|JSM_11807_S13_SPM_3|NODE_23158_length_596_cov_0.893390_S,0.12688875085158896,0.6301679749329715,0.2215492457279452,Pass
EOG799D90|Zeugodacus_cucurbitae|JSM_11807_S13_SPM_1|NODE_194506_length_351_cov_1193_AU,0.10891388802223201,0.49125618568649787,0.16456697674887377,Pass
EOG799D90|Lucilia_sericata|JSM_11807_S13_SPM_5|NODE_3272178_length_213_cov_784_AU,0.10596257143186417,0.3008028846153847,0.08298076923076925,Pass
EOG799D90|Scaptodrosophila_lebanonensis|JSM_1944_S2_SPM|NODE_2696629_length_252_cov_444_AU,0.1702095670079086,0.536929046563193,0.18181818181818188,Pass
EOG799D90|Ceratitis_capitata|JSM_1944_S2_SPM_1|NODE_2775676_length_198_cov_336_AU,0.18107042556482797,0.5848753196930946,0.17679028132992325,Pass
EOG799D90|Drosophila_ficusphila|JSM_4774_S13_SPM|NODE_63650_length_158_cov_256_AU,0.15289460218856882,0.33458796639486044,0.10147022485791946,Pass
EOG799D90|Rhagoletis_pomonella|JSM_4972_S8_SPM|NODE_122436_length_138_cov_216_AU,0.07363256082306728,0.4325070621468928,0.15748587570621475,Pass
EOG799D90|Stomoxys_calcitrans|JSM_5716_II_S12_SPM|NODE_36123_length_242_cov_2.565217_R,0.16096777764125553,0.8556550939518496,0.3115048573745411,Pass
EOG799D90|Ceratitis_capitata|JSM_5812_S4_SPM|NODE_28268_length_567_cov_1.040909_R,0.12576943530300833,0.6192480315662191,0.22158696927116717,Pass
EOG799D90|Rhagoletis_pomonella|JSM_5812_S4_SPM_3|NODE_1062125_length_180_cov_638_AU,0.08070997650150034,0.4545595365691827,0.16146582963303213,Pass
EOG799D90|Lucilia_sericata|JSM_5812_S4_SPM_2|NODE_41174_length_354_cov_1551_AU,0.17502241573648675,0.6502503800788973,0.20669584745173242,Pass
EOG799D90|Glossina_morsitans|JSM_5812_S4_SPM_1|NODE_47265_length_432_cov_0.940984_R,0.16261740226562482,0.5904302651473244,0.20467787734631404,Pass
EOG799D90|Teleopsis_dalmanni|JSM_5861_S5_SPM|NODE_722217_length_161_cov_262_AU,0.13691188912624194,0.422982037336876,0.12017547501418469,Pass
EOG799D90|Musca_domestica|JSM_6006_S14_SPM|NODE_4708_length_1946_cov_2.258933_S,0.20022919167015765,0.5255710952914414,0.17090806456572305,Pass
EOG799D90|Rhagoletis_pomonella|JSM_6006_S14_SPM_3|NODE_86646_length_467_cov_1.017647_S,0.2162763096952243,0.4324569221628045,0.13178847296494356,Pass
EOG799D90|Lucilia_sericata|JSM_6006_S14_SPM_1|NODE_41355_length_1132_cov_6241_AU,0.2517720435956257,0.7067414481537208,0.24117889186370733,Pass
EOG799D90|Stomoxys_calcitrans|JSM_6006_S14_SPM_2|NODE_35563_length_878_cov_1.773635_S,0.2542796705414647,0.615545849422965,0.18981674256735737,Pass
EOG799D90|Musca_domestica|JSM_6043_S6_SPM|NODE_568679_length_222_cov_727_AU,0.207263710503833,0.5017049941034712,0.1457596267240937,Pass
EOG799D90|Stomoxys_calcitrans|JSM_6055_S7_SPM|NODE_5582_length_1041_cov_1.376368_S,0.12042581123285895,0.4744090533879267,0.15934886709534601,Pass
EOG799D90|Teleopsis_dalmanni|JSM_6055_S7_SPM_1|NODE_17812_length_730_cov_1.885572_S,0.11082599115495517,0.6378011605293205,0.22957739244766479,Pass
EOG799D90|Lucilia_sericata|JSM_6055_S7_SPM_2|NODE_58111_length_445_cov_0.823899_S,0.22381568677805325,0.6268130346635018,0.19712703357563166,Pass
EOG799D90|Stomoxys_calcitrans|JSM_6055_S7_SPM_6|NODE_47151_length_215_cov_577_A,0.15357518461996483,0.7000391644908616,0.25065274151436034,Pass
EOG799D90|Rhagoletis_pomonella|JSM_6055_S7_SPM_7|NODE_29628_length_458_cov_0.649547_R,0.17586712302985705,0.48653846153846136,0.15384615384615374,Pass
EOG799D90|Rhagoletis_pomonella|JSM_6055_S7_SPM_5|NODE_705315_length_188_cov_466_AU,0.08146127998784836,0.23722543352601166,0.06647398843930641,Pass
EOG799D90|Lucilia_sericata|JSM_6055_S7_SPM_3|NODE_51985_length_656_cov_0.750473_R,0.1707396523004671,0.6554013086663842,0.2233912347596856,Pass
EOG799D90|Lucilia_sericata|JSM_6055_S7_SPM_4|NODE_665281_length_247_cov_1013_AU,0.1507231626824573,0.5981910333642261,0.19306070435588507,Pass
EOG799D90|Lucilia_sericata|JSM_6145_S8_SPM|NODE_26399_length_970_cov_1.284698_R,0.2254944404763785,0.7271481748318924,0.2495983636423863,Pass
EOG799D90|Drosophila_ficusphila|JSM_6145_S8_SPM_1|NODE_944959_length_335_cov_1078_AU,0.11444752143142133,0.480537745122266,0.16042020175395244,Pass
EOG799D90|Ceratitis_capitata|JSM_6145_S8_SPM_3|NODE_2504650_length_318_cov_1168_AU,0.20487315165486503,0.9649558498896248,0.34676758120466733,Pass
EOG799D90|Scaptodrosophila_lebanonensis|JSM_6152_S9_SPM|NODE_2122631_length_379_cov_774_AU,0.12151870061255919,0.5923711145782302,0.20291655129324726,Pass
EOG799D90|Glossina_morsitans|JSM_6152_S9_SPM_1|NODE_1832514_length_360_cov_844_AU,0.1287333547423236,0.41146721158045785,0.1335870718163099,Pass
EOG799D90|Lucilia_sericata|JSM_6152_S9_SPM_3|NODE_117391_length_248_cov_436_AU,0.1135062939514987,0.4452589240824536,0.13629554385856912,Pass
EOG799D90|Ceratitis_capitata|JSM_6152_S9_SPM_5|NODE_591016_length_184_cov_362_AU,0.1380012531328321,0.5725087139154525,0.1937527929216194,Pass
EOG799D90|Lucilia_sericata|JSM_6152_S9_SPM_2|NODE_80762_length_306_cov_2.212291_R,0.14124183999379125,0.5690826564739607,0.18912247173116736,Pass
EOG799D90|Stomoxys_calcitrans|JSM_6153_S10_SPM_1|NODE_3770_length_1257_cov_1.696460_S,0.14127495055946324,0.4808414363216632,0.159124153132721,Pass
EOG799D90|Lucilia_sericata|JSM_6153_S10_SPM_2|NODE_8817_length_1009_cov_1.921769_S,0.16579883616288538,0.4981831798466446,0.14993643007026447,Pass
EOG799D90|Lucilia_sericata|JSM_6258_S12_SPM|NODE_278395_length_205_cov_350_AU,0.14387961270694072,0.4694319143660816,0.1443447927977224,Pass
EOG799D90|Teleopsis_dalmanni|JSM_6258_S12_SPM_1|NODE_598122_length_226_cov_392_AU,0.17445010112892895,0.6569159847132708,0.21612821924008696,Pass
EOG799D90|Lucilia_sericata|JSM_6310_S13_SPM|NODE_729720_length_222_cov_562_AU,0.08362420383239051,0.3992985668413771,0.14397849808325752,Pass
EOG799D90|Ceratitis_capitata|JSM_6310_S13_SPM_2|NODE_14928_length_401_cov_2.109489_R,0.1953411458026126,0.8489341409243154,0.29985483384966705,Pass
EOG799D90|Lucilia_sericata|JSM_6310_S13_SPM_1|NODE_2306429_length_358_cov_834_AU,0.14360124854819428,0.5406162917667614,0.1790915046953484,Pass
EOG799D90|Musca_domestica|JSM_6314_S15_SPM|NODE_37843_length_205_cov_3.000000_R,0.12282269535620527,0.3964869281045752,0.12124183006535949,Pass
EOG799D90|Ceratitis_capitata|JSM_642_S1_SPM|NODE_677528_length_745_cov_3499_AU,0.11757007004773748,0.5119556765769135,0.17669767514335577,Pass
EOG799D90|Lucilia_sericata|JSM_642_S1_SPM_1|NODE_7434_length_1353_cov_1.760196_R,0.18845231898516207,0.693585000456746,0.23725221521878137,Pass
EOG799D90|Hermetia_illucens|JSM_642_S1_SPM_3|NODE_1303580_length_404_cov_1572_AU,0.07875794362670323,0.5257507098239637,0.20281658148779103,Pass
EOG799D90|Lucilia_sericata|JSM_642_S1_SPM_4|NODE_131977_length_360_cov_1260_AU,0.23570993680225283,0.593962171013027,0.17418671289941967,Pass
EOG799D90|Lucilia_sericata|JSM_642_S1_SPM_2|NODE_59789_length_390_cov_1452_AU,0.12629691951058475,0.47613327624502777,0.15276038100940637,Pass
EOG799D90|Lucilia_sericata|JSM_642_S1_SPM_7|NODE_1149267_length_232_cov_720_AU,0.21661956547002104,0.6794345888423886,0.22666444452674595,Pass
EOG799D90|Stomoxys_calcitrans|JSM_6602_S10_SPM|NODE_1029165_length_250_cov_440_AU,0.10861630261563536,0.3885398073602531,0.11582308764484395,Pass
EOG799D90|Bactrocera_oleae|JSM_6608_S1_SPM|NODE_2056_length_178_cov_4.000000_R,0.08587798131178165,0.420875668449198,0.1651069518716578,Pass
EOG799D90|Bactrocera_dorsalis|JSM_6704_S2_SPM|NODE_133373_length_143_cov_226_AU,0.1705815575456781,0.4306827309236948,0.13293172690763055,Pass
EOG799D90|Teleopsis_dalmanni|JSM_6712_S3_SPM|NODE_220387_length_247_cov_524_AU,0.1064881523302759,0.3426351459576341,0.11841789132262837,Pass
EOG799D90|Stomoxys_calcitrans|JSM_6712_S3_SPM_1|NODE_784060_length_208_cov_356_AU,0.18307844599472498,0.5171863977699397,0.1643105017635681,Pass
EOG799D90|Rhagoletis_pomonella|JSM_6712_S3_SPM_2|NODE_4045_length_201_cov_2.432432_R,0.08469636851047509,0.5343868822776512,0.19770236943152375,Pass
EOG799D90|Musca_domestica|JSM_6712_S3_SPM_3|NODE_1371873_length_184_cov_308_AU,0.22795869854331546,0.429315619967794,0.11272141706924321,Pass
EOG799D90|Hermetia_illucens|JSM_6712_S3_SPM_4|NODE_91891_length_157_cov_254_AU,0.06572960865794292,0.21129196027298458,0.05992343117128118,Pass
EOG799D90|Lucilia_sericata|JSM_6897_S6_SPM|NODE_1086480_length_251_cov_442_AU,0.13101902183802236,0.3514321775371659,0.10162627825040815,Pass
EOG799D90|Musca_domestica|JSM_7174_S7_SPM|NODE_865856_length_178_cov_296_AU,0.1863088599810053,0.43547228194257476,0.12500753481082605,Pass
EOG799D90|Stomoxys_calcitrans|JSM_7567_II_S15_SPM|NODE_244793_length_173_cov_286_AU,0.1762308998302207,0.6105632599090528,0.20595349437223853,Pass
EOG799D90|Stomoxys_calcitrans|JSM_7804_S15_SPM|NODE_34005_length_442_cov_1.088889_S,0.09164057488537357,0.4333579026856653,0.15485258388600687,Pass
EOG799D90|Musca_domestica|JSM_7804_S15_SPM_3|NODE_626395_length_311_cov_914_AU,0.12693773455536345,0.5234358797614408,0.16534300356639786,Pass
EOG799D90|Stomoxys_calcitrans|JSM_7804_S15_SPM_1|NODE_26557_length_480_cov_0.473088_S,0.151341795628984,0.5987452693225316,0.2158034403394833,Pass
EOG799D90|Lucilia_sericata|JSM_7804_S15_SPM_2|NODE_35381_length_383_cov_2.203125_R,0.18652537494308633,0.5950728044896101,0.17639921128469582,Pass
EOG799D90|Musca_domestica|JSM_7804_S15_SPM_5|NODE_369097_length_202_cov_354_AU,0.09596633829821581,0.47599105871182157,0.16357809780028487,Pass
EOG799D90|Glossina_morsitans|JSM_7804_S15_SPM_4|NODE_2174_length_253_cov_578_AU,0.19112426540873376,0.9565954210282062,0.33229515804671794,Pass
EOG799D90|Zeugodacus_cucurbitae|JSM_7821_S9_SPM|NODE_10297_length_808_cov_3.076358_S,0.1166967524433111,0.48113056379821956,0.1628486646884273,Pass
EOG799D90|Glossina_morsitans|JSM_7821_S9_SPM_4|NODE_1085623_length_257_cov_454_AU,0.16022676777285036,0.5210560317818383,0.16607138381331932,Pass
EOG799D90|Scaptodrosophila_lebanonensis|JSM_7821_S9_SPM_1|NODE_121028_length_546_cov_3.911695_R,0.1570967809269557,0.6211791216036987,0.22217546416746725,Pass
EOG799D90|Lucilia_sericata|JSM_7821_S9_SPM_2|NODE_110450_length_345_cov_808_AU,0.28142990698320447,0.6776331924647233,0.20142969701310798,Pass
EOG799D90|Stomoxys_calcitrans|JSM_7821_S9_SPM_3|NODE_1154238_length_275_cov_927_AU,0.1167758204550607,0.3263418105902447,0.09622319225659515,Pass
EOG799D90|Ceratitis_capitata|JSM_7821_S9_SPM_5|NODE_921514_length_251_cov_518_AU,0.1908930262607245,0.5956069726611487,0.19776006715703587,Pass
EOG799D90|Glossina_morsitans|JSM_7821_S9_SPM_7|NODE_1225711_length_240_cov_420_AU,0.11816702813418833,0.40097198223807673,0.12804934693346715,Pass
EOG799D90|Lucilia_sericata|JSM_7821_S9_SPM_6|NODE_976283_length_241_cov_422_AU,0.2522815480945513,0.48933627775733046,0.13108821003557847,Pass
EOG799D90|Ceratitis_capitata|JSM_8315_S13_SPM|NODE_11257_length_660_cov_1.943715_S,0.22485098465169132,0.6779680600447712,0.23204406781553366,Pass
EOG799D90|Drosophila_ficusphila|JSM_8315_S13_SPM_1|NODE_226117_length_266_cov_602_AU,0.05680575570857428,0.34103077982390595,0.12265781801667175,Pass
EOG799D90|Lucilia_sericata|JSM_8315_S13_SPM_3|NODE_683764_length_239_cov_418_AU,0.21895244559150592,1.0401682204544063,0.3668590139146001,Pass
EOG799D90|Scaptodrosophila_lebanonensis|JSM_8315_S13_SPM_2|NODE_16767_length_589_cov_1.123377_S,0.2409562718747791,0.8054838226081206,0.2845028947710927,Pass
EOG799D90|Bactrocera_oleae|JSM_8384_S2_SPM|NODE_30528_length_362_cov_2.063830_R,0.20650495077357212,0.5643993868450389,0.18464325529542913,Pass
EOG799D90|Scaptodrosophila_lebanonensis|JSM_8384_S2_SPM_1|NODE_16030_length_230_cov_2.330097_R,0.06999164260092673,0.36274511888310135,0.1253144821232416,Pass
EOG799D90|Lucilia_sericata|JSM_8601_S5_SPM|NODE_69396_length_507_cov_1.671053_R,0.18343485777603893,0.5694597161694045,0.18359593250642536,Pass
EOG799D90|Lucilia_sericata|JSM_8601_S5_SPM_3|NODE_877273_length_342_cov_766_AU,0.15519151195235065,0.6078677483346183,0.20687116139259698,Pass
EOG799D90|Rhagoletis_pomonella|JSM_8601_S5_SPM_1|NODE_185988_length_276_cov_492_AU,0.17694033580375065,0.4889348459433213,0.15179659221329567,Pass
EOG799D90|Lucilia_sericata|JSM_8601_S5_SPM_4|NODE_553963_length_270_cov_480_AU,0.2868892389049438,0.6483394621545293,0.19314897176601165,Pass
EOG799D90|Musca_domestica|JSM_8601_S5_SPM_2|NODE_177281_length_247_cov_632_AU,0.12397751268760704,0.33865209031537336,0.10689503308412818,Pass
EOG799D90|Scaptodrosophila_lebanonensis|JSM_8931_S10_SPM|NODE_14650_length_456_cov_1.914894_R,0.09036167463553609,0.4236383020222886,0.1511494507637885,Pass
EOG799D90|Lucilia_sericata|JSM_8931_S10_SPM_1|NODE_292443_length_230_cov_400_AU,0.19626629890367522,0.7263771137205582,0.2346041857476795,Pass
EOG799D90|Lucilia_sericata|JSM_9156_S14_SPM|NODE_420334_length_250_cov_530_AU,0.18130213861920597,0.48319625757373025,0.14669622890345757,Pass
EOG799D90|Teleopsis_dalmanni|JSM_9156_S14_SPM_1|NODE_28502_length_201_cov_3.270270_R,0.08107248910868299,0.39237487069308497,0.13505212063340488,Pass
EOG799D90|Glossina_morsitans|JSM_9156_S14_SPM_3|NODE_725385_length_247_cov_434_AU,0.07769492557230197,0.5096224544963057,0.19228689854027758,Pass
EOG799D90|Zeugodacus_cucurbitae|JSM_9156_S14_SPM_2|NODE_879252_length_204_cov_348_AU,0.14705370256885286,0.49172396635850013,0.145624678993323,Pass
EOG799D90|Lucilia_sericata|JSM_9163_II_S3_SPM|NODE_783295_length_251_cov_442_AU,0.3013708975876743,0.6819702696348807,0.2075429046783731,Pass
EOG799D90|Bactrocera_dorsalis|JSM_9163_II_S3_SPM_1|NODE_697085_length_243_cov_426_AU,0.07117189673960009,0.5188504753673292,0.1971231016174836,Pass
EOG799D90|Rhagoletis_pomonella|JSM_9557_S16_SPM|NODE_46576_length_139_cov_218_AU,0.15498231745371333,0.3344852589641435,0.10033466135458169,Pass
EOG799D90|Ceratitis_capitata|JSM_9724_S16_SPM|NODE_1313435_length_244_cov_500_AU,0.17623268327382083,0.5833529411764705,0.1976470588235294,Pass
EOG799D90|Lucilia_sericata|JSM_9724_S16_SPM_2|NODE_2127121_length_221_cov_382_AU,0.24144983559911457,1.0893494155338903,0.38861304182776363,Pass
EOG799D90|Glossina_morsitans|JSS13088_S4_SPM|NODE_40838_length_122_cov_184_AU,0.14411234015777977,0.32426501213198045,0.08744578819663351,Pass
EOG799D90|Ceratitis_capitata|JSS13126_S7_SPM|NODE_120412_length_224_cov_388_AU,0.15855557167864925,0.7384816341429221,0.26141158299141576,Pass
EOG799D90|Ceratitis_capitata|JSS17021_S19_SPM|NODE_1381_length_462_cov_2.543284_S,0.1772211361366199,0.8133409108595318,0.28725391335794154,Pass
EOG799D90|Stomoxys_calcitrans|JSS17021_S19_SPM_1|NODE_97636_length_178_cov_296_AU,0.12004342139840656,0.3815334762196365,0.12854664217187173,Pass
EOG799D90|Bactrocera_dorsalis|JSS17104_S21_SPM|NODE_65764_length_246_cov_432_A,0.18533212174319857,0.7215168539325842,0.2539325842696629,Pass
EOG799D90|Teleopsis_dalmanni|JSS17128_S22_SPM|NODE_53315_length_149_cov_534_AU,0.10819699366789885,0.3950763358778626,0.13740458015267176,Pass
EOG799D90|Teleopsis_dalmanni|JSS17490_S89_SPM|NODE_10130_length_303_cov_1375_AU,0.09766809437430854,0.5511922982984613,0.2134983310266222,Pass
EOG799D90|Rhagoletis_pomonella|JSS17803_S32_SPM|NODE_2845_length_172_cov_284_A,0.07103513499978319,0.3853149116255913,0.13953198904655217,Pass
EOG799D90|Ceratitis_capitata|JSS18986_S37_SPM|NODE_33607_length_174_cov_288_AU,0.18243293931276783,0.8592360859892195,0.299105107983938,Pass
EOG799D90|Rhagoletis_pomonella|JSS19038_S79_SPM|NODE_49777_length_235_cov_410_A,0.20281010759091148,0.6457186364082914,0.2080263287159838,Pass
EOG799D90|Hermetia_illucens|JSS30087_S38_SPM|NODE_45786_length_221_cov_382_AU,0.07354989005310994,0.5127687647959893,0.19381005430998466,Pass
EOG799D90|Glossina_morsitans|JSS_18925_S78_SPM|NODE_17566_length_184_cov_308_AU,0.175791204128529,0.5920970783216227,0.20309832876821088,Pass
EOG799D90|Lucilia_sericata|Sample_487784_S4_SPM|NODE_391_length_441_cov_1.449045_R,0.18737855761220165,0.6153558391030173,0.19616524740450003,Pass
EOG799D90|Lucilia_sericata|Sample_487784_S4_SPM_3|NODE_1082538_length_218_cov_376_AU,0.28491704609500335,0.6594408369408371,0.19184704184704193,Pass
EOG799D90|Drosophila_ficusphila|Sample_487784_S4_SPM_1|NODE_17056_length_494_cov_1.144414_S,0.17669196596282294,0.6321613390362936,0.2125754237045614,Pass
EOG799D90|Musca_domestica|Sample_487784_S4_SPM_2|NODE_1153674_length_208_cov_356_AU,0.19040863258640722,0.4704680290046144,0.14021094264996703,Pass
EOG799D90|Stomoxys_calcitrans|ZMFK_18031_S11_SPM|NODE_781773_length_281_cov_502_AU,0.11560274690448476,0.5348076113850971,0.18299641480533912,Pass
EOG799D90|Teleopsis_dalmanni|ZMFK_18031_S11_SPM_1|NODE_107620_length_246_cov_432_AU,0.06986591041249211,0.36994252873563205,0.12643678160919536,Pass
EOG799D90|Stomoxys_calcitrans|JXPC01.1_2|JXPC01085114.1_2,0.16694551619434722,0.7406532981463138,0.2593753741726312,Pass
EOG799D90|Rhagoletis_pomonella|JXPC01.1_4|JXPC01132050.1_2,0.23057879727378214,0.5143677496797541,0.16612471222667125,Pass
EOG799D90|Scaptodrosophila_lebanonensis|JXPC01.1_1|JXPC01085114.1_1,0.16379572753029692,0.59991715440795,0.21397187090688952,Pass
EOG799D90|Lucilia_sericata|CAJHUG01.1|CAJHUG010000110.1_986,0.18004837474598342,0.6717172438140847,0.22501227973230176,Pass
EOG799D90|Lucilia_sericata|CAJHUJ01.1_1|CAJHUJ010000145.1_293,0.18282077557731502,0.6848746791952977,0.23541299539933536,Pass
EOG799D90|Glossina_morsitans|CAKAIX01.1_1|CAKAIX010000240.1_187,0.15797092622279815,0.6724331920071734,0.23742445489105057,Pass
EOG799D90|Lucilia_sericata|CAJZLI01|CAJZLI010000473.1_653,0.1594236342967293,0.49814632536525716,0.15777660705226293,Pass
EOG799D90|Lucilia_sericata|CAJZLI01_1|CAJZLI010000473.1_656,0.18497005999000726,0.7032084758064203,0.23875148941785596,Pass
EOG799D90|Lucilia_sericata|CAJZLI01_3|CAJZLI010000473.1_652,0.22323846458122246,0.7645952023988006,0.2653673163418291,Pass
EOG799D90|Lucilia_sericata|CAJZBV01|CAJZBV010000137.1_195,0.16528873898811253,0.5315937964032338,0.17145059709049948,Pass
EOG799D90|Lucilia_sericata|CAJNIT01|CAJNIT010000089.1_280,0.1758752329031513,0.5784644852144499,0.1890372606961297,Pass
EOG799D90|Scaptodrosophila_lebanonensis|CAJNIT01_3|CAJNIT010000089.1_279,0.18916850486802853,0.6793156840722196,0.2443008369616157,Pass
EOG799D90|Zeugodacus_cucurbitae|CAJNIT01_1|CAJNIT010000089.1_281,0.2572756758370881,0.6772426258825078,0.2277240486469585,Pass
EOG799D90|Stomoxys_calcitrans|CAJMZT01.1|CAJMZT010000149.1_1086,0.17540752487090477,0.5619284979553717,0.18406167962439424,Pass
EOG799D90|Scaptodrosophila_lebanonensis|CAJMZT01.1_1|CAJMZT010000149.1_1088,0.15861029526925366,0.6815619813315578,0.24372810766446684,Pass
EOG799D90|Stomoxys_calcitrans|CAJVCN01|CAJVCN010000093.1_329,0.15775142695302796,0.49453473732622416,0.15522440768285428,Pass
EOG799D90|Scaptodrosophila_lebanonensis|CAJVCN01_2|CAJVCN010000093.1_334,0.15914778460250978,0.6736684200937008,0.24206365560682935,Pass
EOG799D90|Lucilia_sericata|CAJVCN01_1|CAJVCN010000093.1_333,0.1936826748915452,0.6813543500093512,0.22687128030518466,Pass
EOG799D90|Stomoxys_calcitrans|CAKKTD01|CAKKTD010000001.1_468,0.17539157366549035,0.5405053440840052,0.1722696954273928,Pass
EOG799D90|Lucilia_sericata|CAJVQV01_1|CAJVQV010000283.1_203,0.1854641698765964,0.7200640813089912,0.24805511883153664,Pass
EOG799D90|Lucilia_sericata|CAKKTD01_1|CAKKTD010000001.1_469,0.18122003675278145,0.7200640813089912,0.24805511883153664,Pass
EOG799D90|Lucilia_sericata|CAKJUZ01.1|CAKJUZ010000473.1_160,0.18045699668632076,0.6691836556424975,0.22407025897566624,Pass
EOG799D90|Lucilia_sericata|CAKJUZ01.1_1|CAKJUZ010000473.1_161,0.1639944851961935,0.5320786412928971,0.1710368191002417,Pass
EOG799D90|Lucilia_sericata|CAJVQV01|CAJVQV010000283.1_199,0.16614294842271068,0.5325478590893794,0.17209008117935798,Pass
EOG799D90|Lucilia_sericata|CAKKXW01|CAKKXW010000004.1_15852,0.175008688626297,0.6472646974979065,0.21552420432476738,Pass
EOG799D90|Lucilia_sericata|CAKKXW01_1|CAKKXW010000004.1_15853,0.17305400924366213,0.5497815021627376,0.1778642521043654,Pass
EOG799D90|Lucilia_sericata|CAJSMD01.1|CAJSMD010000586.1_191,0.1650144286179761,0.5307771882818461,0.1753789827942107,Pass
EOG799D90|Lucilia_sericata|CAJSMD01.1_2|CAJSMD010000586.1_190,0.25274589022506777,0.6053889281583343,0.19659748104356767,Pass
EOG799D90|Lucilia_sericata|CAKAJG01.1|CAKAJG010000453.1_198,0.20835694640819052,0.5602926146115481,0.18160469147981806,Pass
EOG799D90|Lucilia_sericata|CAJSMG01_1|CAJSMG010000718.1_105,0.1731561119630188,0.7037446825009502,0.24634718264213218,Pass
EOG799D90|Stomoxys_calcitrans|CAKLPK01.1|CAKLPK010000094.1_88,0.12583349891828408,0.49282672777792946,0.1567898319410902,Pass
EOG799D90|Glossina_morsitans|CAKLPK01.1_3|CAKLPK010000094.1_87,0.1867674331383802,0.7147159757900995,0.23374445443873582,Pass
EOG799D90|Stomoxys_calcitrans|CAJHUJ01.1|CAJHUJ010000145.1_292,0.17271605169207954,0.5514467018624588,0.17663732497744655,Pass
EOG799D90|Lucilia_sericata|CAJSMD01.1_1|CAJSMD010000586.1_192,0.2668374186937004,0.6138449300849381,0.20291979091372014,Pass
EOG799D90|Lucilia_sericata|CAJSMG01|CAJSMG010000718.1_106,0.1745744953728874,0.5583497146157764,0.17933705433525882,Pass
EOG799D90|Lucilia_sericata|CAJZBV01_1|CAJZBV010000137.1_194,0.29120130841298686,0.5902390572263635,0.19403548370738566,Pass
EOG799D90|Lucilia_sericata|CAKAIX01.1|CAKAIX010000240.1_186,0.23098544461420634,0.5467558600415415,0.1738868352521371,Pass
EOG799D90|Lucilia_sericata|CAKLPK01.1_1|CAKLPK010000094.1_89,0.2570861584278033,0.6234304967501689,0.20890295629098043,Pass
EOG799D90|Lucilia_sericata|JXPC01.1|JXPC01132050.1_1,0.22345517030860493,0.5622569315284137,0.17701368784805904,Pass
EOG799D90|Lucilia_sericata|JSM_6153_S10_SPM|NODE_12901_length_2765_cov_1.252843_R,0.28815830144485716,0.6216738984540077,0.20851936836771956,Pass
EOG799D90|Ceratitis_capitata|JSM_11396_S7_SPM_5|NODE_16587_length_721_cov_1.538721_S,0.2179218851414185,0.6796481001727116,0.23419838008456917,Pass
