EOG7W1GQD|Drosophila_melanogaster|GCLW01.1|GCLW01017754.1,0.1442491642022953,0.24166879795396415,0.04283887468030689,Pass
EOG7W1GQD|Drosophila_melanogaster|GIFO01.1|GIFO01045927.1,0.14434579911631948,0.24166879795396415,0.04283887468030689,Pass
EOG7W1GQD|Drosophila_melanogaster|GCMS01.1|GCMS01034082.1,0.1491477776877853,0.24166879795396415,0.04283887468030689,Pass
EOG7W1GQD|Drosophila_melanogaster|GIFG01.1|GIFG01023125.1,0.14037332534280889,0.24166879795396415,0.04283887468030689,Pass
EOG7W1GQD|Drosophila_melanogaster|130928_232_126|C132047_a_42_0_l_1320,0.16996952746183286,0.24166879795396415,0.04283887468030689,Pass
EOG7W1GQD|Drosophila_melanogaster|GIGW01.1|GIGW01015508.1,0.17865352508124752,0.24166879795396415,0.04283887468030689,Pass
EOG7W1GQD|Drosophila_melanogaster|GDDE01.1|GDDE01019248.1,0.18937330305905756,0.24166879795396415,0.04283887468030689,Pass
EOG7W1GQD|Drosophila_melanogaster|GIGP01.1|GIGP01016639.1,0.15912377476694264,0.24166879795396415,0.04283887468030689,Pass
EOG7W1GQD|Drosophila_melanogaster|GDDC01.1|GDDC01024446.1,0.136383431598209,0.24166879795396415,0.04283887468030689,Pass
EOG7W1GQD|Drosophila_melanogaster|130501_249_44|s5379_L_8457_0_a_39_9_l_1659,0.16799590361242867,0.24166879795396415,0.04283887468030689,Pass
EOG7W1GQD|Drosophila_melanogaster|GIGL01.1|GIGL01003381.1,0.16450944096976644,0.24166879795396415,0.04283887468030689,Pass
EOG7W1GQD|Drosophila_melanogaster|GCNK01.1|GCNK01081456.1,0.13798563038200856,0.24166879795396415,0.04283887468030689,Pass
EOG7W1GQD|Drosophila_melanogaster|120823_263_57|C148842_a_43_0_l_1717,0.1940495239999778,0.24166879795396415,0.04283887468030689,Pass
EOG7W1GQD|Bactrocera_dorsalis|GIGS01.1|GIGS01050862.1,0.13640926535742015,0.24862448379249869,0.04441969206040186,Pass
EOG7W1GQD|Teleopsis_dalmanni|130608_189_16|C140935_a_30_0_l_1344,0.15413867277191798,0.24862448379249869,0.04441969206040186,Pass
EOG7W1GQD|Rhagoletis_pomonella|GCNB01.1|GCNB01008236.1,0.12751140382472273,0.24862448379249869,0.04441969206040186,Pass
EOG7W1GQD|Teleopsis_dalmanni|GIFR01.1|GIFR01060590.1,0.16667295500350604,0.24862448379249869,0.04441969206040186,Pass
EOG7W1GQD|Glossina_morsitans|GCGW01.1|GCGW01034831.1,0.20106947489965302,0.24862448379249869,0.04441969206040186,Pass
EOG7W1GQD|Drosophila_melanogaster|130928_232_22|s4451_L_5568_0_a_20_0_l_1767,0.15850956285862164,0.24122440946584817,0.04319106877922385,Pass
EOG7W1GQD|Drosophila_melanogaster|CAJHUJ01.1|CAJHUJ010000308.1_29,0.15218952644126515,0.24122440946584817,0.04319106877922385,Pass
EOG7W1GQD|Drosophila_melanogaster|130919_247_37|s4910_L_7970_0_a_71_9_l_1623,0.15381966859706805,0.24122440946584817,0.04319106877922385,Pass
EOG7W1GQD|Bactrocera_dorsalis|130928_232_71|C94162_a_47_0_l_1571,0.15979347521186063,0.25663222361809035,0.04681532663316579,Pass
EOG7W1GQD|Bactrocera_oleae|CAJSMG01|CAJSMG010000405.1_307,0.16493487659884384,0.25663222361809035,0.04681532663316579,Pass
EOG7W1GQD|Rhagoletis_pomonella|GCGS01.1|GCGS01016811.1,0.1318168167938075,0.25663222361809035,0.04681532663316579,Pass
EOG7W1GQD|Bactrocera_dorsalis|GIFM01.1|GIFM01013537.1,0.15057568683283346,0.25691376677006034,0.04693024220539843,Pass
EOG7W1GQD|Ceratitis_capitata|130314_269_33|s2874_L_4946_0_a_65_9_l_1886,0.1254162608433599,0.25691376677006034,0.04693024220539843,Pass
EOG7W1GQD|Bactrocera_dorsalis|130928_232_37|C108818_a_29_0_l_1238,0.154876599191591,0.25691376677006034,0.04693024220539843,Pass
EOG7W1GQD|Drosophila_melanogaster|130919_247_44|C102050_a_13_0_l_1127,0.15494447655390128,0.24428907087993768,0.045106590651201484,Pass
EOG7W1GQD|Drosophila_melanogaster|GCFU01.1|GCFU01012847.1,0.19178676009160464,0.24428907087993768,0.045106590651201484,Pass
EOG7W1GQD|Drosophila_melanogaster|130919_247_21|C127536_a_66_0_l_1536,0.1517973958158142,0.24428907087993768,0.045106590651201484,Pass
EOG7W1GQD|Bactrocera_dorsalis|130928_232_84|C56060_a_61_0_l_1530,0.15941102391428286,0.2547535496474175,0.04602391842957876,Pass
EOG7W1GQD|Bactrocera_dorsalis|130919_247_17|C77626_a_48_0_l_1404,0.14682728624780786,0.2547535496474175,0.04602391842957876,Pass
EOG7W1GQD|Drosophila_melanogaster|120429_266_9|C101995_a_46_0_l_1370,0.1649180812483138,0.24214034526854225,0.04303134297197142,Pass
EOG7W1GQD|Drosophila_melanogaster|GIGU01.1|GIGU01020287.1,0.13970928695612658,0.24214034526854225,0.04303134297197142,Pass
EOG7W1GQD|Drosophila_melanogaster|130919_247_55|C100816_a_57_0_l_1398,0.20907175413066661,0.25451885378514916,0.04644711113757949,Pass
EOG7W1GQD|Bradysia_coprophila|CAJSMD01.1|CAJSMD010000079.1_665,0.20907175413066661,0.25451885378514916,0.04644711113757949,Pass
EOG7W1GQD|Drosophila_melanogaster|131012_246_93|s2633_L_5873_0_a_59_7_l_1431,0.20442733257076762,0.23787867709094998,0.04066595421564767,Pass
EOG7W1GQD|Drosophila_melanogaster|120126_283_11|C126317_a_58_0_l_1696,0.14961368895651078,0.25248665002430976,0.04536826321616949,Pass
EOG7W1GQD|Drosophila_melanogaster|GIFT01.1|GIFT01021133.1,0.18941409632932324,0.23856798974458365,0.041760787210596395,Pass
EOG7W1GQD|Drosophila_melanogaster|GCMC01.1|GCMC01019268.1,0.17623463461471903,0.23856798974458365,0.041760787210596395,Pass
EOG7W1GQD|Drosophila_melanogaster|GIGT01.1|GIGT01033065.1,0.16203624879375103,0.23856798974458365,0.041760787210596395,Pass
EOG7W1GQD|Bactrocera_dorsalis|GIGO01.1|GIGO01010706.1,0.17533432860831288,0.23856798974458365,0.041760787210596395,Pass
EOG7W1GQD|Drosophila_melanogaster|120707_249_19|s10603_L_29942_0_a_6_6_l_1216,0.1848611876865651,0.23856798974458365,0.041760787210596395,Pass
EOG7W1GQD|Drosophila_melanogaster|130919_247_71|C75949_a_59_0_l_1736,0.1505330998463178,0.25063070857173336,0.044128516625590475,Pass
EOG7W1GQD|Ceratitis_capitata|GIFE01.1|GIFE01013154.1,0.14290875452019344,0.25260099330933183,0.04516992650714191,Pass
EOG7W1GQD|Bactrocera_dorsalis|GCVD01.1|GCVD01016217.1,0.17562407726075366,0.25260099330933183,0.04516992650714191,Pass
EOG7W1GQD|Bactrocera_dorsalis|CAJHUG01.1|CAJHUG010000089.1_101,0.2041886106697688,0.2536603204234807,0.045461519773939085,Pass
EOG7W1GQD|Bactrocera_dorsalis|GAVA02.1|GAVA02023963.1,0.13251195688288733,0.2536603204234807,0.045461519773939085,Pass
EOG7W1GQD|Teleopsis_dalmanni|GCFJ01.1|GCFJ01024784.1,0.1905188791725183,0.25044100292051613,0.045722985225038815,Pass
EOG7W1GQD|Teleopsis_dalmanni|GCGG01.1|GCGG01010199.1,0.21077756833212455,0.25044100292051613,0.045722985225038815,Pass
EOG7W1GQD|Lucilia_sericata|GCFF01.1|GCFF01021711.1,0.12831130365791996,0.25977962100820595,0.0472322662877519,Pass
EOG7W1GQD|Lucilia_sericata|GHEX01.1|GHEX01006240.1,0.12519188537850548,0.25977962100820595,0.0472322662877519,Pass
EOG7W1GQD|Bactrocera_dorsalis|GCFV01.1|GCFV01025062.1,0.16217162975967706,0.24323290107399806,0.04210870161471536,Pass
EOG7W1GQD|Drosophila_melanogaster|GAZD02.1|GAZD02015919.1,0.15350435999418996,0.2390677345514749,0.04187389820965348,Pass
EOG7W1GQD|Drosophila_melanogaster|AHE_275_S22_SPM|NODE_90_length_2145_cov_2.819149_S,0.2213922933397148,0.2390677345514749,0.04187389820965348,Pass
EOG7W1GQD|Drosophila_melanogaster|GIGV01.1|GIGV01019917.1,0.1579727786849165,0.2390677345514749,0.04187389820965348,Pass
EOG7W1GQD|Drosophila_melanogaster|GCGH01.1|GCGH01036264.1,0.16951216188476328,0.23858768220471627,0.044365753077875936,Pass
EOG7W1GQD|Bactrocera_dorsalis|GCNJ01.1|GCNJ01028116.1,0.14920864597912253,0.25443431803896926,0.045883092394720326,Pass
EOG7W1GQD|Bactrocera_dorsalis|GIFS01.1|GIFS01022826.1,0.14779425347595965,0.25443431803896926,0.045883092394720326,Pass
EOG7W1GQD|Musca_domestica|GCFN01.1|GCFN01002038.1,0.12959489672981167,0.25443431803896926,0.045883092394720326,Pass
EOG7W1GQD|Drosophila_melanogaster|GCGQ01.1|GCGQ01045544.1,0.15687860632914308,0.25981822025608825,0.046397175690818915,Pass
EOG7W1GQD|Drosophila_melanogaster|GDDH01.1|GDDH01061067.1,0.17891518342155316,0.2438783728348322,0.04420357520158891,Pass
EOG7W1GQD|Drosophila_melanogaster|GCMY01.1|GCMY01081211.1,0.22377147471846315,0.25568777012090743,0.04583336513096814,Pass
EOG7W1GQD|Bactrocera_dorsalis|GIFH01.1|GIFH01033386.1,0.1577410155343429,0.30131822712083023,0.054757577534150226,Pass
EOG7W1GQD|Drosophila_melanogaster|GIFH01.1_2|GIFH01005599.1,0.10119375725290437,0.21303454283206916,0.046553102381635125,Pass
EOG7W1GQD|Drosophila_melanogaster|GIGR01.1|GIGR01034967.1,0.14556559738652303,0.22259770695510803,0.040829005335785595,Pass
EOG7W1GQD|Scaptodrosophila_lebanonensis|GIFF01.1|GIFF01007872.1,0.12308269463278809,0.24055470931708556,0.04516322903875947,Pass
EOG7W1GQD|Drosophila_melanogaster|GIGQ01.1|GIGQ01017211.1,0.17078652505377473,0.24142760566908716,0.0421313232904873,Pass
EOG7W1GQD|Aedes_aegypti|AHE_100_S30_merged_SPM|NODE_1691_length_244_cov_0.886228_R,0.15566458519179305,0.27405021834061144,0.07111127842192444,Pass
EOG7W1GQD|Teleopsis_dalmanni|AHE_101_S25_merged_SPM|NODE_18541_length_233_cov_0.865385_R,0.10930027058562995,0.25825148709691864,0.07160427568317018,Pass
EOG7W1GQD|Scaptodrosophila_lebanonensis|AHE_103_S38_merged_SPM|NODE_23925_length_255_cov_0.764045_R,0.16139231651697028,0.3644117647058825,0.10588235294117654,Pass
EOG7W1GQD|Bactrocera_oleae|AHE_105_S55_merged_SPM|NODE_23766_length_243_cov_0.722892_S,0.22502855074863223,0.5519328703703703,0.15095899470899465,Pass
EOG7W1GQD|Drosophila_ficusphila|AHE_111_S34_merged_SPM|NODE_17672_length_231_cov_0.961039_R,0.17170069308687042,0.3006991978609626,0.05687165775401071,Pass
EOG7W1GQD|Drosophila_ficusphila|AHE_116_S35_merged_SPM|NODE_42153_length_233_cov_0.948718_R,0.1873758649275068,0.40018272425249146,0.10299003322259126,Pass
EOG7W1GQD|Contarinia_nasturtii|AHE_121_S5_merged_SPM|NODE_458737_length_105_cov_150_AU,0.10042674253200568,0.26638484681033964,0.08605022410511454,Pass
EOG7W1GQD|Drosophila_ficusphila|AHE_123_S56_merged_SPM|NODE_31044_length_302_cov_0.973333_S,0.17350576027178974,0.32117047634271095,0.07165121483375958,Pass
EOG7W1GQD|Drosophila_melanogaster|AHE_124_S16_merged_SPM|NODE_3906_length_499_cov_0.857820_S,0.14799683018333792,0.2140300309458224,0.04797852289940863,Pass
EOG7W1GQD|Drosophila_melanogaster|AHE_189_S21_merged_SPM|NODE_15591_length_446_cov_0.802168_S,0.13673609003331588,0.2140300309458224,0.04797852289940863,Pass
EOG7W1GQD|Drosophila_melanogaster|CAJZLI01|CAJZLI010000446.1_2708,0.14408150475060671,0.2140300309458224,0.04797852289940863,Pass
EOG7W1GQD|Drosophila_melanogaster|AHE_130_S26_merged_SPM|NODE_20855_length_269_cov_0.750000_S,0.14511425113466037,0.22465142524028037,0.04965546105439378,Pass
EOG7W1GQD|Drosophila_melanogaster|AHE_132_S13_merged_SPM|NODE_13199_length_417_cov_0.870588_S,0.15559472643130468,0.22598180837354281,0.05064884466688646,Pass
EOG7W1GQD|Bactrocera_dorsalis|AHE_133_S17_merged_SPM|NODE_58550_length_292_cov_0.841860_R,0.18315259180697335,0.3757161125319691,0.07928388746803061,Pass
EOG7W1GQD|Drosophila_melanogaster|AHE_138_S13_merged_SPM|NODE_51413_length_242_cov_0.945455_S,0.1779770373023874,0.26246831106543345,0.056833351053147685,Pass
EOG7W1GQD|Drosophila_ficusphila|AHE_138_S13_merged_SPM_1|NODE_54875_length_354_cov_0.714801_R,0.1874289409644286,0.2801806972789114,0.05123299319727881,Pass
EOG7W1GQD|Ceratitis_capitata|AHE_139_S14_merged_SPM|NODE_16132_length_315_cov_0.521008_S,0.14001818999275828,0.3017859476302962,0.0817711212745641,Pass
EOG7W1GQD|Scaptodrosophila_lebanonensis|AHE_141_S15_merged_SPM|NODE_10548_length_253_cov_0.840909_R,0.16203572297461682,0.3632602339181288,0.08172010485985082,Pass
EOG7W1GQD|Rhagoletis_pomonella|AHE_143_S57_merged_SPM|NODE_10118_length_433_cov_0.710674_S,0.1235689300307212,0.28191183310079077,0.07999468473855564,Pass
EOG7W1GQD|Drosophila_melanogaster|AHE_146_S23_merged_SPM|NODE_120116_length_236_cov_0.660377_S,0.11091874877041118,0.1881954092419208,0.04614919963757169,Pass
EOG7W1GQD|Drosophila_melanogaster|AHE_173_S62_merged_SPM|NODE_50797_length_233_cov_1.423077_S,0.10390224035398353,0.1881954092419208,0.04614919963757169,Pass
EOG7W1GQD|Bactrocera_dorsalis|AHE_146_S23_merged_SPM_1|NODE_73509_length_239_cov_0.876543_R,0.13156877429634997,0.3340359858691095,0.08415064966169683,Pass
EOG7W1GQD|Hermetia_illucens|AHE_147_S43_merged_SPM|NODE_4618_length_242_cov_0.896970_R,0.09300879323833366,0.23883177764596925,0.07034412428849413,Pass
EOG7W1GQD|Contarinia_nasturtii|AHE_151_S53_merged_SPM|NODE_41903_length_244_cov_0.838323_R,0.1310847541388683,0.19939822225349305,0.04641372476590855,Pass
EOG7W1GQD|Aedes_aegypti|AHE_159_S64_merged_SPM|NODE_30518_length_237_cov_0.812500_R,0.11245871705106575,0.23439506025533935,0.05832239589547783,Pass
EOG7W1GQD|Contarinia_nasturtii|AHE_15_S51_merged_SPM|NODE_14418_length_359_cov_0.833333_S,0.15727554179566564,0.1900528088167765,0.04658400938823415,Pass
EOG7W1GQD|Scaptodrosophila_lebanonensis|AHE_272_S22_SPM|NODE_559184_length_301_cov_624_AU,0.197705302624689,0.35804185613636935,0.08050387375399015,Pass
EOG7W1GQD|Scaptodrosophila_lebanonensis|AHE_15_S51_merged_SPM_1|NODE_50228_length_349_cov_0.948529_R,0.2358718519949255,0.35804185613636935,0.08050387375399015,Pass
EOG7W1GQD|Drosophila_melanogaster|AHE_161_S18_merged_SPM|NODE_5293_length_286_cov_1.062201_R,0.13726396397255558,0.2140209790209791,0.04742154397326814,Pass
EOG7W1GQD|Teleopsis_dalmanni|AHE_279_S25_SPM|NODE_81688_length_307_cov_0.965217_R,0.1529268077838022,0.2985349770642203,0.08236402359108785,Pass
EOG7W1GQD|Scaptodrosophila_lebanonensis|AHE_162_S18_merged_SPM|NODE_20506_length_268_cov_0.994764_S,0.16039382449640596,0.2985349770642203,0.08236402359108785,Pass
EOG7W1GQD|Drosophila_melanogaster|AHE_171_S44_merged_SPM|NODE_23643_length_376_cov_0.742475_R,0.1324389404884761,0.19080327643171802,0.04347270295783512,Pass
EOG7W1GQD|Drosophila_melanogaster|AHE_176_S44_merged_SPM|NODE_4198_length_325_cov_0.354839_S,0.1799941340121933,0.24589346349745345,0.05267402376910024,Pass
EOG7W1GQD|Drosophila_melanogaster|AHE_177_S46_merged_SPM|NODE_3069_length_268_cov_0.774869_R,0.14595514886643554,0.2257228915662652,0.05370051635111883,Pass
EOG7W1GQD|Contarinia_nasturtii|AHE_179_S20_merged_SPM|NODE_42599_length_271_cov_0.762887_S,0.17352237064646933,0.236954087449828,0.04825313545731791,Pass
EOG7W1GQD|Teleopsis_dalmanni|AHE_180_S71_merged_SPM|NODE_46562_length_259_cov_1.313187_R,0.16059758624560133,0.36222297331130127,0.08101747533924186,Pass
EOG7W1GQD|Contarinia_nasturtii|AHE_184_S38_merged_SPM|NODE_64320_length_229_cov_0.802632_S,0.14973738058277541,0.21762767624020904,0.04760313315926901,Pass
EOG7W1GQD|Bactrocera_dorsalis|AHE_188_S54_merged_SPM|NODE_49800_length_242_cov_1.357576_R,0.1294656174907754,0.22569099378881996,0.06599378881987583,Pass
EOG7W1GQD|Drosophila_melanogaster|AHE_194_S22_merged_SPM|NODE_11062_length_275_cov_1.040404_R,0.20037472943450807,0.2664756777212054,0.06204417228567494,Pass
EOG7W1GQD|Drosophila_ficusphila|AHE_195_S23_merged_SPM|NODE_286232_length_187_cov_444_AU,0.11047759349988107,0.26415750915750924,0.05494505494505497,Pass
EOG7W1GQD|Drosophila_ficusphila|AHE_203_S24_merged_SPM|NODE_25061_length_246_cov_0.875740_R,0.18484793298124202,0.383131187808607,0.10010777752713229,Pass
EOG7W1GQD|Zeugodacus_cucurbitae|AHE_207_S65_merged_SPM|NODE_36034_length_257_cov_0.816667_R,0.24950806569683687,0.5487573458702854,0.15113794208782994,Pass
EOG7W1GQD|Zeugodacus_cucurbitae|JSM_7821_S9_SPM_1|NODE_1347851_length_263_cov_466_AU,0.15894609299997842,0.3417549668874172,0.08609271523178808,Pass
EOG7W1GQD|Bactrocera_dorsalis|JSM_8931_S10_SPM|NODE_530310_length_312_cov_670_AU,0.16868070306161156,0.3417549668874172,0.08609271523178808,Pass
EOG7W1GQD|Glossina_morsitans|AHE_211_S38_merged_SPM|NODE_19325_length_270_cov_0.725389_S,0.20384573874878584,0.3417549668874172,0.08609271523178808,Pass
EOG7W1GQD|Glossina_morsitans|CAJNIT01_1|CAJNIT010000221.1_204,0.1845076453722069,0.3417549668874172,0.08609271523178808,Pass
EOG7W1GQD|Zeugodacus_cucurbitae|AHE_6_S42_merged_SPM|NODE_12121_length_426_cov_0.664756_S,0.21211807449470313,0.3417549668874172,0.08609271523178808,Pass
EOG7W1GQD|Scaptodrosophila_lebanonensis|AHE_213_S29_merged_SPM|NODE_97353_length_129_cov_198_AU,0.1783024385200216,0.20490366088631992,0.05813567204836889,Pass
EOG7W1GQD|Glossina_morsitans|AHE_22_S34_merged_SPM|NODE_29930_length_230_cov_0.967320_S,0.253872013401645,0.49780067283431445,0.13942088189354795,Pass
EOG7W1GQD|Scaptodrosophila_lebanonensis|AHE_253_S20_SPM|NODE_65151_length_231_cov_0.961039_R,0.2453653038474853,0.28675531914893615,0.05638297872340425,Pass
EOG7W1GQD|Bactrocera_dorsalis|AHE_257_S20_SPM|NODE_55053_length_401_cov_1.370370_R,0.24458356720322386,0.31006351253103603,0.07707238782424997,Pass
EOG7W1GQD|Bactrocera_oleae|AHE_259_S18_SPM|NODE_193148_length_387_cov_0.796774_R,0.1321251502968998,0.21491266565914902,0.05293827016972796,Pass
EOG7W1GQD|Ceratitis_capitata|AHE_260_S19_SPM|NODE_37984_length_245_cov_0.880952_R,0.218892514083834,0.23521829521829535,0.05645975645975654,Pass
EOG7W1GQD|Scaptodrosophila_lebanonensis|AHE_262_S21_SPM|NODE_28709_length_281_cov_0.725490_S,0.17014184097368948,0.3523860113665719,0.08243993800051663,Pass
EOG7W1GQD|Drosophila_melanogaster|AHE_265_S23_SPM|NODE_197928_length_123_cov_186_AU,0.016815839002521177,0.0643406593406594,0.02197802197802201,Pass
EOG7W1GQD|Lucilia_sericata|AHE_266_S26_SPM|NODE_166630_length_117_cov_174_A,0.06390495728148723,0.19251893802755943,0.054541519370896796,Pass
EOG7W1GQD|Drosophila_melanogaster|AHE_267_S19_SPM|NODE_25690_length_231_cov_0.961039_R,0.1921254904709175,0.26015463917525783,0.05154639175257736,Pass
EOG7W1GQD|Bactrocera_oleae|AHE_270_S22_SPM|NODE_21571_length_331_cov_0.874016_S,0.2021218499233126,0.278037218800787,0.04814066375844672,Pass
EOG7W1GQD|Scaptodrosophila_lebanonensis|AHE_271_S21_SPM|NODE_183094_length_510_cov_1.568129_R,0.17660296113846005,0.310998620925809,0.059288463387691004,Pass
EOG7W1GQD|Contarinia_nasturtii|AHE_273_S20_SPM|NODE_71760_length_266_cov_0.783069_R,0.10365491721810938,0.19389595804775533,0.045017688963436386,Pass
EOG7W1GQD|Scaptodrosophila_lebanonensis|AHE_274_S21_SPM|NODE_227793_length_133_cov_206_AU,0.24953560371517028,0.6081418869577918,0.1640499488827224,Pass
EOG7W1GQD|Scaptodrosophila_lebanonensis|AHE_276_S23_SPM|NODE_16400_length_255_cov_0.831461_R,0.1958168459615207,0.3798466257668712,0.11042944785276076,Pass
EOG7W1GQD|Drosophila_melanogaster|AHE_277_S24_SPM|NODE_6545_length_403_cov_0.889571_R,0.1556855142285749,0.2399358974358975,0.04356357927786503,Pass
EOG7W1GQD|Drosophila_melanogaster|AHE_280_S24_SPM|NODE_62893_length_384_cov_0.964169_R,0.1563481918636919,0.257308176100629,0.05446540880503148,Pass
EOG7W1GQD|Bactrocera_oleae|JSS18587_S35_SPM|NODE_57248_length_207_cov_354_AU,0.10498468393205238,0.09795037663159095,0.027025472945776507,Fail
EOG7W1GQD|Glossina_morsitans|AHE_281_S27_SPM|NODE_83710_length_257_cov_0.822222_R,0.05150576977202364,0.09795037663159095,0.027025472945776507,Pass
EOG7W1GQD|Bactrocera_oleae|AHE_282_S24_SPM|NODE_5308_length_242_cov_0.896970_R,0.17346573896156123,0.2682662835249044,0.05076628352490431,Pass
EOG7W1GQD|Drosophila_melanogaster|AHE_283_S23_SPM|NODE_158671_length_306_cov_1.340611_R,0.17201268270283163,0.2140209790209791,0.04742154397326814,Pass
EOG7W1GQD|Teleopsis_dalmanni|AHE_283_S23_SPM_1|NODE_73957_length_240_cov_0.907975_R,0.24028822055137847,0.37468248772504076,0.08935234977788165,Pass
EOG7W1GQD|Drosophila_melanogaster|AHE_4_S10_merged_SPM|NODE_4457_length_376_cov_0.742475_R,0.21451861339087216,0.2570303567908535,0.0493649854974515,Pass
EOG7W1GQD|Drosophila_melanogaster|AHE_51_S42_merged_SPM|NODE_20490_length_234_cov_0.942675_R,0.17295182822672742,0.27705781677869046,0.06264002987303952,Pass
EOG7W1GQD|Hermetia_illucens|AHE_52_S1_merged_SPM|NODE_59896_length_235_cov_0.689873_S,0.17739962446735816,0.21962156801336252,0.054577722100427994,Pass
EOG7W1GQD|Drosophila_melanogaster|AHE_53_S32_merged_SPM|NODE_2666_length_640_cov_0.856128_S,0.23782960928747243,0.22954979749553972,0.04307468567418338,Fail
EOG7W1GQD|Rhagoletis_pomonella|JSM_11249_S5_SPM_1|NODE_138100_length_692_cov_1.700885_R,0.19897310385774156,0.3503631736973232,0.08960626903174973,Pass
EOG7W1GQD|Bactrocera_dorsalis|CAJZBV01_1|CAJZBV010000167.1_1296,0.13830060748764225,0.3503631736973232,0.08960626903174973,Pass
EOG7W1GQD|Bactrocera_dorsalis|CAKKXW01_1|CAKKXW010000004.1_18651,0.14811125341449752,0.3503631736973232,0.08960626903174973,Pass
EOG7W1GQD|Ceratitis_capitata|AHE_58_S43_merged_SPM|NODE_20347_length_246_cov_1.284024_R,0.21402880667474136,0.3503631736973232,0.08960626903174973,Pass
EOG7W1GQD|Drosophila_melanogaster|AHE_61_S61_merged_SPM|NODE_33241_length_248_cov_0.859649_S,0.18107982457994518,0.22460770271345593,0.05043367549932365,Pass
EOG7W1GQD|Drosophila_melanogaster|AHE_63_S36_merged_SPM|NODE_49736_length_547_cov_0.761702_R,0.173719075707787,0.2081297709923664,0.04427480916030535,Pass
EOG7W1GQD|Rhagoletis_pomonella|AHE_66_S68_merged_SPM|NODE_55663_length_266_cov_0.783069_R,0.1696534735827522,0.3662575915321882,0.10063335068540691,Pass
EOG7W1GQD|Hermetia_illucens|AHE_78_S12_merged_SPM|NODE_2757_length_257_cov_0.822222_R,0.12478466617364209,0.24641081871345033,0.047514619883040954,Pass
EOG7W1GQD|Lucilia_sericata|AHE_81_S53_merged_SPM|NODE_1839_length_103_cov_146_AU,0.06986977535264761,0.12920953211275804,0.037460040685847185,Pass
EOG7W1GQD|Drosophila_melanogaster|AHE_8_S50_merged_SPM|NODE_10609_length_555_cov_0.776151_S,0.17525044362582445,0.21995925834349683,0.04712863695336311,Pass
EOG7W1GQD|Scaptodrosophila_lebanonensis|AHE_95_S21_merged_SPM|NODE_28296_length_299_cov_1.333333_S,0.13227527481215556,0.3044743581103848,0.08774176157423008,Pass
EOG7W1GQD|Scaptodrosophila_lebanonensis|CNC457399_S7_SPM|NODE_32386_length_160_cov_260_AU,0.17960961031880365,0.2737866114678382,0.06487270474259321,Pass
EOG7W1GQD|Contarinia_nasturtii|CNC484132_S5_SPM|NODE_1035_length_485_cov_1.801676_g1033_i0_R,0.17528503973281123,0.18521495998358306,0.04591627334290993,Pass
EOG7W1GQD|Drosophila_melanogaster|CNC485132_S85_SPM|NODE_110391_length_240_cov_862_AU,0.21795887246025752,0.2740349624457844,0.06810007405056595,Pass
EOG7W1GQD|Bactrocera_oleae|JSM_11457_S8_SPM_1|NODE_146934_length_813_cov_1.155977_R,0.12320710180719055,0.2740349624457844,0.06810007405056595,Pass
EOG7W1GQD|Teleopsis_dalmanni|CNC485197_S96_SPM|NODE_1022_length_450_cov_1.012384_S,0.16921924070194871,0.3026516634050881,0.07436399217221135,Pass
EOG7W1GQD|Musca_domestica|CNC485277_S24_SPM|NODE_192756_length_166_cov_272_AU,0.1853349910605822,0.2167113949763662,0.0635962342278995,Pass
EOG7W1GQD|Lucilia_sericata|CNC485522_S83_SPM|NODE_18667_length_231_cov_402_A,0.20166199413137142,0.3638351902037538,0.08767439526247112,Pass
EOG7W1GQD|Lucilia_sericata|CNC485542_S26_SPM|NODE_23939_length_152_cov_244_AU,0.1140759638095847,0.24154332822085903,0.0639953987730062,Pass
EOG7W1GQD|Drosophila_melanogaster|CNC485632_S93_SPM|NODE_11081_length_173_cov_286_AU,0.20143884892086328,0.2579169360051713,0.06286360698125404,Pass
EOG7W1GQD|Drosophila_melanogaster|JSM_10605_S1_SPM_1|NODE_2050792_length_165_cov_270_AU,0.18799703701255965,0.2579169360051713,0.06286360698125404,Pass
EOG7W1GQD|Rhagoletis_pomonella|CNC_Dip1380_S12_SPM|NODE_15720_length_267_cov_904_AU,0.23886885076795503,0.3873520639465522,0.10349558577905038,Pass
EOG7W1GQD|Bactrocera_dorsalis|CNC_Diptera12811_S75_SPM|NODE_36629_length_172_cov_284_AU,0.19311826076819957,0.21851351351351347,0.05405405405405406,Pass
EOG7W1GQD|Hermetia_illucens|JSBVM_26_S2_SPM|NODE_1271384_length_144_cov_228_AU,0.1640199604994857,0.23446745426654764,0.05497172424846031,Pass
EOG7W1GQD|Scaptodrosophila_lebanonensis|JSM4882_S65_SPM|NODE_15107_length_95_cov_195_A,0.2229486760379209,0.38454936360509107,0.09047127622979012,Pass
EOG7W1GQD|Drosophila_melanogaster|JSM_10051_S8_SPM|NODE_52236_length_383_cov_734_AU,0.19609731076938033,0.22759989524726706,0.05101796002500547,Pass
EOG7W1GQD|Bradysia_coprophila|JSM_10506_S5_SPM|NODE_101157_length_186_cov_3.864407_R,0.12458356239797519,0.23009727626459153,0.05058365758754868,Pass
EOG7W1GQD|Drosophila_melanogaster|JSM_10540_S15_SPM|NODE_2695452_length_207_cov_532_AU,0.0969566380279296,0.23832089552238817,0.057462686567164245,Pass
EOG7W1GQD|Bactrocera_oleae|JSM_10540_S15_SPM_3|NODE_872802_length_239_cov_810_AU,0.14817058931369456,0.3921466565349543,0.09825227963525829,Pass
EOG7W1GQD|Drosophila_melanogaster|JSM_10540_S15_SPM_1|NODE_211915_length_206_cov_352_AU,0.1651575905904276,0.20092753623188414,0.05039337474120087,Pass
EOG7W1GQD|Hermetia_illucens|JSM_10540_S15_SPM_2|NODE_2157644_length_412_cov_1447_AU,0.18774337842168903,0.30006437768240335,0.06437768240343344,Pass
EOG7W1GQD|Rhagoletis_pomonella|JSM_10609_S2_SPM|NODE_208410_length_532_cov_1.402469_R,0.14079774857442487,0.22269985827925695,0.04020525288636867,Pass
EOG7W1GQD|Glossina_morsitans|JSM_10611_S9_SPM|NODE_266780_length_251_cov_442_AU,0.12953671272523123,0.19392669347355407,0.04630816137157001,Pass
EOG7W1GQD|Scaptodrosophila_lebanonensis|JSM_10611_S9_SPM_1|NODE_245120_length_251_cov_442_AU,0.2052441882619428,0.2873557597637019,0.06775188710206759,Pass
EOG7W1GQD|Aedes_aegypti|JSM_10699_S3_SPM|NODE_73934_length_603_cov_1.294118_S,0.12699346428401415,0.2190198661000703,0.05399020281235145,Pass
EOG7W1GQD|Drosophila_melanogaster|JSM_11142_S4_SPM|NODE_1095701_length_362_cov_930_AU,0.1722098405623178,0.2178882558478376,0.046690106131208275,Pass
EOG7W1GQD|Lucilia_sericata|JSM_11142_S4_SPM_1|NODE_3585_length_1024_cov_1.219621_S,0.19075497619509638,0.2787163148726882,0.050574348802997826,Pass
EOG7W1GQD|Drosophila_melanogaster|JSM_11249_S5_SPM|NODE_87329_length_492_cov_2.578082_S,0.15087610966050458,0.21311669008755807,0.03856339855150792,Pass
EOG7W1GQD|Drosophila_melanogaster|JSM_11384_S6_SPM|NODE_134768_length_726_cov_1.979967_R,0.1657474308020785,0.2298735853368592,0.03991688223895584,Pass
EOG7W1GQD|Teleopsis_dalmanni|JSM_11384_S6_SPM_2|NODE_4521_length_1901_cov_0.762120_S,0.23346698035922903,0.3325355332317358,0.07168848941000838,Pass
EOG7W1GQD|Bactrocera_dorsalis|JSM_6310_S13_SPM_2|NODE_1333217_length_252_cov_556_AU,0.22670222854433383,0.32835251276183763,0.08230285161063189,Pass
EOG7W1GQD|Rhagoletis_pomonella|JSM_11396_S7_SPM|NODE_1929767_length_220_cov_532_AU,0.2165975831417716,0.32835251276183763,0.08230285161063189,Pass
EOG7W1GQD|Teleopsis_dalmanni|JSM_6153_S10_SPM_1|NODE_1063067_length_245_cov_1517_AU,0.18064401718390932,0.32835251276183763,0.08230285161063189,Pass
EOG7W1GQD|Contarinia_nasturtii|JSM_11457_S8_SPM|NODE_201468_length_549_cov_1.874408_R,0.12810327706057598,0.21079555274365785,0.036885950602696504,Pass
EOG7W1GQD|Contarinia_nasturtii|JSM_11685_S10_SPM|NODE_28247_length_753_cov_0.715655_S,0.15846887257119724,0.23261139755965368,0.041050110591923095,Pass
EOG7W1GQD|Ceratitis_capitata|JSM_11709_S11_SPM|NODE_3314715_length_213_cov_366_AU,0.24062302213549944,0.3594502859251061,0.09034969826336736,Pass
EOG7W1GQD|Glossina_morsitans|JSM_11709_S11_SPM_1|NODE_1684770_length_185_cov_310_AU,0.061960777963983936,0.18478996166994713,0.05047653579198175,Pass
EOG7W1GQD|Drosophila_melanogaster|JSM_11804_S12_SPM|NODE_113220_length_559_cov_3203_AU,0.14741615700921382,0.21589786493541263,0.04648283247439933,Pass
EOG7W1GQD|Teleopsis_dalmanni|JSM_11804_S12_SPM_1|NODE_28848_length_570_cov_1.483070_R,0.1851881685604342,0.3024711250294643,0.07206115095800925,Pass
EOG7W1GQD|Drosophila_melanogaster|JSM_11807_S13_SPM|NODE_42199_length_500_cov_1.361930_S,0.2073432526463839,0.21887323943661982,0.04647887323943667,Pass
EOG7W1GQD|Teleopsis_dalmanni|JSM_11807_S13_SPM_1|NODE_434215_length_165_cov_457_AU,0.2029213017053813,0.35455829326923083,0.07674278846153848,Pass
EOG7W1GQD|Contarinia_nasturtii|JSM_2977_S7_SPM|NODE_612200_length_237_cov_414_AU,0.13028472821397755,0.2516260373443982,0.07525933609958502,Pass
EOG7W1GQD|Drosophila_melanogaster|JSM_5812_S4_SPM|NODE_611444_length_287_cov_642_AU,0.17035304813717017,0.24467983114382236,0.05306908438011826,Pass
EOG7W1GQD|Hermetia_illucens|JSM_6006_S14_SPM|NODE_74651_length_531_cov_0.646040_S,0.18202081163485573,0.29907419513651823,0.05432878945626829,Pass
EOG7W1GQD|Teleopsis_dalmanni|JSM_6006_S14_SPM_1|NODE_17207_length_1246_cov_1.135836_S,0.15828688793528106,0.3260342465753425,0.08205479452054798,Pass
EOG7W1GQD|Bactrocera_dorsalis|JSM_6043_S6_SPM|NODE_698252_length_158_cov_256_AU,0.16840854615143921,0.2638180519414257,0.0659982652176132,Pass
EOG7W1GQD|Drosophila_ficusphila|JSM_6055_S7_SPM_1|NODE_874422_length_176_cov_292_AU,0.10651035170865553,0.20217249218528005,0.054845126456379734,Pass
EOG7W1GQD|Bactrocera_dorsalis|JSM_6055_S7_SPM_2|NODE_249964_length_262_cov_480_AU,0.21050106349282793,0.2976331492414144,0.07128800863327622,Pass
EOG7W1GQD|Teleopsis_dalmanni|JSM_6145_S8_SPM|NODE_731586_length_249_cov_480_AU,0.24269451896922933,0.3680734721516845,0.0832063653292704,Pass
EOG7W1GQD|Drosophila_melanogaster|JSM_6145_S8_SPM_1|NODE_317510_length_154_cov_248_A,0.1457656486896253,0.27608350767085077,0.07153068340306834,Pass
EOG7W1GQD|Teleopsis_dalmanni|JSM_6153_S10_SPM|NODE_3170_length_1311_cov_1.043074_S,0.23302765860974503,0.24292503202111082,0.04402665743694434,Pass
EOG7W1GQD|Drosophila_melanogaster|JSM_6163_S11_SPM|NODE_406734_length_400_cov_1377_AU,0.20157362469808435,0.311186612576065,0.06288032454361059,Pass
EOG7W1GQD|Rhagoletis_pomonella|JSM_6258_S12_SPM|NODE_325755_length_173_cov_374_AU,0.24779277669238053,0.37620736529906085,0.0961196243203164,Pass
EOG7W1GQD|Drosophila_melanogaster|JSM_642_S1_SPM|NODE_11992_length_940_cov_1.484625_S,0.19044237090558436,0.20524236192714454,0.03539952996474738,Pass
EOG7W1GQD|Bactrocera_oleae|JSM_642_S1_SPM_1|NODE_127530_length_184_cov_396_AU,0.2177509549438907,0.28032701133462956,0.06263804573529608,Pass
EOG7W1GQD|Scaptodrosophila_lebanonensis|JSM_6712_S3_SPM|NODE_53299_length_193_cov_6.000000_R,0.1512780557541989,0.27966069354571105,0.06046125767380128,Pass
EOG7W1GQD|Drosophila_melanogaster|JSM_6713_S4_SPM|NODE_10581_length_179_cov_3.000000_R,0.1816628649419554,0.2503358208955224,0.05597014925373134,Pass
EOG7W1GQD|Drosophila_melanogaster|JSM_6892_S6_SPM|NODE_113798_length_198_cov_336_AU,0.16513576795842655,0.29437908496732024,0.06209150326797386,Pass
EOG7W1GQD|Zeugodacus_cucurbitae|JSM_6892_S6_SPM_1|NODE_9140_length_202_cov_4.000000_R,0.14758437952323528,0.35704807266282684,0.09129375276916263,Pass
EOG7W1GQD|Glossina_morsitans|JSM_7037_II_S3_SPM|NODE_88987_length_169_cov_278_AU,0.16399774197884023,0.20962662337662333,0.04707792207792205,Pass
EOG7W1GQD|Aedes_aegypti|JSM_7174_S7_SPM|NODE_155300_length_145_cov_230_A,0.1458236294587731,0.26971774193548376,0.06854838709677413,Pass
EOG7W1GQD|Stomoxys_calcitrans|JSM_7192_S14_SPM|NODE_1200507_length_147_cov_234_AU,0.10982352239380881,0.2745412277655594,0.08434618204267474,Pass
EOG7W1GQD|Teleopsis_dalmanni|JSM_7804_S15_SPM|NODE_31423_length_454_cov_0.948012_S,0.19385415181484655,0.2958221797323136,0.07265774378585088,Pass
EOG7W1GQD|Drosophila_melanogaster|JSM_7821_S9_SPM|NODE_41848_length_542_cov_1.759036_S,0.15220769542168308,0.2157743431221021,0.04880989180834627,Pass
EOG7W1GQD|Scaptodrosophila_lebanonensis|JSM_8315_S13_SPM|NODE_13431_length_567_cov_1.477273_R,0.21373897192728314,0.29653439153439154,0.059964726631393295,Pass
EOG7W1GQD|Bombyx_mori|JSM_8384_S2_SPM|NODE_715253_length_117_cov_174_AU,0.21077271746701604,0.30840516220696196,0.08202699502723187,Pass
EOG7W1GQD|Bombyx_mori|JSM_8424_S12_SPM|NODE_1131047_length_124_cov_188_AU,0.1305382099316087,0.16747398843930628,0.05687861271676298,Pass
EOG7W1GQD|Drosophila_melanogaster|JSM_8601_S5_SPM|NODE_31151_length_466_cov_2.769912_R,0.1810717980811828,0.21469667545430748,0.04813245859411153,Pass
EOG7W1GQD|Drosophila_ficusphila|JSM_9156_S14_SPM|NODE_779312_length_212_cov_368_AU,0.1825478683979585,0.21223134508572816,0.050736537068341026,Pass
EOG7W1GQD|Teleopsis_dalmanni|JSM_9557_S16_SPM|NODE_111434_length_161_cov_262_AU,0.15760336179338902,0.27586879020382843,0.06414012245214284,Pass
EOG7W1GQD|Contarinia_nasturtii|JSM_9724_S16_SPM|NODE_2125050_length_352_cov_818_AU,0.18258714969241285,0.20776621205166879,0.044243000458986326,Pass
EOG7W1GQD|Anopheles_stephensi|JSS17021_S19_SPM|NODE_21531_length_150_cov_240_AU,0.22762489981298425,0.2529253576728168,0.06627096340678107,Pass
EOG7W1GQD|Lucilia_sericata|JSS17104_S21_SPM|NODE_71553_length_150_cov_240_A,0.13603999343440695,0.29490610328638506,0.07042253521126762,Pass
EOG7W1GQD|Rhagoletis_pomonella|JSS17128_S22_SPM|NODE_846_length_634_cov_1.094675_g828_i0_R,0.22493828192441412,0.34943956358287026,0.08101095129127167,Pass
EOG7W1GQD|Drosophila_melanogaster|JSS17803_S32_SPM|NODE_21986_length_255_cov_450_AU,0.19604229163582335,0.2749695121951221,0.057926829268292734,Pass
EOG7W1GQD|Contarinia_nasturtii|JSS19037_S73_SPM|NODE_128395_length_202_cov_344_AU,0.20472921434019833,0.2633586626139818,0.06079027355623101,Pass
EOG7W1GQD|Contarinia_nasturtii|Sander_Bot_Spec_74_S41_SPM|NODE_48966_length_175_cov_290_AU,0.21664195700518904,0.24581441672682552,0.06539932087377343,Pass
EOG7W1GQD|Drosophila_melanogaster|JXPC01.1|JXPC01076424.1,0.18872737451942156,0.22226773027430138,0.04966054581819368,Pass
EOG7W1GQD|Bactrocera_dorsalis|CAJZLI01_1|CAJZLI010000446.1_2709,0.14809125212244362,0.2767634140415614,0.049759317890197385,Pass
EOG7W1GQD|Scaptodrosophila_lebanonensis|CAKAIX01.1|CAKAIX010000507.1_48,0.16298076478818407,0.24766622896462687,0.046505230417112964,Pass
EOG7W1GQD|Drosophila_melanogaster|CAJZBV01|CAJZBV010000167.1_1294,0.14641106608404564,0.24766622896462687,0.046505230417112964,Pass
EOG7W1GQD|Hermetia_illucens|CAJNIT01|CAJNIT010000221.1_205,0.20949756918458348,0.2523012104534253,0.04759078400690653,Pass
EOG7W1GQD|Scaptodrosophila_lebanonensis|CAJMZT01.1|CAJMZT010000132.1_495,0.1724189462790003,0.2523012104534253,0.04759078400690653,Pass
EOG7W1GQD|Drosophila_melanogaster|CAJVCN01|CAJVCN010000114.1_110,0.1528428639530558,0.22729891010628714,0.043077823815528715,Pass
EOG7W1GQD|Teleopsis_dalmanni|CAJVCN01_1|CAJVCN010000114.1_109,0.18524658101947783,0.36554074074074056,0.07532275132275124,Pass
EOG7W1GQD|Bactrocera_dorsalis|CAKKTD01_1|CAKKTD010000038.1_208,0.14473957269835067,0.3170521558217951,0.07885070665040539,Pass
EOG7W1GQD|Lucilia_sericata|CAKJUZ01.1|CAKJUZ010001123.1_64,0.15724141359267427,0.21863155059660183,0.039558711597665885,Pass
EOG7W1GQD|Scaptodrosophila_lebanonensis|CAKKXW01|CAKKXW010000198.1_4,0.1665167794054152,0.24682685319767433,0.04554869186046506,Pass
EOG7W1GQD|Zeugodacus_cucurbitae|CAJVQV01|CAJVQV010000017.1_409,0.1546720049095401,0.25523994639712694,0.046503760780836956,Pass
EOG7W1GQD|Bactrocera_dorsalis|CAKJUZ01.1_1|CAKJUZ010001123.1_65,0.21062587415088718,0.2756840077071289,0.04874759152215791,Pass
EOG7W1GQD|Bactrocera_dorsalis|CAKKTD01|CAKKTD010000038.1_209,0.15555121570159164,0.25301953166019103,0.04706500052504459,Pass
EOG7W1GQD|Drosophila_melanogaster|AHE_64_S44_merged_SPM|NODE_91927_length_735_cov_0.729483_R,0.17250485594815487,0.20485289690313996,0.036173095242374664,Pass
