EOG7K18XJ|Musca_domestica|130928_232_71|C94928_a_3_0_l_1662,0.2921688758776346,0.45395984841613046,0.126645237597584,Pass
EOG7K18XJ|Bactrocera_oleae|120823_263_57|C148732_a_34_0_l_1702,0.2880652919145061,nan,nan,Fail
EOG7K18XJ|Musca_domestica|130928_232_84|C49512_a_3_0_l_897,0.1695910601780479,0.37044078144475867,0.09755888088320241,Pass
EOG7K18XJ|Hermetia_illucens|130928_232_126|C113460_a_5_0_l_485,0.24472068004861466,0.34123649325737837,0.10000717001342796,Pass
EOG7K18XJ|Scaptodrosophila_lebanonensis|130919_247_55|C96209_a_18_0_l_1080,0.18078767545307242,0.4651550275855483,0.12471710623642795,Pass
EOG7K18XJ|Lucilia_sericata|130919_247_55_3|s1516_L_1476_0_a_4_5_l_581,0.31208829112671965,0.6970486617489872,0.19010161941199377,Pass
EOG7K18XJ|Lucilia_sericata|GAVA02.1|GAVA02023204.1,0.25266236587856417,nan,nan,Fail
EOG7K18XJ|Lucilia_sericata|GAVA02.1_1|GAVA02021606.1,0.21526615340264812,0.4492516821946169,0.09568581780538299,Pass
EOG7K18XJ|Lucilia_sericata|GAZD02.1_1|GAZD02010056.1,0.2429967908591898,0.45943748241831006,0.14901382459224882,Pass
EOG7K18XJ|Musca_domestica|GIFT01.1|GIFT01042465.1,0.30288366309457054,0.49777874479251105,0.0770887760037291,Pass
EOG7K18XJ|Teleopsis_dalmanni|GIGO01.1|GIGO01012874.1,0.17745386649292566,0.3343678377618429,0.06422009828582453,Pass
EOG7K18XJ|Bactrocera_dorsalis|GIGO01.1_5|GIGO01001408.1,0.2655352405199593,0.8179809191632962,0.21705471774287044,Pass
EOG7K18XJ|Drosophila_ficusphila|GIGO01.1_1|GIGO01012873.1,0.2967523002107354,0.4621118325195519,0.12803061402198052,Pass
EOG7K18XJ|Musca_domestica|GIGW01.1_3|GIGW01022229.1,0.21960857918989193,0.5237315634218289,0.15634218289085544,Pass
EOG7K18XJ|Scaptodrosophila_lebanonensis|GIFG01.1_4|GIFG01006704.1,0.22622947684027764,0.6798152708570787,0.20591695745203148,Pass
EOG7K18XJ|Teleopsis_dalmanni|GIFG01.1_5|GIFG01006705.1,0.1765645277635766,0.5910669511433476,0.17913873218597476,Pass
EOG7K18XJ|Scaptodrosophila_lebanonensis|GIFG01.1_2|GIFG01009469.1,0.23661424739615558,nan,nan,Fail
EOG7K18XJ|Stomoxys_calcitrans|AHE_103_S38_merged_SPM|NODE_80228_length_123_cov_186_AU,0.11306687322358244,0.32191692489974477,0.09599434925264305,Pass
EOG7K18XJ|Ceratitis_capitata|AHE_104_S47_merged_SPM|NODE_34720_length_252_cov_0.748571_R,0.2600922284310501,0.6359091485530218,0.18580921703401215,Pass
EOG7K18XJ|Teleopsis_dalmanni|AHE_10_S47_merged_SPM|NODE_2082_length_241_cov_0.902439_R,0.1301457577766925,0.32119203701059384,0.10086651752715298,Pass
EOG7K18XJ|Scaptodrosophila_lebanonensis|AHE_110_S11_merged_SPM|NODE_32631_length_262_cov_0.800000_R,0.1421723345361313,0.43935443715565525,0.14076284838476727,Pass
EOG7K18XJ|Scaptodrosophila_lebanonensis|AHE_115_S22_merged_SPM|NODE_63770_length_268_cov_1.549738_R,0.1639302371630748,0.3290556782744282,0.07365514553014552,Pass
EOG7K18XJ|Teleopsis_dalmanni|AHE_116_S35_merged_SPM|NODE_31311_length_625_cov_1.565693_R,0.1664610661031095,0.40862844617576694,0.11881739318460643,Pass
EOG7K18XJ|Bactrocera_dorsalis|AHE_116_S35_merged_SPM_1|NODE_94521_length_410_cov_0.981982_R,0.2559761645479605,0.3576562557144423,0.1201916395421131,Pass
EOG7K18XJ|Scaptodrosophila_lebanonensis|AHE_116_S35_merged_SPM_2|NODE_8850_length_296_cov_1.009132_R,0.19668335660330882,0.5345076131241491,0.17181068757253898,Pass
EOG7K18XJ|Drosophila_ficusphila|AHE_117_S52_merged_SPM|NODE_44335_length_245_cov_0.880952_R,0.09631648847587536,0.35947141426223594,0.130281724382725,Pass
EOG7K18XJ|Hermetia_illucens|AHE_119_S48_merged_SPM|NODE_18621_length_320_cov_0.753086_R,0.2816414768184707,0.3510345821325649,0.128299711815562,Pass
EOG7K18XJ|Hermetia_illucens|AHE_120_S31_merged_SPM|NODE_37494_length_338_cov_0.655172_S,0.2924766456084125,0.29671204552231845,0.08576759388416627,Pass
EOG7K18XJ|Musca_domestica|AHE_120_S31_merged_SPM_2|NODE_3341_length_765_cov_0.950581_S,0.1483851983455015,0.28170114715189865,0.06395965189873415,Pass
EOG7K18XJ|Ceratitis_capitata|AHE_120_S31_merged_SPM_1|NODE_86937_length_247_cov_1.123529_S,0.2820615796519411,0.45555441498369953,0.1433351506081088,Pass
EOG7K18XJ|Rhagoletis_pomonella|AHE_121_S5_merged_SPM|NODE_61086_length_238_cov_1.149068_R,0.2331722062504771,0.4902963398260928,0.11823216946935289,Pass
EOG7K18XJ|Lucilia_sericata|AHE_122_S39_merged_SPM_1|NODE_69612_length_310_cov_1.390558_R,0.36302550619474044,nan,nan,Fail
EOG7K18XJ|Scaptodrosophila_lebanonensis|AHE_123_S56_merged_SPM|NODE_31385_length_423_cov_1.326590_R,0.2547935571342833,0.3781201421834832,0.13071589836637548,Pass
EOG7K18XJ|Musca_domestica|AHE_123_S56_merged_SPM_2|NODE_12044_length_416_cov_0.702065_S,0.38276382423883787,0.5907655750803725,0.1652848095126377,Pass
EOG7K18XJ|Hermetia_illucens|AHE_123_S56_merged_SPM_1|NODE_10149_length_298_cov_0.841629_R,0.13918582816900477,0.28412900881426695,0.07867618284479072,Pass
EOG7K18XJ|Lucilia_sericata|AHE_123_S56_merged_SPM_3|NODE_17203_length_253_cov_0.806818_R,0.14576648901660696,0.39857366137934863,0.12808237510163062,Pass
EOG7K18XJ|Teleopsis_dalmanni|AHE_124_S16_merged_SPM|NODE_41569_length_254_cov_0.757062_S,0.31800758546846103,0.4166673304067583,0.13658287978868855,Pass
EOG7K18XJ|Zeugodacus_cucurbitae|AHE_181_S51_merged_SPM|NODE_55095_length_229_cov_0.822368_S,0.3182696343735383,0.4166673304067583,0.13658287978868855,Pass
EOG7K18XJ|Bactrocera_oleae|AHE_125_S6_merged_SPM|NODE_2337_length_265_cov_0.787234_R,0.21899897113458305,0.47611391964490524,0.13653556328899635,Pass
EOG7K18XJ|Rhagoletis_pomonella|AHE_127_S63_merged_SPM|NODE_39022_length_241_cov_0.682927_S,0.21790013506917458,0.6843644851281806,0.2019922760734963,Pass
EOG7K18XJ|Aedes_aegypti|AHE_127_S63_merged_SPM_1|NODE_3563_length_496_cov_0.935561_S,0.44436424876699143,0.3623840835314266,0.10911100886946301,Fail
EOG7K18XJ|Ceratitis_capitata|AHE_128_S38_merged_SPM|NODE_12587_length_229_cov_0.907895_S,0.15552237073483932,0.3319183168316831,0.08999292786421498,Pass
EOG7K18XJ|Lucilia_sericata|AHE_129_S7_merged_SPM|NODE_88703_length_236_cov_0.924528_R,0.15672233018491244,0.48244146130614707,0.1588750770858835,Pass
EOG7K18XJ|Bactrocera_oleae|AHE_129_S7_merged_SPM_1|NODE_3334_length_241_cov_0.902439_R,0.2197499132419537,0.4560951260354601,0.14189667354015967,Pass
EOG7K18XJ|Teleopsis_dalmanni|JSM_6314_S15_SPM_1|NODE_5416_length_364_cov_2.181435_R,0.3338110839540062,0.49730100081048545,0.17014425733796107,Pass
EOG7K18XJ|Teleopsis_dalmanni|AHE_12_S18_merged_SPM|NODE_24749_length_316_cov_1.054393_S,0.32311888497025293,0.49730100081048545,0.17014425733796107,Pass
EOG7K18XJ|Bactrocera_oleae|AHE_130_S26_merged_SPM|NODE_8193_length_266_cov_0.783069_R,0.23694146315367345,0.597099699894165,0.1941119494552455,Pass
EOG7K18XJ|Drosophila_ficusphila|AHE_131_S8_merged_SPM|NODE_28122_length_260_cov_0.874317_R,0.1881853749547635,0.5363977957679097,0.17164592069350199,Pass
EOG7K18XJ|Stomoxys_calcitrans|AHE_131_S8_merged_SPM_1|NODE_74334_length_239_cov_1.518519_R,0.1116922550327211,0.4068579308602537,0.14165836694536388,Pass
EOG7K18XJ|Musca_domestica|AHE_132_S13_merged_SPM|NODE_16686_length_386_cov_0.815534_S,0.2124138201443294,0.3747572827521355,0.0853905404230772,Pass
EOG7K18XJ|Scaptodrosophila_lebanonensis|AHE_134_S14_merged_SPM|NODE_44826_length_317_cov_1.054167_R,0.11674273330207467,0.27668246910094724,0.0760673505238722,Pass
EOG7K18XJ|Drosophila_ficusphila|AHE_135_S42_merged_SPM|NODE_38707_length_256_cov_0.776536_R,0.10117160813671461,0.37281655530314695,0.13627847541082766,Pass
EOG7K18XJ|Scaptodrosophila_lebanonensis|AHE_135_S42_merged_SPM_1|NODE_25246_length_257_cov_0.694444_S,0.2608442127672897,0.30289789789789795,0.10810810810810811,Pass
EOG7K18XJ|Bactrocera_dorsalis|AHE_136_S35_merged_SPM|NODE_22892_length_239_cov_1.370370_R,0.22505439439386904,0.44845512508507535,0.09537296954224073,Pass
EOG7K18XJ|Drosophila_ficusphila|AHE_138_S13_merged_SPM_4|NODE_9733_length_412_cov_1.319403_S,0.39306068088560947,0.7780385685303023,0.21759006689778587,Pass
EOG7K18XJ|Bactrocera_oleae|AHE_138_S13_merged_SPM_1|NODE_17100_length_343_cov_0.733083_S,0.21000032055895104,0.5547202413120609,0.17505991682135386,Pass
EOG7K18XJ|Hermetia_illucens|AHE_138_S13_merged_SPM_2|NODE_20983_length_318_cov_0.730290_S,0.3123913234622674,0.44783887089462027,0.1380347966765999,Pass
EOG7K18XJ|Bactrocera_oleae|AHE_13_S26_merged_SPM|NODE_74988_length_263_cov_0.715054_S,0.15749910511872092,0.42311736374616005,0.13587726142107703,Pass
EOG7K18XJ|Scaptodrosophila_lebanonensis|AHE_141_S15_merged_SPM|NODE_28999_length_340_cov_1.072243_S,0.15684711929462553,0.4204818449586702,0.13939048101630297,Pass
EOG7K18XJ|Teleopsis_dalmanni|AHE_141_S15_merged_SPM_2|NODE_47155_length_236_cov_0.930818_R,0.16191303866418105,0.37611096414550355,0.10167403868061758,Pass
EOG7K18XJ|Scaptodrosophila_lebanonensis|AHE_143_S57_merged_SPM|NODE_64972_length_252_cov_0.685714_S,0.1705538283343517,0.24637817614089286,0.058286504167485265,Pass
EOG7K18XJ|Rhagoletis_pomonella|AHE_143_S57_merged_SPM_3|NODE_90577_length_229_cov_0.763158_S,0.14969044383518723,0.40076829402346636,0.12712701029942408,Pass
EOG7K18XJ|Rhagoletis_pomonella|AHE_143_S57_merged_SPM_4|NODE_67262_length_251_cov_0.850575_R,0.3669909467105598,0.49390748042844135,0.11032997820898621,Pass
EOG7K18XJ|Musca_domestica|AHE_143_S57_merged_SPM_2|NODE_6671_length_236_cov_0.993711_R,0.1963037096853387,0.23067024128686323,0.05764075067024127,Pass
EOG7K18XJ|Musca_domestica|AHE_143_S57_merged_SPM_1|NODE_42025_length_277_cov_0.740000_S,0.11918386687743547,0.3368654257242867,0.09287335754234272,Pass
EOG7K18XJ|Lucilia_sericata|AHE_144_S36_merged_SPM|NODE_18892_length_359_cov_1.046099_R,0.1530601614892969,0.2744461654920843,0.056070231444949714,Pass
EOG7K18XJ|Lucilia_sericata|AHE_146_S23_merged_SPM|NODE_103281_length_371_cov_0.646259_R,0.22786550142480858,0.42896051886940967,0.10087567357322136,Pass
EOG7K18XJ|Lucilia_sericata|AHE_146_S23_merged_SPM_1|NODE_56285_length_234_cov_0.942675_R,0.15024954720471478,0.480581998417136,0.1655237879768241,Pass
EOG7K18XJ|Scaptodrosophila_lebanonensis|AHE_147_S43_merged_SPM|NODE_7684_length_255_cov_0.831461_R,0.12625128742998856,0.3352913336726082,0.0952508651937215,Pass
EOG7K18XJ|Drosophila_melanogaster|AHE_149_S61_merged_SPM|NODE_18409_length_254_cov_0.836158_R,0.45208333333333334,0.6915339884601513,0.2090064911648034,Pass
EOG7K18XJ|Zeugodacus_cucurbitae|AHE_151_S53_merged_SPM|NODE_44635_length_265_cov_0.787234_R,0.19179136148315873,0.4569905649915079,0.12826980599523669,Pass
EOG7K18XJ|Glossina_morsitans|AHE_156_S45_merged_SPM|NODE_27889_length_237_cov_0.700000_S,0.1963938700209216,0.532625381098997,0.17798331266888,Pass
EOG7K18XJ|Scaptodrosophila_lebanonensis|AHE_157_S17_merged_SPM|NODE_41773_length_273_cov_1.081633_S,0.16554395330600466,0.35355828143327794,0.09680740251217451,Pass
EOG7K18XJ|Zeugodacus_cucurbitae|AHE_159_S37_merged_SPM|NODE_14027_length_240_cov_0.785276_R,0.1911010130454646,0.24702462882495288,0.05379430010472186,Pass
EOG7K18XJ|Lucilia_sericata|AHE_159_S64_merged_SPM|NODE_3540_length_674_cov_0.850921_S,0.33304668824733996,nan,nan,Fail
EOG7K18XJ|Musca_domestica|AHE_159_S64_merged_SPM_1|NODE_47651_length_254_cov_0.711864_S,0.30126933905255915,0.4875010992850477,0.09011958674972564,Pass
EOG7K18XJ|Lucilia_sericata|JSM_10699_S3_SPM_8|NODE_300563_length_230_cov_410_AU,0.30697632107004574,0.4875010992850477,0.09011958674972564,Pass
EOG7K18XJ|Teleopsis_dalmanni|AHE_15_S51_merged_SPM|NODE_15656_length_470_cov_0.877863_R,0.2760013668735445,0.40419941142750504,0.13224317442542532,Pass
EOG7K18XJ|Bactrocera_oleae|JSM_6314_S15_SPM_4|NODE_1584236_length_203_cov_440_AU,0.260375501800694,0.5487122462156538,0.1986440921156467,Pass
EOG7K18XJ|Bactrocera_oleae|AHE_15_S51_merged_SPM_1|NODE_49382_length_249_cov_1.360465_S,0.26223051409618575,0.5487122462156538,0.1986440921156467,Pass
EOG7K18XJ|Scaptodrosophila_lebanonensis|AHE_161_S18_merged_SPM|NODE_31722_length_396_cov_0.840125_S,0.24198562584131666,0.5536292016806724,0.17981263934145092,Pass
EOG7K18XJ|Musca_domestica|AHE_161_S18_merged_SPM_1|NODE_31143_length_399_cov_0.819876_S,0.1752068773204745,0.6273131988995567,0.19081879738951074,Pass
EOG7K18XJ|Teleopsis_dalmanni|AHE_161_S18_merged_SPM_3|NODE_10920_length_249_cov_0.860465_R,0.21202821399652624,0.6236374428607576,0.17403041412216458,Pass
EOG7K18XJ|Scaptodrosophila_lebanonensis|AHE_162_S18_merged_SPM|NODE_31672_length_239_cov_0.913580_R,0.13549037050211007,0.2832035206173137,0.07454384695764005,Pass
EOG7K18XJ|Rhagoletis_pomonella|AHE_164_S19_merged_SPM|NODE_50586_length_231_cov_0.818182_R,0.2654229425913823,0.48382318847260697,0.11006291184952904,Pass
EOG7K18XJ|Musca_domestica|AHE_166_S24_merged_SPM|NODE_25548_length_345_cov_0.936567_S,0.14885486236301027,0.3150465709570573,0.08556961016670545,Pass
EOG7K18XJ|Teleopsis_dalmanni|AHE_166_S24_merged_SPM_2|NODE_35248_length_237_cov_0.925000_R,0.26934685424191146,0.49514510449566795,0.11668572617093204,Pass
EOG7K18XJ|Rhagoletis_pomonella|AHE_168_S70_merged_SPM|NODE_27952_length_360_cov_0.869258_S,0.15176765582642068,0.3786328326253213,0.10874999821825537,Pass
EOG7K18XJ|Bactrocera_oleae|AHE_36_S19_merged_SPM_2|NODE_67037_length_300_cov_0.699552_S,0.25243885557437556,0.5329136078430888,0.17927697655206898,Pass
EOG7K18XJ|Zeugodacus_cucurbitae|AHE_168_S70_merged_SPM_3|NODE_99153_length_240_cov_0.822086_R,0.24822695035460993,0.5329136078430888,0.17927697655206898,Pass
EOG7K18XJ|Zeugodacus_cucurbitae|AHE_168_S70_merged_SPM_2|NODE_52505_length_282_cov_1.204878_S,0.24249136432909535,0.6916464068015488,0.20828918489019022,Pass
EOG7K18XJ|Scaptodrosophila_lebanonensis|AHE_168_S70_merged_SPM_1|NODE_82049_length_337_cov_0.788462_R,0.13149569779212264,0.43495466630692015,0.1421027188973767,Pass
EOG7K18XJ|Ceratitis_capitata|AHE_172_S16_merged_SPM|NODE_40764_length_250_cov_1.687861_R,0.26977299880525685,0.4864278672824826,0.15809631165819188,Pass
EOG7K18XJ|Lucilia_sericata|AHE_173_S62_merged_SPM|NODE_14367_length_340_cov_0.965779_S,0.116150866333674,0.34149021856592965,0.10375428064691217,Pass
EOG7K18XJ|Ceratitis_capitata|AHE_174_S49_merged_SPM|NODE_66021_length_348_cov_0.848708_R,0.15613460273211618,0.4274786625949417,0.14014452386545412,Pass
EOG7K18XJ|Bactrocera_oleae|AHE_174_S49_merged_SPM_2|NODE_79820_length_240_cov_0.723926_S,0.20832259521544244,0.3255762108056813,0.08216289892732503,Pass
EOG7K18XJ|Rhagoletis_pomonella|AHE_174_S49_merged_SPM_3|NODE_72787_length_243_cov_0.746988_R,0.2116517377817999,0.5871158587844775,0.16395536395833282,Pass
EOG7K18XJ|Teleopsis_dalmanni|AHE_174_S49_merged_SPM_1|NODE_78867_length_241_cov_0.615854_S,0.21011252348863313,0.6067510670360658,0.15832374239731922,Pass
EOG7K18XJ|Teleopsis_dalmanni|AHE_179_S20_merged_SPM|NODE_23945_length_237_cov_0.925000_R,0.1729543531362477,0.3895692059459144,0.10588850486751561,Pass
EOG7K18XJ|Rhagoletis_pomonella|AHE_180_S71_merged_SPM|NODE_99872_length_119_cov_178_A,0.13508775496722825,0.302122052704577,0.060954612846142786,Pass
EOG7K18XJ|Drosophila_ficusphila|AHE_182_S27_merged_SPM_2|NODE_9894_length_308_cov_0.961039_R,0.4544808197788123,0.941700272256886,0.25677470292342036,Pass
EOG7K18XJ|Lucilia_sericata|AHE_182_S27_merged_SPM_1|NODE_41930_length_261_cov_0.804348_R,0.14335906710871674,0.2208610271903322,0.0544525967486692,Pass
EOG7K18XJ|Musca_domestica|AHE_183_S63_merged_SPM|NODE_17084_length_272_cov_0.733333_S,0.4454152541207637,0.37125669815440276,0.11815264971822559,Fail
EOG7K18XJ|Musca_domestica|AHE_184_S38_merged_SPM|NODE_39292_length_246_cov_0.804734_R,0.2325668201795891,0.5146137955457623,0.16126937908239558,Pass
EOG7K18XJ|Rhagoletis_pomonella|AHE_184_S38_merged_SPM_1|NODE_33417_length_274_cov_0.751269_S,0.21538935270402587,0.37308394680580054,0.08891804286602573,Pass
EOG7K18XJ|Teleopsis_dalmanni|AHE_184_S38_merged_SPM_3|NODE_17632_length_362_cov_1.038596_R,0.4325528041182096,0.2860307322695754,0.06670939954307498,Fail
EOG7K18XJ|Musca_domestica|AHE_184_S38_merged_SPM_2|NODE_32559_length_276_cov_0.743719_S,0.35731852815129256,nan,nan,Fail
EOG7K18XJ|Lucilia_sericata|AHE_65_S28_merged_SPM|NODE_29012_length_331_cov_0.874016_R,0.36074195345783927,nan,nan,Fail
EOG7K18XJ|Rhagoletis_pomonella|AHE_186_S45_merged_SPM|NODE_15426_length_257_cov_0.772222_R,0.17038670010056806,0.489346611708381,0.1671801910535592,Pass
EOG7K18XJ|Glossina_morsitans|AHE_186_S45_merged_SPM_1|NODE_3222_length_358_cov_0.854093_R,0.40889914778060626,0.8090461090359318,0.20420694757997315,Pass
EOG7K18XJ|Bactrocera_oleae|AHE_188_S54_merged_SPM|NODE_12173_length_328_cov_0.760956_S,0.24188586371327486,0.5106276457510857,0.18914734408494577,Pass
EOG7K18XJ|Musca_domestica|AHE_189_S21_merged_SPM|NODE_84701_length_271_cov_0.881443_R,0.1812352997214995,0.658807116102701,0.20878486926566026,Pass
EOG7K18XJ|Lucilia_sericata|AHE_191_S25_merged_SPM|NODE_57054_length_354_cov_0.805054_R,0.15328039961861842,0.36500152011311116,0.10440613026819928,Pass
EOG7K18XJ|Musca_domestica|AHE_191_S25_merged_SPM_1|NODE_134281_length_269_cov_0.770833_R,0.14772986328390897,0.36741582092042513,0.10782144726989995,Pass
EOG7K18XJ|Musca_domestica|AHE_191_S25_merged_SPM_3|NODE_4773_length_755_cov_0.727139_S,0.21929776388942798,0.31131866522134,0.11104112344847117,Pass
EOG7K18XJ|Musca_domestica|AHE_193_S55_merged_SPM|NODE_8859_length_358_cov_0.832740_R,0.19620331383615813,0.642836735016279,0.19705107514478692,Pass
EOG7K18XJ|Musca_domestica|AHE_207_S65_merged_SPM|NODE_15069_length_383_cov_0.767974_R,0.19748972102486334,0.642836735016279,0.19705107514478692,Pass
EOG7K18XJ|Stomoxys_calcitrans|AHE_194_S22_merged_SPM|NODE_36292_length_301_cov_1.294643_S,0.10865463768347311,0.40983319235798055,0.14394254310593907,Pass
EOG7K18XJ|Lucilia_sericata|AHE_195_S23_merged_SPM|NODE_49684_length_472_cov_0.772152_R,0.3906642156752819,0.8052693640046863,0.20847541660865648,Pass
EOG7K18XJ|Zeugodacus_cucurbitae|AHE_195_S23_merged_SPM_1|NODE_42595_length_314_cov_0.911392_S,0.14170252787374182,0.44518691588785053,0.13084112149532712,Pass
EOG7K18XJ|Bactrocera_dorsalis|AHE_195_S23_merged_SPM_2|NODE_60566_length_272_cov_0.758974_S,0.21839198177145963,0.486781072023602,0.1161952614418087,Pass
EOG7K18XJ|Teleopsis_dalmanni|AHE_197_S33_merged_SPM|NODE_38351_length_249_cov_0.860465_R,0.16176733392294815,0.4938414960883079,0.1655128067731219,Pass
EOG7K18XJ|Stomoxys_calcitrans|AHE_199_S37_merged_SPM|NODE_8811_length_251_cov_1.373563_R,0.1409475492559075,0.39560338191181554,0.13303602240450219,Pass
EOG7K18XJ|Scaptodrosophila_lebanonensis|AHE_201_S72_merged_SPM|NODE_55475_length_357_cov_1.000000_R,0.15316362280833737,0.520372900768218,0.17692088457681532,Pass
EOG7K18XJ|Lucilia_sericata|AHE_203_S24_merged_SPM|NODE_23292_length_279_cov_0.732673_S,0.22657112001475052,0.37865775463260065,0.09961283521087894,Pass
EOG7K18XJ|Bactrocera_dorsalis|AHE_205_S52_merged_SPM|NODE_25195_length_254_cov_0.836158_R,0.15229161120149323,0.3682409365750824,0.09264582696612217,Pass
EOG7K18XJ|Scaptodrosophila_lebanonensis|AHE_20_S56_merged_SPM|NODE_9478_length_320_cov_0.613169_S,0.2687647328484624,0.452462455493828,0.14369086047574847,Pass
EOG7K18XJ|Lucilia_sericata|AHE_211_S38_merged_SPM_1|NODE_25048_length_253_cov_0.806818_R,0.3656085850105628,0.7754145399474454,0.21153226372256528,Pass
EOG7K18XJ|Drosophila_ficusphila|AHE_215_S30_merged_SPM|NODE_2180_length_255_cov_0.831461_R,0.23335811396614373,0.5174670383598342,0.1247417531708559,Pass
EOG7K18XJ|Aedes_aegypti|AHE_22_S34_merged_SPM|NODE_7241_length_234_cov_0.942675_R,0.4168048926788017,0.23605005859643025,0.053751462954063634,Fail
EOG7K18XJ|Aedes_aegypti|CNC485641_S95_SPM|NODE_107401_length_272_cov_826_AU,0.4145134689389775,0.23605005859643025,0.053751462954063634,Fail
EOG7K18XJ|Drosophila_ficusphila|AHE_251_S46_merged_SPM|NODE_35752_length_111_cov_162_AU,0.34092086895062973,0.727099184807493,0.21772242429570376,Pass
EOG7K18XJ|Musca_domestica|AHE_252_S17_SPM|NODE_65178_length_241_cov_0.902439_R,0.185454026652786,0.2842249980828341,0.05884081441953021,Pass
EOG7K18XJ|Stomoxys_calcitrans|AHE_253_S20_SPM|NODE_19325_length_280_cov_0.729064_S,0.26517948137628294,0.3889896788688839,0.13509291048004607,Pass
EOG7K18XJ|Bactrocera_oleae|AHE_253_S20_SPM_1|NODE_37725_length_265_cov_0.787234_R,0.20160327122742927,0.5871490824324982,0.2001496710238036,Pass
EOG7K18XJ|Bactrocera_oleae|AHE_255_S18_SPM|NODE_14198_length_236_cov_0.761006_R,0.1629901968091128,0.5046645503180542,0.15596141957064524,Pass
EOG7K18XJ|Glossina_morsitans|AHE_257_S20_SPM|NODE_68273_length_427_cov_0.922857_R,0.23705811131409665,0.42265813410454656,0.09888537413729437,Pass
EOG7K18XJ|Musca_domestica|AHE_257_S20_SPM_1|NODE_71259_length_242_cov_0.896970_R,0.12591313478022378,0.27089043482417346,0.06523733691577738,Pass
EOG7K18XJ|Musca_domestica|AHE_269_S23_SPM|NODE_38939_length_238_cov_1.093168_R,0.09880464694388838,0.27089043482417346,0.06523733691577738,Pass
EOG7K18XJ|Bactrocera_oleae|AHE_258_S17_SPM|NODE_134073_length_709_cov_1.363924_R,0.23459876083890413,0.5276387857592036,0.15370677267421673,Pass
EOG7K18XJ|Lucilia_sericata|AHE_258_S17_SPM_1|NODE_2416_length_319_cov_0.991736_R,0.3818174607538596,0.46255237560793117,0.09418256640478861,Pass
EOG7K18XJ|Hermetia_illucens|AHE_258_S17_SPM_3|NODE_264027_length_151_cov_301_AU,0.1128188739981006,0.26696319714905875,0.0920100961675907,Pass
EOG7K18XJ|Rhagoletis_pomonella|AHE_258_S17_SPM_2|NODE_55536_length_246_cov_1.313609_R,0.17091953758454298,0.35371687054026507,0.08176423474588612,Pass
EOG7K18XJ|Rhagoletis_pomonella|AHE_258_S17_SPM_4|NODE_18631_length_322_cov_1.204082_R,0.3907475862330558,0.7679127672994362,0.21392362281900001,Pass
EOG7K18XJ|Ceratitis_capitata|AHE_259_S18_SPM|NODE_51297_length_290_cov_0.981221_R,0.11045192811027744,0.4252444841979728,0.14013118664281465,Pass
EOG7K18XJ|Bactrocera_dorsalis|AHE_259_S18_SPM_1|NODE_104718_length_443_cov_1.620219_R,0.23570411936978714,0.5002966314987023,0.12388400391056903,Pass
EOG7K18XJ|Bactrocera_dorsalis|AHE_259_S18_SPM_3|NODE_105927_length_263_cov_0.795699_R,0.24762721487080538,0.41145765409097956,0.13994333178077933,Pass
EOG7K18XJ|Bactrocera_oleae|AHE_259_S18_SPM_2|NODE_9887_length_650_cov_0.774869_S,0.36604717274523946,0.6464996153207668,0.1405925080983927,Pass
EOG7K18XJ|Musca_domestica|AHE_259_S18_SPM_5|NODE_122744_length_268_cov_0.759162_S,0.22705093742471213,0.6806229365901233,0.24096583076605105,Pass
EOG7K18XJ|Scaptodrosophila_lebanonensis|AHE_260_S19_SPM|NODE_13482_length_252_cov_0.845714_R,0.23408843260613235,0.645769101785923,0.21176019836319382,Pass
EOG7K18XJ|Musca_domestica|AHE_262_S21_SPM|NODE_64326_length_264_cov_0.791444_R,0.15682866106343238,0.3083128543989118,0.06873845475181733,Pass
EOG7K18XJ|Musca_domestica|AHE_264_S21_SPM|NODE_65904_length_271_cov_0.762887_S,0.11991177344633377,0.2917727701778938,0.07967217066030868,Pass
EOG7K18XJ|Lucilia_sericata|AHE_264_S21_SPM_3|NODE_101598_length_257_cov_0.822222_R,0.39585454095672984,nan,nan,Fail
EOG7K18XJ|Bactrocera_dorsalis|AHE_264_S21_SPM_2|NODE_25707_length_238_cov_0.919255_R,0.11680216802168021,0.3916262659555341,0.13123089830406898,Pass
EOG7K18XJ|Drosophila_melanogaster|AHE_265_S23_SPM|NODE_73267_length_347_cov_0.800000_R,0.15211641913012405,0.2540507634643926,0.06018916811309838,Pass
EOG7K18XJ|Ceratitis_capitata|AHE_265_S23_SPM_2|NODE_112944_length_353_cov_1.608696_R,0.4465001380708,0.527683532933479,0.15120869824949257,Pass
EOG7K18XJ|Lucilia_sericata|AHE_265_S23_SPM_1|NODE_85119_length_252_cov_1.268571_S,0.13877912062807507,0.3695184567006323,0.10984641626878655,Pass
EOG7K18XJ|Lucilia_sericata|AHE_265_S23_SPM_3|NODE_114464_length_267_cov_1.168421_R,0.36926923742336354,0.7743929134285239,0.21694651317533642,Pass
EOG7K18XJ|Bactrocera_oleae|AHE_266_S26_SPM|NODE_27538_length_572_cov_1.195960_S,0.23803056214904358,0.5229099616575634,0.1439701936800487,Pass
EOG7K18XJ|Zeugodacus_cucurbitae|AHE_266_S26_SPM_1|NODE_212488_length_495_cov_1.373206_R,0.15478356553105047,0.5241969243137582,0.16961916233998448,Pass
EOG7K18XJ|Musca_domestica|AHE_267_S19_SPM|NODE_13081_length_539_cov_0.872294_S,0.23489434872903395,0.3540698649839995,0.12248348432118628,Pass
EOG7K18XJ|Bactrocera_oleae|AHE_267_S19_SPM_1|NODE_29477_length_316_cov_1.313808_R,0.17921148621393432,0.4216754929389821,0.127554622968292,Pass
EOG7K18XJ|Zeugodacus_cucurbitae|AHE_267_S19_SPM_2|NODE_39205_length_382_cov_0.970492_S,0.18751113826336485,0.6128864256681962,0.1995060883379387,Pass
EOG7K18XJ|Teleopsis_dalmanni|AHE_268_S20_SPM|NODE_11588_length_237_cov_0.925000_R,0.12053960088791658,0.23857305293392725,0.05123660405714886,Pass
EOG7K18XJ|Drosophila_ficusphila|AHE_269_S23_SPM_1|NODE_34119_length_260_cov_0.808743_R,0.1255384647103462,0.4210166720462979,0.15345630465678223,Pass
EOG7K18XJ|Lucilia_sericata|AHE_270_S22_SPM|NODE_9822_length_419_cov_0.865497_S,0.13367956332929887,0.32522741883638706,0.09930890388942465,Pass
EOG7K18XJ|Teleopsis_dalmanni|AHE_270_S22_SPM_1|NODE_37043_length_236_cov_0.930818_R,0.26365481600964347,0.4579770024294968,0.10093315227970012,Pass
EOG7K18XJ|Scaptodrosophila_lebanonensis|AHE_271_S21_SPM|NODE_21479_length_270_cov_1.093264_R,0.17163318156407542,0.35617493294345487,0.09460701136384247,Pass
EOG7K18XJ|Bactrocera_dorsalis|AHE_271_S21_SPM_1|NODE_140911_length_399_cov_1.263975_R,0.20578380624730694,0.5541270572456461,0.15808037427879945,Pass
EOG7K18XJ|Teleopsis_dalmanni|CNC485510_S91_SPM|NODE_162906_length_233_cov_406_AU,0.3207048187707315,0.9743600001478455,0.32844652755992004,Pass
EOG7K18XJ|Lucilia_sericata|AHE_271_S21_SPM_5|NODE_85724_length_293_cov_1.819444_S,0.31762273034693084,0.9743600001478455,0.32844652755992004,Pass
EOG7K18XJ|Lucilia_sericata|JSM12015_S64_SPM|NODE_153644_length_169_cov_278_AU,0.3678440114275465,0.9743600001478455,0.32844652755992004,Pass
EOG7K18XJ|Teleopsis_dalmanni|CNC485506_S88_SPM|NODE_135116_length_233_cov_406_AU,0.3207048187707315,0.9743600001478455,0.32844652755992004,Pass
EOG7K18XJ|Rhagoletis_pomonella|AHE_271_S21_SPM_3|NODE_61246_length_280_cov_1.093596_R,0.20466036089504946,0.6549872695853739,0.1990639529449985,Pass
EOG7K18XJ|Lucilia_sericata|AHE_271_S21_SPM_2|NODE_7972_length_257_cov_1.022222_R,0.1510796153974116,0.5331656160192825,0.1868035598405488,Pass
EOG7K18XJ|Drosophila_ficusphila|AHE_272_S22_SPM|NODE_42908_length_295_cov_1.018349_R,0.34075515321494226,0.6691484885770661,0.14562868427551878,Pass
EOG7K18XJ|Lucilia_sericata|AHE_272_S22_SPM_1|NODE_28482_length_261_cov_0.804348_R,0.09774597539834694,0.28118064609590043,0.08481819498768656,Pass
EOG7K18XJ|Lucilia_sericata|AHE_272_S22_SPM_2|NODE_60574_length_272_cov_0.758974_S,0.16271825294964673,0.6693896976483762,0.2228443449048152,Pass
EOG7K18XJ|Bactrocera_oleae|AHE_273_S20_SPM_1|NODE_20720_length_234_cov_0.942675_R,0.16116732256266608,0.5401247132649564,0.17353073008674558,Pass
EOG7K18XJ|Hermetia_illucens|AHE_275_S22_SPM|NODE_31021_length_459_cov_1.109948_S,0.29020992131657375,0.4991617393148374,0.16033488067170892,Pass
EOG7K18XJ|Musca_domestica|AHE_275_S22_SPM_4|NODE_115001_length_279_cov_0.737624_S,0.30107038932762964,0.40133601245724243,0.12631370557338245,Pass
EOG7K18XJ|Rhagoletis_pomonella|AHE_275_S22_SPM_2|NODE_104650_length_292_cov_1.032558_S,0.1797107888195547,0.5111775156739181,0.15332874584510386,Pass
EOG7K18XJ|Lucilia_sericata|AHE_275_S22_SPM_3|NODE_21563_length_240_cov_0.907975_R,0.10876215123141474,0.2859915957873393,0.06511829929148905,Pass
EOG7K18XJ|Bactrocera_oleae|AHE_276_S23_SPM|NODE_65933_length_232_cov_0.954839_R,0.2166629140086821,0.6941871069837171,0.24068510509188473,Pass
EOG7K18XJ|Musca_domestica|AHE_276_S23_SPM_2|NODE_74721_length_151_cov_242_A,0.1467432950191571,0.3469296101822054,0.08871923923827041,Pass
EOG7K18XJ|Stomoxys_calcitrans|AHE_276_S23_SPM_1|NODE_53827_length_151_cov_242_A,0.09815998707745573,0.2681658715961043,0.07764446637742556,Pass
EOG7K18XJ|Lucilia_sericata|AHE_277_S24_SPM|NODE_13964_length_257_cov_1.277778_R,0.14573291048126907,0.5281437174618994,0.1855251627978901,Pass
EOG7K18XJ|Lucilia_sericata|AHE_277_S24_SPM_1|NODE_89530_length_240_cov_0.907975_R,0.07671057599057762,0.20468658028513542,0.05244046936513391,Pass
EOG7K18XJ|Zeugodacus_cucurbitae|AHE_277_S24_SPM_2|NODE_75091_length_472_cov_1.136709_R,0.36305608111752435,0.7635718236673149,0.21355073714600492,Pass
EOG7K18XJ|Bactrocera_dorsalis|AHE_278_S24_SPM|NODE_61999_length_329_cov_0.873016_R,0.30238269952908814,0.5981036260679353,0.12909818428655173,Pass
EOG7K18XJ|Ceratitis_capitata|AHE_279_S25_SPM|NODE_83288_length_255_cov_0.831461_R,0.21628777412142983,0.49327160493827155,0.1728395061728395,Pass
EOG7K18XJ|Zeugodacus_cucurbitae|AHE_279_S25_SPM_4|NODE_49493_length_237_cov_0.800000_R,0.20930126211816352,0.5472338476402562,0.17091721013532224,Pass
EOG7K18XJ|Rhagoletis_pomonella|AHE_279_S25_SPM_3|NODE_93250_length_242_cov_0.896970_R,0.21119892589230324,0.5135408733168239,0.17555485568468415,Pass
EOG7K18XJ|Zeugodacus_cucurbitae|AHE_279_S25_SPM_2|NODE_23700_length_252_cov_0.845714_R,0.25424133811230587,0.48019468701124596,0.15604984359871898,Pass
EOG7K18XJ|Musca_domestica|AHE_279_S25_SPM_1|NODE_71644_length_248_cov_0.865497_R,0.1609493576240433,0.3690974125839227,0.11495142910919715,Pass
EOG7K18XJ|Bactrocera_oleae|AHE_280_S24_SPM|NODE_7333_length_335_cov_0.833333_R,0.18504756865510336,0.32209146363214786,0.07293190168729713,Pass
EOG7K18XJ|Ceratitis_capitata|AHE_281_S27_SPM_1|NODE_17762_length_248_cov_0.865497_R,0.1589964902290279,0.4471396745188353,0.14356037907887814,Pass
EOG7K18XJ|Teleopsis_dalmanni|AHE_282_S24_SPM|NODE_41260_length_253_cov_0.840909_R,0.15414061503126197,0.4682533712944617,0.15685897312582964,Pass
EOG7K18XJ|Lucilia_sericata|AHE_282_S24_SPM_1|NODE_13118_length_314_cov_1.869198_S,0.2838082333233504,0.3228150811521916,0.1151847124651657,Pass
EOG7K18XJ|Bactrocera_oleae|AHE_283_S23_SPM|NODE_6830_length_683_cov_1.099010_S,0.21137738829540942,0.5303228754262306,0.15711922443188314,Pass
EOG7K18XJ|Scaptodrosophila_lebanonensis|AHE_283_S23_SPM_1|NODE_44341_length_376_cov_1.237458_S,0.1479753841579824,0.4443319277690153,0.13424212186564521,Pass
EOG7K18XJ|Teleopsis_dalmanni|AHE_283_S23_SPM_2|NODE_57522_length_238_cov_0.826087_R,0.2227206575412151,0.23386126282321276,0.06055352479324644,Pass
EOG7K18XJ|Drosophila_ficusphila|AHE_283_S23_SPM_3|NODE_141217_length_236_cov_0.735849_R,0.28803326373047644,0.660218039159194,0.14785018781920573,Pass
EOG7K18XJ|Zeugodacus_cucurbitae|AHE_28_S11_merged_SPM|NODE_7585_length_379_cov_1.284768_S,0.13262922847903086,0.43032229190059545,0.1245683354166226,Pass
EOG7K18XJ|Zeugodacus_cucurbitae|AHE_30_S57_merged_SPM|NODE_27212_length_279_cov_0.747525_S,0.1814489605378049,0.4678982750995133,0.13920389208314898,Pass
EOG7K18XJ|Bactrocera_oleae|AHE_30_S57_merged_SPM_1|NODE_48318_length_254_cov_0.762712_R,0.2506941687943536,0.4507912009627621,0.14021162191429992,Pass
EOG7K18XJ|Stomoxys_calcitrans|AHE_31_S49_merged_SPM|NODE_16793_length_250_cov_0.953757_R,0.15392726775416923,0.3662682014839095,0.09729980361750162,Pass
EOG7K18XJ|Stomoxys_calcitrans|AHE_32_S40_merged_SPM|NODE_52129_length_249_cov_0.860465_R,0.1676124372911653,0.3402722965595962,0.07432572176523872,Pass
EOG7K18XJ|Lucilia_sericata|AHE_36_S19_merged_SPM_4|NODE_93674_length_235_cov_0.772152_R,0.24147753657874607,0.5405960543512859,0.1620492318131871,Pass
EOG7K18XJ|Drosophila_ficusphila|AHE_36_S19_merged_SPM_1|NODE_56969_length_249_cov_0.680233_R,0.11758283304953371,0.4089275540079714,0.14966321803965799,Pass
EOG7K18XJ|Drosophila_ficusphila|AHE_36_S19_merged_SPM_3|NODE_127198_length_260_cov_0.765027_R,0.23397728850082977,0.6776802007465127,0.21881851806384778,Pass
EOG7K18XJ|Teleopsis_dalmanni|AHE_38_S66_merged_SPM|NODE_38634_length_263_cov_0.795699_R,0.15412736975126526,0.3063468013468014,0.06734006734006737,Pass
EOG7K18XJ|Zeugodacus_cucurbitae|AHE_39_S41_merged_SPM|NODE_2983_length_269_cov_0.770833_R,0.0939265770810147,0.2273489902975518,0.05912145343237957,Pass
EOG7K18XJ|Teleopsis_dalmanni|AHE_40_S58_merged_SPM|NODE_7418_length_239_cov_0.876543_R,0.17940562002213406,0.5219670661654321,0.17445503157529058,Pass
EOG7K18XJ|Rhagoletis_pomonella|AHE_40_S58_merged_SPM_1|NODE_6165_length_235_cov_0.835443_R,0.14495511799571198,0.39678243021972365,0.10332812930565366,Pass
EOG7K18XJ|Scaptodrosophila_lebanonensis|AHE_40_S58_merged_SPM_2|NODE_27186_length_245_cov_0.880952_R,0.14815158524698202,0.433981723237598,0.14099216710182771,Pass
EOG7K18XJ|Bactrocera_oleae|AHE_46_S20_merged_SPM|NODE_8629_length_357_cov_1.042857_R,0.21149688092550376,0.6445492272923212,0.2186634079370624,Pass
EOG7K18XJ|Musca_domestica|AHE_46_S20_merged_SPM_1|NODE_71674_length_251_cov_0.850575_R,0.11318628581394236,0.3017801987891346,0.08306314723253888,Pass
EOG7K18XJ|Stomoxys_calcitrans|AHE_47_S27_merged_SPM|NODE_59957_length_232_cov_0.774194_R,0.15918727615410894,0.38858771929824576,0.12799498746867177,Pass
EOG7K18XJ|Rhagoletis_pomonella|AHE_4_S10_merged_SPM|NODE_75105_length_231_cov_1.220779_R,0.1514613621348171,0.4315077246269635,0.11692914276317062,Pass
EOG7K18XJ|Lucilia_sericata|AHE_4_S10_merged_SPM_2|NODE_72420_length_302_cov_0.871111_S,0.3884611893739293,nan,nan,Fail
EOG7K18XJ|Zeugodacus_cucurbitae|AHE_4_S10_merged_SPM_1|NODE_96695_length_266_cov_1.396825_S,0.2700570661295737,0.5392787912064511,0.18142673856028774,Pass
EOG7K18XJ|Hermetia_illucens|AHE_50_S50_merged_SPM|NODE_46256_length_241_cov_0.902439_R,0.25943770189531906,0.3171105706030036,0.0923739031902151,Pass
EOG7K18XJ|Teleopsis_dalmanni|AHE_51_S42_merged_SPM|NODE_10595_length_235_cov_0.816456_R,0.13462499376593334,0.674778041530335,0.23661555569812448,Pass
EOG7K18XJ|Bactrocera_dorsalis|JSS13087_S84_SPM_1|NODE_202804_length_211_cov_362_A,0.31469517743403097,0.5049065547411721,0.17069681972895645,Pass
EOG7K18XJ|Lucilia_sericata|AHE_52_S1_merged_SPM|NODE_8313_length_371_cov_1.789116_S,0.2609533824044865,0.5049065547411721,0.17069681972895645,Pass
EOG7K18XJ|Scaptodrosophila_lebanonensis|AHE_53_S32_merged_SPM|NODE_7610_length_440_cov_0.683196_S,0.15049169321588388,0.2887703959642771,0.07281428393918993,Pass
EOG7K18XJ|Musca_domestica|AHE_53_S32_merged_SPM_2|NODE_35604_length_246_cov_0.769231_R,0.195596699831031,0.625219224746573,0.19526936073184809,Pass
EOG7K18XJ|Glossina_morsitans|AHE_60_S67_merged_SPM|NODE_14641_length_421_cov_0.886628_S,0.2389788310486499,0.39330904539991873,0.14140290784393988,Pass
EOG7K18XJ|Musca_domestica|AHE_53_S32_merged_SPM_1|NODE_62673_length_343_cov_1.289474_R,0.21996332525996465,0.39330904539991873,0.14140290784393988,Pass
EOG7K18XJ|Lucilia_sericata|AHE_54_S60_merged_SPM|NODE_10569_length_584_cov_0.854043_S,0.352382019953778,nan,nan,Fail
EOG7K18XJ|Bactrocera_oleae|AHE_54_S60_merged_SPM_2|NODE_10885_length_235_cov_0.734177_R,0.2547719409053117,0.46004213044575404,0.14239156520278745,Pass
EOG7K18XJ|Teleopsis_dalmanni|AHE_55_S43_merged_SPM|NODE_44720_length_177_cov_2.130000_R,0.3434117063489728,0.4727573271914228,0.15678130796524198,Pass
EOG7K18XJ|Bactrocera_oleae|AHE_57_S9_merged_SPM|NODE_30267_length_229_cov_0.802632_S,0.17758568836187616,0.4663296418812023,0.14327980580985444,Pass
EOG7K18XJ|Rhagoletis_pomonella|AHE_58_S43_merged_SPM|NODE_56715_length_254_cov_0.790960_R,0.2127702431979093,0.4377047374664116,0.11094434626836763,Pass
EOG7K18XJ|Musca_domestica|AHE_60_S67_merged_SPM_2|NODE_60760_length_269_cov_0.723958_S,0.35805466193532587,nan,nan,Fail
EOG7K18XJ|Ceratitis_capitata|AHE_60_S67_merged_SPM_1|NODE_73885_length_237_cov_0.925000_R,0.14468081544813197,0.3110001688386761,0.07802967309071257,Pass
EOG7K18XJ|Lucilia_sericata|AHE_61_S61_merged_SPM|NODE_8298_length_350_cov_0.739927_S,0.12548971411648682,0.31366897467446286,0.07827731439910562,Pass
EOG7K18XJ|Bactrocera_oleae|AHE_63_S36_merged_SPM|NODE_82441_length_253_cov_0.840909_R,0.18498069234096445,0.44363628105908437,0.13794495515081107,Pass
EOG7K18XJ|Teleopsis_dalmanni|AHE_64_S44_merged_SPM|NODE_9247_length_598_cov_0.850288_R,0.15037528863601599,0.27365255368779173,0.0614366317918546,Pass
EOG7K18XJ|Lucilia_sericata|AHE_64_S44_merged_SPM_1|NODE_33347_length_309_cov_0.943966_R,0.10413044155399795,0.2809406285680528,0.07042176415473267,Pass
EOG7K18XJ|Ceratitis_capitata|AHE_66_S68_merged_SPM|NODE_48962_length_272_cov_1.143590_S,0.13543555807963134,0.512460421443389,0.1630527350147396,Pass
EOG7K18XJ|Hermetia_illucens|AHE_69_S34_merged_SPM|NODE_15121_length_263_cov_0.741935_S,0.21474360119561328,0.2787722193021598,0.06671636308909884,Pass
EOG7K18XJ|Bactrocera_dorsalis|AHE_69_S34_merged_SPM_1|NODE_10815_length_273_cov_0.755102_S,0.14753714998697484,0.5319572555588231,0.17087547468961373,Pass
EOG7K18XJ|Lucilia_sericata|AHE_6_S42_merged_SPM|NODE_77275_length_260_cov_0.808743_R,0.17489560045952668,0.22756474145841102,0.06210965343813535,Pass
EOG7K18XJ|Bactrocera_oleae|AHE_72_S37_merged_SPM|NODE_38951_length_271_cov_1.144330_R,0.26583583500876734,0.5932510288065843,0.21490719744687992,Pass
EOG7K18XJ|Bactrocera_oleae|AHE_74_S51_merged_SPM|NODE_38663_length_231_cov_0.961039_R,0.2056079275464148,0.69093163118372,0.23975162661155858,Pass
EOG7K18XJ|Bactrocera_oleae|AHE_77_S24_merged_SPM|NODE_7452_length_336_cov_0.590734_S,0.390462931628202,0.7379390367608506,0.21691114768586528,Pass
EOG7K18XJ|Scaptodrosophila_lebanonensis|AHE_78_S12_merged_SPM|NODE_13270_length_231_cov_0.772727_R,0.14668828447105717,0.5073614609571788,0.1670050891893281,Pass
EOG7K18XJ|Bactrocera_dorsalis|AHE_7_S39_merged_SPM|NODE_15964_length_151_cov_242_AU,0.25882825557112715,0.5265390086852352,0.11154356559366324,Pass
EOG7K18XJ|Rhagoletis_pomonella|AHE_81_S53_merged_SPM|NODE_25485_length_105_cov_150_AU,0.08171064406584189,0.4158989424206815,0.13572267920094006,Pass
EOG7K18XJ|Musca_domestica|AHE_84_S14_merged_SPM|NODE_164731_length_105_cov_150_AU,0.07234048404840483,0.21823680904522608,0.06755025125628139,Pass
EOG7K18XJ|Zeugodacus_cucurbitae|AHE_89_S15_merged_SPM|NODE_32021_length_246_cov_0.804734_R,0.1713130749930304,0.3143240443444766,0.07803494674427519,Pass
EOG7K18XJ|Drosophila_ficusphila|AHE_8_S50_merged_SPM|NODE_11632_length_539_cov_0.722944_S,0.2785836757764909,0.6165555524365596,0.150826489365115,Pass
EOG7K18XJ|Zeugodacus_cucurbitae|AHE_8_S50_merged_SPM_2|NODE_122808_length_230_cov_0.738562_S,0.15911714476315061,0.42668434634758057,0.13609701443442723,Pass
EOG7K18XJ|Lucilia_sericata|AHE_8_S50_merged_SPM_1|NODE_43486_length_344_cov_0.823970_S,0.2798983473861162,0.38512189056973434,0.1386057647913731,Pass
EOG7K18XJ|Bactrocera_oleae|AHE_91_S2_merged_SPM|NODE_11871_length_358_cov_1.580071_S,0.213332498182039,0.4396124585802228,0.12429410278708419,Pass
EOG7K18XJ|Rhagoletis_pomonella|AHE_99_S33_merged_SPM|NODE_11918_length_268_cov_0.712042_S,0.1415098918048806,0.29464409634919037,0.06563662878406917,Pass
EOG7K18XJ|Bactrocera_oleae|CNC254466_S52_SPM|NODE_19739_length_99_cov_207_A,0.08784252516911477,0.6062636297950604,0.22889844981607987,Pass
EOG7K18XJ|Drosophila_ficusphila|CNC457410_S40_SPM|NODE_202448_length_262_cov_464_AU,0.29054743284597073,0.5043472500900344,0.12122498327931264,Pass
EOG7K18XJ|Teleopsis_dalmanni|CNC457410_S40_SPM_1|NODE_210792_length_190_cov_480_A,0.22686567164179106,0.33596130746551156,0.08699450369453643,Pass
EOG7K18XJ|Musca_domestica|CNC457425_S9_SPM|NODE_268221_length_167_cov_274_AU,0.14143668882952204,0.4824526030409889,0.16666097903158533,Pass
EOG7K18XJ|Bactrocera_oleae|CNC464825_S42_SPM|NODE_100568_length_192_cov_324_AU,0.20872293812209974,0.2751930607769424,0.0993499373433584,Pass
EOG7K18XJ|Hermetia_illucens|CNC464930_S12_SPM|NODE_6917_length_117_cov_174_AU,0.27368116471734893,0.4024098270150902,0.12688627162311372,Pass
EOG7K18XJ|Bactrocera_oleae|CNC483888_S1_SPM|NODE_65338_length_155_cov_250_AU,0.2506189315232122,0.3815126960375359,0.09052796396452589,Pass
EOG7K18XJ|Bactrocera_dorsalis|CNC484014_S2_SPM|NODE_24139_length_305_cov_550_A,0.4714405466756354,0.9966396775373496,0.26815974300683837,Pass
EOG7K18XJ|Lucilia_sericata|CNC484244_S9_SPM|NODE_5148_length_171_cov_282_A,0.1827732567191908,0.3628693221105348,0.11324479252692016,Pass
EOG7K18XJ|Glossina_morsitans|CNC484528_S17_SPM|NODE_49246_length_197_cov_524_AU,0.30247639743265065,0.5333595030399154,0.19886862278614859,Pass
EOG7K18XJ|Lucilia_sericata|CNC484671_S18_SPM|NODE_39432_length_275_cov_490_AU,0.1761211415259173,0.44133857311396985,0.14374295364923395,Pass
EOG7K18XJ|Drosophila_ficusphila|CNC484671_S18_SPM_1|NODE_1116_length_493_cov_1.084699_g1112_i0_R,0.4790508147398096,0.899013458731958,0.19999182495429335,Pass
EOG7K18XJ|Lucilia_sericata|CNC484671_S18_SPM_2|NODE_37175_length_239_cov_418_AU,0.16089024804621135,0.4434493304110044,0.15052816839480848,Pass
EOG7K18XJ|Rhagoletis_pomonella|CNC485058_S23_SPM|NODE_1643_length_454_cov_1.003058_S,0.29131358633675236,0.3783720130229934,0.13584256324004595,Pass
EOG7K18XJ|Drosophila_melanogaster|CNC485132_S85_SPM|NODE_65922_length_186_cov_312_A,0.1524858708836351,0.24112030905077247,0.06236203090507719,Pass
EOG7K18XJ|Ceratitis_capitata|CNC485220_S86_SPM|NODE_54646_length_273_cov_486_AU,0.12386771553845492,0.2483233326588754,0.06296850364384726,Pass
EOG7K18XJ|Hermetia_illucens|CNC485220_S86_SPM_1|NODE_6253_length_187_cov_314_A,0.20773894424420866,0.3036251305255831,0.09780717020536028,Pass
EOG7K18XJ|Bactrocera_dorsalis|CNC485277_S24_SPM|NODE_271607_length_170_cov_280_AU,0.2182595388258106,0.25108094262295083,0.05406281365005017,Pass
EOG7K18XJ|Bactrocera_oleae|CNC485542_S26_SPM|NODE_89173_length_100_cov_140_AU,0.0787452589472406,0.23321229050279324,0.07262569832402233,Pass
EOG7K18XJ|Musca_domestica|CNC485567_S78_SPM|NODE_17354_length_145_cov_345_A,0.08398583318964573,0.27302228103707915,0.0941309005036447,Pass
EOG7K18XJ|Musca_domestica|CNC485632_S93_SPM|NODE_8052_length_182_cov_304_AU,0.11378124884645484,0.4309532635809311,0.14447575789433437,Pass
EOG7K18XJ|Lucilia_sericata|CNC485734_S76_SPM|NODE_27145_length_212_cov_364_AU,0.249754064669346,0.3413037637025644,0.08276056776806406,Pass
EOG7K18XJ|Scaptodrosophila_lebanonensis|CNC485774_S81_SPM|NODE_18495_length_121_cov_255_AU,0.19794772054564486,0.3295665742024966,0.09829499258692431,Pass
EOG7K18XJ|Zeugodacus_cucurbitae|CNC684456_S45_SPM|NODE_201612_length_256_cov_452_AU,0.40285550055200253,0.38491801271400555,0.12253931880353253,Fail
EOG7K18XJ|Bactrocera_dorsalis|CNC941318_S28_SPM|NODE_22156_length_123_cov_186_AU,0.2847441645852768,0.5869330643806884,0.18798932288968062,Pass
EOG7K18XJ|Hermetia_illucens|CNC944366_S48_SPM|NODE_367124_length_196_cov_895_AU,0.2684375041263156,0.5207863672949918,0.14933285238048843,Pass
EOG7K18XJ|Zeugodacus_cucurbitae|CNC_Dip12307_S33_SPM|NODE_38745_length_258_cov_456_AU,0.2772450506896028,0.5095908337761538,0.10558448373962498,Pass
EOG7K18XJ|Lucilia_sericata|JSM_6055_S7_SPM_2|NODE_14543_length_782_cov_1.673282_S,0.14617931052728617,0.3814785594714355,0.1200770314249035,Pass
EOG7K18XJ|Stomoxys_calcitrans|CNC_Dip12532_S77_SPM|NODE_598_length_523_cov_1.414141_g595_i0_R,0.15917948275457844,0.3814785594714355,0.1200770314249035,Pass
EOG7K18XJ|Musca_domestica|CNC_Dip1356_S82_SPM|NODE_28409_length_235_cov_410_AU,0.1751072256479567,0.38760629832454024,0.1113798418526547,Pass
EOG7K18XJ|Lucilia_sericata|CNC_Dip1356_S82_SPM_1|NODE_30287_length_158_cov_256_AU,0.14323435761866013,0.5061407446164016,0.17256430026986846,Pass
EOG7K18XJ|Aedes_aegypti|CNC_Dip208891_S34_SPM|NODE_15290_length_170_cov_280_AU,0.35843442435339895,0.20893323996265162,0.04598506069094299,Fail
EOG7K18XJ|Rhagoletis_pomonella|JSBVM_26_S2_SPM|NODE_6730_length_456_cov_2.261398_S,0.14939548942106484,0.372440952237863,0.1082169906540616,Pass
EOG7K18XJ|Drosophila_ficusphila|JSBVM_75_S7_SPM|NODE_311503_length_221_cov_382_AU,0.09815359118053131,0.40544602424287546,0.14718179675190135,Pass
EOG7K18XJ|Lucilia_sericata|JSBVM_75_S7_SPM_1|NODE_829423_length_216_cov_372_AU,0.1419794120304665,0.48734606667803004,0.16713521839864143,Pass
EOG7K18XJ|Drosophila_ficusphila|JSM_10052_S7_SPM|NODE_8443_length_197_cov_334_AU,0.21159446215008507,0.5923736184814269,0.18944659458165425,Pass
EOG7K18XJ|Rhagoletis_pomonella|JSM_10506_S5_SPM|NODE_2922347_length_334_cov_688_AU,0.1479112098054569,0.40107218213442075,0.12027400364629665,Pass
EOG7K18XJ|Bactrocera_dorsalis|JSM_10506_S5_SPM_2|NODE_1389299_length_208_cov_520_A,0.2216425986948375,0.30019338069186996,0.09106992188563179,Pass
EOG7K18XJ|Hermetia_illucens|JSM_10506_S5_SPM_3|NODE_1596591_length_194_cov_328_AU,0.26264513605125916,0.32688895445845484,0.09262233839932632,Pass
EOG7K18XJ|Bactrocera_oleae|JSM_10506_S5_SPM_1|NODE_409640_length_301_cov_1275_AU,0.17578093968845435,0.4849160055583401,0.1428242798254123,Pass
EOG7K18XJ|Bactrocera_dorsalis|JSM_10507_S12_SPM|NODE_29624_length_254_cov_674_AU,0.2965448670146657,0.42933665614790345,0.1471654428422013,Pass
EOG7K18XJ|Musca_domestica|JSM_10540_S15_SPM|NODE_40777_length_620_cov_1.012170_R,0.25179056010743694,0.43422340141503146,0.13499532772660527,Pass
EOG7K18XJ|Lucilia_sericata|JSM_10540_S15_SPM_6|NODE_73268_length_498_cov_0.981132_S,0.4024597030619379,0.9435864470906219,0.23893942821618552,Pass
EOG7K18XJ|Musca_domestica|JSM_10540_S15_SPM_9|NODE_43738_length_591_cov_1.155172_S,0.4287668250582462,1.0378901680148416,0.29446339531286286,Pass
EOG7K18XJ|Lucilia_sericata|JSM_10540_S15_SPM_4|NODE_2938322_length_335_cov_935_AU,0.20445753201378328,0.5500510258808912,0.15416037073932942,Pass
EOG7K18XJ|Lucilia_sericata|JSM_10540_S15_SPM_2|NODE_100605_length_457_cov_1.066667_R,0.1465225749621742,0.5003435912305316,0.15707789016997503,Pass
EOG7K18XJ|Rhagoletis_pomonella|JSM_10551_S1_SPM|NODE_427522_length_164_cov_268_AU,0.19282501004445082,0.35721340926038925,0.09016337875398284,Pass
EOG7K18XJ|Zeugodacus_cucurbitae|JSM_10605_S1_SPM|NODE_5900_length_579_cov_1.163717_S,0.43737428144492,0.6313986598938183,0.15219142152647047,Pass
EOG7K18XJ|Zeugodacus_cucurbitae|JSM_10605_S1_SPM_3|NODE_120706_length_208_cov_505_AU,0.10916701718901936,0.2616248533835877,0.06574795227789143,Pass
EOG7K18XJ|Scaptodrosophila_lebanonensis|JSM_10605_S1_SPM_1|NODE_3572799_length_267_cov_638_AU,0.3139655056205819,0.45329399700194883,0.14210741040179553,Pass
EOG7K18XJ|Stomoxys_calcitrans|JSM_10605_S1_SPM_5|NODE_1417234_length_168_cov_276_AU,0.09547122408572715,0.24410652920962203,0.058253347553027635,Pass
EOG7K18XJ|Drosophila_ficusphila|JSM_10605_S1_SPM_6|NODE_2452920_length_261_cov_751_AU,0.08142676254678623,0.22006994110404407,0.05247371741833545,Pass
EOG7K18XJ|Rhagoletis_pomonella|JSM_10605_S1_SPM_4|NODE_12864_length_238_cov_3.639640_R,0.3086279966532067,0.512165329429782,0.1234583958596897,Pass
EOG7K18XJ|Rhagoletis_pomonella|JSM_10605_S1_SPM_2|NODE_2685174_length_252_cov_444_AU,0.28011526235877865,0.4873706594648408,0.1132714522728403,Pass
EOG7K18XJ|Rhagoletis_pomonella|JSM_10609_S2_SPM|NODE_30711_length_673_cov_1.401099_S,0.262975339207076,0.4718104677696845,0.12178928509993958,Pass
EOG7K18XJ|Bradysia_coprophila|JSM_10609_S2_SPM_4|NODE_112496_length_451_cov_1.679012_S,0.3055888562711217,0.48794951542260745,0.1205036809244246,Pass
EOG7K18XJ|Glossina_morsitans|JSM_10609_S2_SPM_5|NODE_9835625_length_196_cov_346_AU,0.33599828305126317,0.5264465301478952,0.178009101251422,Pass
EOG7K18XJ|Teleopsis_dalmanni|JSM_10609_S2_SPM_2|NODE_7056105_length_255_cov_812_AU,0.20241156804396965,0.3565128401631048,0.09463939715682101,Pass
EOG7K18XJ|Drosophila_ficusphila|JSM_10609_S2_SPM_3|NODE_1601977_length_162_cov_274_AU,0.15696452139479575,0.252038072929107,0.0626976487694264,Pass
EOG7K18XJ|Musca_domestica|JSM_10609_S2_SPM_1|NODE_26746_length_699_cov_0.877622_S,0.21809173742519294,0.3664332394105118,0.10582666025698884,Pass
EOG7K18XJ|Teleopsis_dalmanni|JSM_10611_S9_SPM|NODE_8027_length_442_cov_1.555556_R,0.16711967331904,0.31905978582665406,0.07558662087789048,Pass
EOG7K18XJ|Scaptodrosophila_lebanonensis|JSM_10611_S9_SPM_1|NODE_892729_length_248_cov_436_AU,0.2356014849689796,0.3583699848816128,0.12237521307288751,Pass
EOG7K18XJ|Zeugodacus_cucurbitae|JSM_10611_S9_SPM_2|NODE_514194_length_192_cov_324_AU,0.19827035698861226,0.5412372999460529,0.14234175508002156,Pass
EOG7K18XJ|Rhagoletis_pomonella|JSS17021_S19_SPM|NODE_3758_length_209_cov_572_A,0.2665534067511424,0.5412372999460529,0.14234175508002156,Pass
EOG7K18XJ|Teleopsis_dalmanni|JSM_10699_S3_SPM|NODE_4672_length_1320_cov_1.179380_S,0.17393221825099137,0.33809083054683065,0.08925687950462119,Pass
EOG7K18XJ|Lucilia_sericata|JSM_10699_S3_SPM_7|NODE_107836_length_228_cov_2.613861_R,0.1958275853263985,0.586142916941012,0.18421845903400802,Pass
EOG7K18XJ|Drosophila_ficusphila|JSM_10699_S3_SPM_1|NODE_144944_length_564_cov_1.173913_R,0.19587364659034248,0.5156142229123393,0.15082325573813038,Pass
EOG7K18XJ|Hermetia_illucens|JSM_10699_S3_SPM_2|NODE_110811_length_510_cov_1.365535_S,0.23477347045644312,0.4980207981477983,0.13913593876194486,Pass
EOG7K18XJ|Teleopsis_dalmanni|JSM_10699_S3_SPM_5|NODE_66905_length_626_cov_1.507014_S,0.2622879986485642,0.494920469199447,0.12185016709829982,Pass
EOG7K18XJ|Hermetia_illucens|JSM_10699_S3_SPM_3|NODE_1461669_length_411_cov_1379_AU,0.24760166966281388,0.33947123799253237,0.09769681269826197,Pass
EOG7K18XJ|Hermetia_illucens|JSM_10699_S3_SPM_4|NODE_15934_length_979_cov_1.475352_S,0.21132520001322486,0.295189802024921,0.07388729705959007,Pass
EOG7K18XJ|Zeugodacus_cucurbitae|JSM_11142_S4_SPM|NODE_13218_length_732_cov_1.244628_S,0.31744549962778285,0.5358155156776615,0.12881400472917376,Pass
EOG7K18XJ|Lucilia_sericata|JSM_11142_S4_SPM_7|NODE_259778_length_159_cov_419_AU,0.11199185022714435,0.46610223512947246,0.16120586743154836,Pass
EOG7K18XJ|Drosophila_ficusphila|JSM_11142_S4_SPM_4|NODE_621143_length_235_cov_574_AU,0.21275318798466936,0.6256949527220977,0.1917063803101608,Pass
EOG7K18XJ|Teleopsis_dalmanni|JSM_11142_S4_SPM_6|NODE_420810_length_175_cov_314_AU,0.11522073013023,0.4597690903986523,0.1535353332798588,Pass
EOG7K18XJ|Scaptodrosophila_lebanonensis|JSM_11142_S4_SPM_2|NODE_1746846_length_359_cov_824_AU,0.2162412465451886,0.2692886778832514,0.07324355502672525,Pass
EOG7K18XJ|Bactrocera_dorsalis|JSM_11142_S4_SPM_1|NODE_685920_length_393_cov_928_AU,0.18337633932876254,0.3899975390759942,0.12131491723109317,Pass
EOG7K18XJ|Teleopsis_dalmanni|JSM_11142_S4_SPM_5|NODE_65252_length_440_cov_1.150160_S,0.12873817881276636,0.24986425624847697,0.06608100861216903,Pass
EOG7K18XJ|Teleopsis_dalmanni|JSM_11249_S5_SPM|NODE_1808_length_1500_cov_2.337218_S,0.17014735394224217,0.3304045659638451,0.08871371772016318,Pass
EOG7K18XJ|Teleopsis_dalmanni|JSM_11249_S5_SPM_5|NODE_641786_length_873_cov_4848_AU,0.2058426286946851,0.4632032062410575,0.09861769162853284,Pass
EOG7K18XJ|Lucilia_sericata|JSM_11249_S5_SPM_4|NODE_1955385_length_372_cov_1669_AU,0.1487809012489993,0.4981201840293731,0.17107513567824184,Pass
EOG7K18XJ|Hermetia_illucens|JSM_11249_S5_SPM_2|NODE_29405_length_743_cov_1.313312_S,0.22226885123380546,0.3308848553337665,0.09306307524644925,Pass
EOG7K18XJ|Rhagoletis_pomonella|JSM_11249_S5_SPM_1|NODE_5824_length_1148_cov_1.448580_S,0.28305464667862457,0.5475005062365749,0.13725719043172685,Pass
EOG7K18XJ|Rhagoletis_pomonella|JSM_11249_S5_SPM_3|NODE_25400_length_777_cov_1.813846_S,0.46327606345024186,0.8510786435621205,0.20836203844172974,Pass
EOG7K18XJ|Bactrocera_dorsalis|JSM_11384_S6_SPM|NODE_1483_length_2636_cov_1.574332_S,0.2608290327372238,0.5377517907730344,0.15300962186644218,Pass
EOG7K18XJ|Rhagoletis_pomonella|JSM_11384_S6_SPM_6|NODE_99275_length_310_cov_828_AU,0.2657042424505471,0.6487028737765151,0.1961285787710363,Pass
EOG7K18XJ|Zeugodacus_cucurbitae|JSM_11384_S6_SPM_3|NODE_70413_length_663_cov_1.126866_R,0.25232652174707343,0.4844251811978336,0.11595968326181172,Pass
EOG7K18XJ|Lucilia_sericata|JSM_11384_S6_SPM_2|NODE_47634_length_709_cov_2.214777_S,0.2605164344209189,0.5279540874240972,0.14193486212670287,Pass
EOG7K18XJ|Musca_domestica|JSM_11384_S6_SPM_1|NODE_139430_length_789_cov_1.421450_R,0.16104634722676817,0.3756392277562788,0.10577133962943569,Pass
EOG7K18XJ|Hermetia_illucens|JSM_11396_S7_SPM|NODE_29470_length_589_cov_1.093074_R,0.22634569407588082,0.32524728036421424,0.09578731654984463,Pass
EOG7K18XJ|Rhagoletis_pomonella|JSM_11396_S7_SPM_5|NODE_722788_length_218_cov_401_AU,0.16380022661240373,0.3972756606985165,0.11099243243803458,Pass
EOG7K18XJ|Bactrocera_dorsalis|JSM_11396_S7_SPM_6|NODE_1425805_length_200_cov_596_AU,0.18387823174828094,0.4481284711799851,0.12026270314087212,Pass
EOG7K18XJ|Rhagoletis_pomonella|JSM_11396_S7_SPM_1|NODE_5885_length_500_cov_0.919571_R,0.3049525209474726,0.512667898924265,0.14237173717025398,Pass
EOG7K18XJ|Lucilia_sericata|JSM_11396_S7_SPM_2|NODE_77577_length_444_cov_1.296530_S,0.1456186867459075,0.5328590943367325,0.1847411969860318,Pass
EOG7K18XJ|Glossina_morsitans|JSM_11396_S7_SPM_4|NODE_1889005_length_252_cov_684_AU,0.1598142828465552,0.46624534069116913,0.15444122590015796,Pass
EOG7K18XJ|Hermetia_illucens|JSM_11457_S8_SPM|NODE_35179_length_880_cov_1.826029_R,0.2568633992834476,0.38020631790329873,0.11260187307312769,Pass
EOG7K18XJ|Bradysia_coprophila|JSM_11457_S8_SPM_2|NODE_43525_length_522_cov_1.258228_S,0.29001149310019925,0.5163605449310226,0.1587440866724173,Pass
EOG7K18XJ|Aedes_aegypti|JSM_11457_S8_SPM_1|NODE_1264_length_502_cov_0.965333_R,0.18077226204920696,0.40780205094245464,0.12726256286229798,Pass
EOG7K18XJ|Bradysia_coprophila|JSM_11457_S8_SPM_4|NODE_62496_length_463_cov_1.491071_S,0.2544056209804912,0.4873157174706231,0.11591242790076794,Pass
EOG7K18XJ|Lucilia_sericata|JSM_11468_S9_SPM_1|NODE_449275_length_313_cov_1256_AU,0.2252244736764011,0.49033581344252475,0.1102716468590832,Pass
EOG7K18XJ|Bactrocera_dorsalis|JSM_11505_S16_SPM|NODE_336676_length_155_cov_250_AU,0.3118308022138876,0.4318421052631579,0.11660970608339033,Pass
EOG7K18XJ|Bradysia_coprophila|JSM_11685_S10_SPM|NODE_75516_length_547_cov_1.269048_S,0.27842754745408327,0.5558066793049938,0.1695907758997871,Pass
EOG7K18XJ|Teleopsis_dalmanni|JSM_11685_S10_SPM_3|NODE_39894_length_678_cov_1.324864_S,0.21246161911955136,0.5443006395262934,0.17741259324423686,Pass
EOG7K18XJ|Rhagoletis_pomonella|JSM_11685_S10_SPM_5|NODE_9108503_length_295_cov_996_AU,0.34667460383451415,0.5852672689718649,0.1712243567321402,Pass
EOG7K18XJ|Aedes_aegypti|JSM_11685_S10_SPM_4|NODE_576508_length_218_cov_531_AU,0.2488056519506388,0.41396892655367246,0.10476329631794279,Pass
EOG7K18XJ|Glossina_morsitans|JSM_11685_S10_SPM_7|NODE_4398991_length_256_cov_516_AU,0.19229051119426088,0.36269841269841263,0.13174603174603172,Pass
EOG7K18XJ|Hermetia_illucens|JSM_11685_S10_SPM_2|NODE_4027310_length_334_cov_715_AU,0.2160316855336796,0.40029455045606815,0.12155001159964957,Pass
EOG7K18XJ|Rhagoletis_pomonella|JSM_11709_S11_SPM|NODE_47766_length_464_cov_0.718101_S,0.16542187461461946,0.3610143044765911,0.09353517297372577,Pass
EOG7K18XJ|Bactrocera_oleae|JSM_11709_S11_SPM_3|NODE_3818575_length_226_cov_538_AU,0.18523827335245233,0.4965427714646465,0.15279806998557,Pass
EOG7K18XJ|Musca_domestica|JSM_11709_S11_SPM_1|NODE_40184_length_485_cov_1.603352_S,0.2778235291650907,0.3024451823880327,0.08376132387482099,Pass
EOG7K18XJ|Teleopsis_dalmanni|JSM_11709_S11_SPM_2|NODE_27154_length_298_cov_2.187135_R,0.2616089072429111,0.6141101968275349,0.17347383526531363,Pass
EOG7K18XJ|Zeugodacus_cucurbitae|JSM_11804_S12_SPM_2|NODE_12219_length_1013_cov_1.457111_S,0.3063548160937151,0.6637842437577383,0.1879912215958196,Pass
EOG7K18XJ|Teleopsis_dalmanni|JSM_11804_S12_SPM_5|NODE_14889_length_918_cov_1.584071_S,0.20318084415012452,0.48998852025913653,0.1153919176983913,Pass
EOG7K18XJ|Teleopsis_dalmanni|JSM_11804_S12_SPM_3|NODE_26877_length_442_cov_2.539683_R,0.22544089512484755,0.4722028638923904,0.1366199132486814,Pass
EOG7K18XJ|Zeugodacus_cucurbitae|JSM_11804_S12_SPM_4|NODE_52537_length_439_cov_1.929487_S,0.23104874078787765,0.601354021178801,0.17721374336575335,Pass
EOG7K18XJ|Teleopsis_dalmanni|JSM_11807_S13_SPM|NODE_35961_length_524_cov_1.596977_S,0.18301183044114192,0.472195985497168,0.12557903621961697,Pass
EOG7K18XJ|Stomoxys_calcitrans|JSM_11807_S13_SPM_2|NODE_3331856_length_251_cov_801_AU,0.1285115346884521,0.23689926683001306,0.058460067071691824,Pass
EOG7K18XJ|Bactrocera_dorsalis|JSM_11807_S13_SPM_3|NODE_55892_length_274_cov_2.224490_R,0.14536797900150455,0.5756539074960129,0.189792663476874,Pass
EOG7K18XJ|Teleopsis_dalmanni|JSM_11807_S13_SPM_1|NODE_64727_length_437_cov_2.864516_S,0.11753727041210209,0.4278408543737727,0.1306659983004343,Pass
EOG7K18XJ|Teleopsis_dalmanni|JSM_11807_S13_SPM_5|NODE_24183_length_589_cov_0.770563_S,0.25787544640079657,0.3447874283694699,0.07205935479063258,Pass
EOG7K18XJ|Glossina_morsitans|JSM_1944_S2_SPM|NODE_4031631_length_162_cov_264_AU,0.14104430274584243,0.4708970973719295,0.15380573068492526,Pass
EOG7K18XJ|Stomoxys_calcitrans|JSM_4641_II_S8_SPM|NODE_103152_length_108_cov_156_A,0.23302032840626621,0.43451495016611297,0.11933554817275749,Pass
EOG7K18XJ|Lucilia_sericata|JSM_4774_S13_SPM|NODE_243282_length_166_cov_484_AU,0.1755817141148226,0.5391444828884812,0.1865143812079274,Pass
EOG7K18XJ|Lucilia_sericata|JSM_4942_S10_SPM|NODE_330912_length_151_cov_242_AU,0.3508898508898509,1.0774763091526052,0.36956838175128065,Pass
EOG7K18XJ|Lucilia_sericata|JSM_5292_S3_SPM|NODE_54383_length_221_cov_382_AU,0.21808755400086668,0.36625100187015763,0.09616999351169803,Pass
EOG7K18XJ|Lucilia_sericata|JSM_5716_II_S12_SPM|NODE_483087_length_155_cov_250_AU,0.1222171389841996,0.5226488899625443,0.177728214229336,Pass
EOG7K18XJ|Musca_domestica|JSM_5812_S4_SPM|NODE_1886_length_937_cov_1.090123_S,0.17721287713081213,0.3469090627153248,0.0929824786554998,Pass
EOG7K18XJ|Teleopsis_dalmanni|JSM_5812_S4_SPM_2|NODE_116307_length_229_cov_638_AU,0.12284710724871882,0.33753165849673206,0.11100898692810457,Pass
EOG7K18XJ|Drosophila_ficusphila|JSM_5812_S4_SPM_1|NODE_7263_length_644_cov_0.738878_S,0.41768874995443644,0.7752954104876693,0.18753880659993538,Pass
EOG7K18XJ|Lucilia_sericata|JSM_5861_S5_SPM|NODE_510576_length_198_cov_336_AU,0.2066342239182405,0.3070090399527712,0.10130461168980809,Pass
EOG7K18XJ|Musca_domestica|JSM_5907_S13_SPM|NODE_33611_length_265_cov_3.434783_R,0.13128490591295183,0.3322476789114737,0.08892099491348543,Pass
EOG7K18XJ|Bactrocera_dorsalis|JSM_6006_S14_SPM|NODE_2937_length_2228_cov_1.410757_S,0.38587621030922353,0.6948091174389969,0.17905549903409862,Pass
EOG7K18XJ|Teleopsis_dalmanni|JSM_6006_S14_SPM_2|NODE_23711_length_1083_cov_2.036611_S,0.2123481148821648,0.3711631896983341,0.10528441708205366,Pass
EOG7K18XJ|Drosophila_ficusphila|Sample_487784_S4_SPM_3|NODE_39368_length_305_cov_3.505618_R,0.3405428783657597,0.6906807733346481,0.15211128296054988,Pass
EOG7K18XJ|Drosophila_ficusphila|JSM_6043_S6_SPM|NODE_1577568_length_291_cov_690_AU,0.3799590770667507,0.6906807733346481,0.15211128296054988,Pass
EOG7K18XJ|Rhagoletis_pomonella|JSM_6055_S7_SPM|NODE_35472_length_764_cov_1.684458_R,0.18374855318775085,0.2616735330431941,0.0586534793682158,Pass
EOG7K18XJ|Bactrocera_dorsalis|JSM_6055_S7_SPM_1|NODE_17895_length_729_cov_1.568106_S,0.24527955852308947,0.5259453925655723,0.15623979503213475,Pass
EOG7K18XJ|Rhagoletis_pomonella|JSM_6055_S7_SPM_6|NODE_7064_length_568_cov_1.244898_R,0.17211764108600622,0.4879572685950737,0.15873661624988755,Pass
EOG7K18XJ|Teleopsis_dalmanni|JSM_6055_S7_SPM_7|NODE_64373_length_250_cov_2.504065_R,0.24146860764507824,0.5022522121194177,0.1515828923450171,Pass
EOG7K18XJ|Lucilia_sericata|JSM_6055_S7_SPM_5|NODE_90635_length_477_cov_0.957143_R,0.26645673428007316,0.5729888072149206,0.1580612330347907,Pass
EOG7K18XJ|Drosophila_ficusphila|JSM_6055_S7_SPM_3|NODE_4268_length_1116_cov_1.437816_S,0.46219536258223004,0.8591975934546723,0.19660005288010263,Pass
EOG7K18XJ|Scaptodrosophila_lebanonensis|JSM_6055_S7_SPM_4|NODE_48607_length_485_cov_2.019553_S,0.2614042677862755,0.2958735889873818,0.07846291151227303,Pass
EOG7K18XJ|Teleopsis_dalmanni|JSM_6145_S8_SPM|NODE_7362_length_757_cov_1.369841_S,0.22408551260240916,0.5945232076849037,0.18362471441780354,Pass
EOG7K18XJ|Rhagoletis_pomonella|JSM_6145_S8_SPM_1|NODE_43443_length_472_cov_1.840580_S,0.13011792891841945,0.39312186379928304,0.11283154121863792,Pass
EOG7K18XJ|Teleopsis_dalmanni|JSM_6145_S8_SPM_3|NODE_35330_length_503_cov_1.194149_S,0.19262214587501802,0.33360636603963517,0.07068227895140389,Pass
EOG7K18XJ|Zeugodacus_cucurbitae|JSM_6145_S8_SPM_6|NODE_352457_length_208_cov_356_AU,0.18312254235070682,0.3606775146331058,0.08881845402109301,Pass
EOG7K18XJ|Drosophila_ficusphila|JSM_6145_S8_SPM_2|NODE_10096_length_702_cov_1.403478_S,0.38343543672318064,0.8046808351207441,0.1950333712632794,Pass
EOG7K18XJ|Stomoxys_calcitrans|JSM_6145_S8_SPM_4|NODE_519667_length_252_cov_934_AU,0.23155806371829094,0.2995842395680107,0.10492494854194212,Pass
EOG7K18XJ|Hermetia_illucens|JSM_6145_S8_SPM_5|NODE_25555_length_222_cov_2.778947_R,0.2098303378029488,0.33733143522551107,0.0830498541446445,Pass
EOG7K18XJ|Drosophila_ficusphila|JSM_6152_S9_SPM|NODE_78768_length_526_cov_1.062657_R,0.30604664334671716,0.6307721628153796,0.16585732748496773,Pass
EOG7K18XJ|Glossina_morsitans|JSM_6152_S9_SPM_1|NODE_2498794_length_287_cov_931_AU,0.17785372046868322,0.30900564133577035,0.07158871428170394,Pass
EOG7K18XJ|Zeugodacus_cucurbitae|JSM_6152_S9_SPM_3|NODE_1477554_length_296_cov_1116_AU,0.2613263731123472,0.5157601721652157,0.11365685192223002,Pass
EOG7K18XJ|Stomoxys_calcitrans|JSM_6152_S9_SPM_5|NODE_2309818_length_372_cov_729_AU,0.34526045279033485,nan,nan,Fail
EOG7K18XJ|Rhagoletis_pomonella|JSM_6152_S9_SPM_2|NODE_692935_length_346_cov_1550_AU,0.28776838148397615,0.4556054055290678,0.1275969689746323,Pass
EOG7K18XJ|Musca_domestica|JSM_6153_S10_SPM|NODE_1310_length_1610_cov_1.420769_S,0.2698910895467162,0.5411191263755464,0.15743246475721678,Pass
EOG7K18XJ|Musca_domestica|JSM_6153_S10_SPM_8|NODE_1652563_length_185_cov_396_AU,0.24694108897121245,0.23574601423018637,0.06926510310297118,Fail
EOG7K18XJ|Bactrocera_oleae|JSM_6153_S10_SPM_1|NODE_115809_length_569_cov_0.773756_R,0.22622784068819626,0.5177021051690454,0.161448558795718,Pass
EOG7K18XJ|Musca_domestica|JSM_6153_S10_SPM_7|NODE_357997_length_273_cov_873_AU,0.36215602531857594,nan,nan,Fail
EOG7K18XJ|Bactrocera_oleae|JSM_6153_S10_SPM_3|NODE_1212872_length_312_cov_1401_AU,0.1457476539012858,0.5955867792661621,0.19903902154921382,Pass
EOG7K18XJ|Hermetia_illucens|JSM_6153_S10_SPM_2|NODE_75562_length_450_cov_1.578947_S,0.2653897954495645,0.3859043698200418,0.1279386006077659,Pass
EOG7K18XJ|Lucilia_sericata|JSM_6153_S10_SPM_4|NODE_867250_length_281_cov_687_AU,0.2766991635211625,0.43551430499977445,0.13647649361806086,Pass
EOG7K18XJ|Teleopsis_dalmanni|JSM_6163_S11_SPM|NODE_22157_length_499_cov_1.577957_S,0.21442709843749277,0.5344619151674437,0.15708881016266368,Pass
EOG7K18XJ|Lucilia_sericata|JSM_6163_S11_SPM_4|NODE_511010_length_328_cov_1124_AU,0.4226007328815926,0.8803525501519776,0.25119909663909484,Pass
EOG7K18XJ|Lucilia_sericata|JSM_6163_S11_SPM_1|NODE_7182_length_681_cov_1.729242_S,0.39495698917153843,nan,nan,Fail
EOG7K18XJ|Scaptodrosophila_lebanonensis|JSM_6163_S11_SPM_2|NODE_652445_length_328_cov_1397_AU,0.15294762616310503,0.48312706068188027,0.16108293835176035,Pass
EOG7K18XJ|Hermetia_illucens|JSM_6163_S11_SPM_3|NODE_383683_length_252_cov_884_AU,0.24928774156932992,0.3865488280080397,0.13415730281007826,Pass
EOG7K18XJ|Bactrocera_oleae|JSM_6163_S11_SPM_5|NODE_765517_length_177_cov_294_AU,0.18981913580933352,0.243520461426036,0.06438563524376234,Pass
EOG7K18XJ|Glossina_morsitans|JSM_6206_S14_SPM|NODE_407015_length_134_cov_208_AU,0.15593919371527498,0.6285189573459716,0.21377792823290453,Pass
EOG7K18XJ|Scaptodrosophila_lebanonensis|JSM_6258_S12_SPM|NODE_4511_length_529_cov_1.388060_S,0.2119423604937458,0.33075109803146374,0.10034380330607301,Pass
EOG7K18XJ|Bactrocera_oleae|JSM_6258_S12_SPM_2|NODE_12797_length_272_cov_2.027586_R,0.1484874162564609,0.6318372465525878,0.21535120099137817,Pass
EOG7K18XJ|Bactrocera_oleae|JSM_6258_S12_SPM_1|NODE_419970_length_256_cov_452_AU,0.17113482561166057,0.3155664488017428,0.08496732026143783,Pass
EOG7K18XJ|Bactrocera_dorsalis|JSM_6310_S13_SPM|NODE_13959_length_483_cov_1.477528_R,0.191311887261901,0.2792830702427288,0.061876687778589234,Pass
EOG7K18XJ|Drosophila_ficusphila|JSM_6310_S13_SPM_4|NODE_954644_length_280_cov_500_AU,0.25395027983860474,0.5496599516095096,0.15166736797811903,Pass
EOG7K18XJ|Zeugodacus_cucurbitae|JSM_6310_S13_SPM_3|NODE_138877_length_285_cov_574_AU,0.28087350326317795,0.4971866523886639,0.14853902821816617,Pass
EOG7K18XJ|Bactrocera_oleae|JSM_6310_S13_SPM_2|NODE_1745204_length_226_cov_497_AU,0.12872712560173383,0.40149029982363327,0.1457276652678952,Pass
EOG7K18XJ|Rhagoletis_pomonella|JSM_6310_S13_SPM_5|NODE_325129_length_198_cov_336_AU,0.269776734223101,0.5778052810964555,0.17188566850531772,Pass
EOG7K18XJ|Stomoxys_calcitrans|JSM_6310_S13_SPM_1|NODE_1412152_length_226_cov_488_AU,0.13773337940549918,0.27399496979160476,0.07604393113890318,Pass
EOG7K18XJ|Bactrocera_dorsalis|JSM_6314_S15_SPM|NODE_401028_length_256_cov_488_AU,0.15761501715472906,0.2941949152542374,0.06355932203389836,Pass
EOG7K18XJ|Contarinia_nasturtii|JSM_6314_S15_SPM_2|NODE_673952_length_230_cov_400_AU,0.2758422446694204,0.4947460050303679,0.15365801072980284,Pass
EOG7K18XJ|Lucilia_sericata|JSM_6314_S15_SPM_3|NODE_175275_length_162_cov_625_AU,0.1150682834891592,0.24193789500766255,0.05438952090114885,Pass
EOG7K18XJ|Rhagoletis_pomonella|JSM_642_S1_SPM|NODE_2903_length_1415_cov_1.553571_S,0.3972516905316419,0.6891820578608147,0.16998466001179408,Pass
EOG7K18XJ|Bactrocera_oleae|JSM_642_S1_SPM_1|NODE_10686_length_977_cov_1.208235_S,0.2809122112982018,0.38080073401766035,0.12470666031905964,Pass
EOG7K18XJ|Scaptodrosophila_lebanonensis|JSM_642_S1_SPM_6|NODE_74926_length_432_cov_0.832787_S,0.32630501350499386,0.46254894151345816,0.14681357057731198,Pass
EOG7K18XJ|Ceratitis_capitata|JSM_642_S1_SPM_3|NODE_34330_length_640_cov_1.025341_S,0.23399542982648336,0.5085708297854082,0.1491629725812581,Pass
EOG7K18XJ|Lucilia_sericata|JSM_642_S1_SPM_4|NODE_37137_length_618_cov_2.075356_S,0.28866740739705554,0.5987693788118335,0.16091015598750963,Pass
EOG7K18XJ|Musca_domestica|JSM_642_S1_SPM_2|NODE_46582_length_558_cov_1.450116_S,0.13654373524529748,0.3898078730845883,0.11940431780655458,Pass
EOG7K18XJ|Zeugodacus_cucurbitae|JSM_642_S1_SPM_7|NODE_1184187_length_606_cov_1693_AU,0.3548811822212423,0.2480333701386332,0.0590970433075696,Fail
EOG7K18XJ|Scaptodrosophila_lebanonensis|JSM_642_S1_SPM_5|NODE_1335883_length_290_cov_793_AU,0.20782533558296643,0.45702996128597884,0.1389520763700195,Pass
EOG7K18XJ|Zeugodacus_cucurbitae|JSM_6602_S10_SPM|NODE_1051010_length_238_cov_416_AU,0.15424386040499785,0.49144398766700925,0.15190133607399792,Pass
EOG7K18XJ|Bactrocera_dorsalis|JSM_6608_S1_SPM|NODE_133788_length_181_cov_302_AU,0.2591191299392495,0.6589496527777777,0.1762152777777778,Pass
EOG7K18XJ|Bactrocera_oleae|JSM_6704_S2_SPM|NODE_5173_length_323_cov_2.193878_R,0.1888763531490949,0.4277396729854388,0.12535467654789295,Pass
EOG7K18XJ|Musca_domestica|JSM_6712_S3_SPM|NODE_205114_length_214_cov_368_AU,0.22900033975229495,0.5928340849750771,0.18238445627479566,Pass
EOG7K18XJ|Drosophila_melanogaster|JSM_6712_S3_SPM_1|NODE_36678_length_212_cov_2.294118_R,0.24144924986052813,0.5824808004726039,0.16084034854526663,Pass
EOG7K18XJ|Glossina_morsitans|JSM_6712_S3_SPM_2|NODE_28159_length_147_cov_3.000000_R,0.0863978163218014,0.31274975085517276,0.1090446305922913,Pass
EOG7K18XJ|Bactrocera_dorsalis|JSM_6713_S4_SPM|NODE_252217_length_251_cov_442_AU,0.16947758124228712,0.48717603527003617,0.15021256495040147,Pass
EOG7K18XJ|Rhagoletis_pomonella|JSM_6897_S6_SPM|NODE_734187_length_275_cov_677_AU,0.21467624695764803,0.4947462247717068,0.12038838469515128,Pass
EOG7K18XJ|Hermetia_illucens|JSM_6897_S6_SPM_2|NODE_27908_length_271_cov_3.722222_R,0.2839015121436163,0.3614686008528364,0.10571858623624042,Pass
EOG7K18XJ|Zeugodacus_cucurbitae|JSM_7037_II_S3_SPM_4|NODE_176013_length_208_cov_356_AU,0.19231665055643116,0.5386111965362008,0.1665436066075463,Pass
EOG7K18XJ|Ceratitis_capitata|JSM_7037_II_S3_SPM_1|NODE_556747_length_261_cov_462_AU,0.3000692526525193,0.4669650744298728,0.09336690589468621,Pass
EOG7K18XJ|Lucilia_sericata|JSM_7037_II_S3_SPM_3|NODE_597_length_171_cov_4.000000_R,0.13473279704416302,0.35633959132870036,0.10659682605538845,Pass
EOG7K18XJ|Musca_domestica|JSM_7037_II_S3_SPM_2|NODE_435208_length_188_cov_316_AU,0.16907036432243228,0.5092260294114378,0.16647977922780755,Pass
EOG7K18XJ|Lucilia_sericata|JSM_7174_S7_SPM|NODE_1186870_length_251_cov_442_AU,0.4260435061722449,0.9382461545461905,0.27281519788980174,Pass
EOG7K18XJ|Rhagoletis_pomonella|JSM_7192_S14_SPM|NODE_2137494_length_159_cov_258_AU,0.19257092045396196,0.7360188627288998,0.23161228142640783,Pass
EOG7K18XJ|Drosophila_ficusphila|JSM_7334_S8_SPM|NODE_53421_length_212_cov_364_AU,0.3478800744154604,0.7923671389623158,0.22169545339527502,Pass
EOG7K18XJ|Teleopsis_dalmanni|JSM_7804_S15_SPM|NODE_1322433_length_281_cov_768_AU,0.17859649122807017,0.5748934064034305,0.18696921681992207,Pass
EOG7K18XJ|Teleopsis_dalmanni|JSM_7804_S15_SPM_1|NODE_51181_length_198_cov_441_AU,0.13010446343779677,0.31703879412974606,0.09115878370822222,Pass
EOG7K18XJ|Bactrocera_dorsalis|JSM_7821_S9_SPM|NODE_10493_length_861_cov_1.983651_R,0.2184501618395599,0.5277817703070685,0.1589234074573413,Pass
EOG7K18XJ|Teleopsis_dalmanni|JSM_7821_S9_SPM_4|NODE_18394_length_292_cov_4.333333_R,0.1337664231001168,0.4298950419832066,0.14164334266293477,Pass
EOG7K18XJ|Zeugodacus_cucurbitae|JSM_7821_S9_SPM_1|NODE_24075_length_644_cov_1.526112_S,0.3147659206762823,0.7280546625783522,0.21192747885346297,Pass
EOG7K18XJ|Drosophila_ficusphila|JSM_7821_S9_SPM_2|NODE_4399_length_986_cov_1.650757_S,0.4133049352389024,0.7676142279093875,0.17061189558640327,Pass
EOG7K18XJ|Stomoxys_calcitrans|JSM_7821_S9_SPM_6|NODE_2352417_length_285_cov_774_AU,0.18393235276977185,0.34930500881117715,0.0929955695336171,Pass
EOG7K18XJ|Lucilia_sericata|JSM_8315_S13_SPM|NODE_38275_length_441_cov_2.665605_S,0.18690513585593263,0.531343695341701,0.16218036193038993,Pass
EOG7K18XJ|Drosophila_ficusphila|JSM_8315_S13_SPM_1|NODE_28489_length_817_cov_1.469565_R,0.36406915117763605,0.677906557781796,0.13601762425652802,Pass
EOG7K18XJ|Bactrocera_dorsalis|JSM_8384_S2_SPM|NODE_1100036_length_334_cov_1288_AU,0.2463160930135114,0.6028060480016101,0.17335927410563035,Pass
EOG7K18XJ|Drosophila_ficusphila|JSM_8384_S2_SPM_2|NODE_1333511_length_325_cov_870_AU,0.36804475394332953,0.7725651989714472,0.14912377782188302,Pass
EOG7K18XJ|Bactrocera_oleae|JSM_8398_S11_SPM|NODE_21792_length_309_cov_806_AU,0.12429959047295198,0.39232626801784376,0.10835202805497535,Pass
EOG7K18XJ|Teleopsis_dalmanni|JSM_8424_S12_SPM|NODE_403974_length_242_cov_500_AU,0.1162147666417169,0.3203609409316841,0.08712865564674599,Pass
EOG7K18XJ|Musca_domestica|JSM_8424_S12_SPM_1|NODE_1508270_length_226_cov_392_AU,0.11718771873676499,0.3196542624128832,0.0862062689648897,Pass
EOG7K18XJ|Musca_domestica|JSM_8601_S5_SPM|NODE_270_length_1802_cov_90.135522_S,0.20880122736451437,0.43781961647534884,0.09873475275955618,Pass
EOG7K18XJ|Lucilia_sericata|JSM_8601_S5_SPM_1|NODE_61507_length_219_cov_378_AU,0.17456549538354635,0.46175637642919964,0.1595074758135444,Pass
EOG7K18XJ|Hermetia_illucens|JSM_8601_S5_SPM_5|NODE_1174236_length_195_cov_330_AU,0.2282408948762985,0.5146766056027067,0.11879127051884308,Pass
EOG7K18XJ|Lucilia_sericata|JSM_8601_S5_SPM_4|NODE_722363_length_233_cov_766_AU,0.3595824852115554,nan,nan,Fail
EOG7K18XJ|Scaptodrosophila_lebanonensis|JSM_8601_S5_SPM_2|NODE_1100213_length_218_cov_376_AU,0.11380135215061365,0.40813315926892957,0.13577023498694518,Pass
EOG7K18XJ|Teleopsis_dalmanni|JSM_8931_S10_SPM|NODE_4378_length_510_cov_0.856397_R,0.15071507943370063,0.4119595700637527,0.12397296473964892,Pass
EOG7K18XJ|Teleopsis_dalmanni|JSM_8931_S10_SPM_4|NODE_366856_length_268_cov_476_AU,0.11345818157060175,0.32935214689302256,0.10416151892715414,Pass
EOG7K18XJ|Zeugodacus_cucurbitae|JSM_8931_S10_SPM_3|NODE_358869_length_196_cov_332_AU,0.18417315767374753,0.34789368820763733,0.0981262106767134,Pass
EOG7K18XJ|Glossina_morsitans|JSM_8931_S10_SPM_1|NODE_4494_length_602_cov_1.231579_S,0.4002239205601373,0.7150860217176397,0.16977665472761744,Pass
EOG7K18XJ|Zeugodacus_cucurbitae|JSM_8931_S10_SPM_5|NODE_469366_length_167_cov_274_AU,0.26004905737915446,0.5146226927252985,0.17399565689467966,Pass
EOG7K18XJ|Zeugodacus_cucurbitae|JSM_8931_S10_SPM_2|NODE_90463_length_252_cov_444_AU,0.21672142804531547,0.600288944723618,0.16708542713567837,Pass
EOG7K18XJ|Stomoxys_calcitrans|JSM_9082_S6_SPM|NODE_782893_length_202_cov_344_AU,0.12297313579770609,0.4176124804381845,0.1485719874804381,Pass
EOG7K18XJ|Bactrocera_oleae|JSM_9156_S14_SPM|NODE_268906_length_228_cov_416_A,0.12191189979952716,0.3322813172127209,0.08689887030424515,Pass
EOG7K18XJ|Ceratitis_capitata|JSM_9156_S14_SPM_1|NODE_29149_length_164_cov_3.108108_R,0.2102292231560515,0.5717755775577557,0.1575577557755775,Pass
EOG7K18XJ|Bactrocera_dorsalis|JSM_9163_II_S3_SPM|NODE_791374_length_214_cov_570_AU,0.1987435750999429,0.4902659863557157,0.12324875089523873,Pass
EOG7K18XJ|Zeugodacus_cucurbitae|JSM_9171_S15_SPM|NODE_1919_length_144_cov_4.000000_R,0.11648426163413182,0.5331804225750415,0.1716559608936291,Pass
EOG7K18XJ|Zeugodacus_cucurbitae|JSM_9724_S16_SPM|NODE_561068_length_290_cov_934_AU,0.18271142127359638,0.22801649904686772,0.05826783484050291,Pass
EOG7K18XJ|Scaptodrosophila_lebanonensis|JSM_9724_S16_SPM_2|NODE_18962_length_291_cov_762_AU,0.27982998114863683,0.5529677566885691,0.11976330498665727,Pass
EOG7K18XJ|Drosophila_ficusphila|JSM_9724_S16_SPM_1|NODE_919590_length_237_cov_414_AU,0.0957845605903746,0.3293077239567792,0.11825847178435628,Pass
EOG7K18XJ|Lucilia_sericata|JSS10153_S74_SPM|NODE_31026_length_185_cov_310_AU,0.18629401975099305,0.5105740912753108,0.16685360526823945,Pass
EOG7K18XJ|Zeugodacus_cucurbitae|JSS13087_S84_SPM|NODE_88118_length_219_cov_378_AU,0.20670781343307273,0.3740131074168798,0.09320332480818416,Pass
EOG7K18XJ|Hermetia_illucens|JSS13088_S4_SPM|NODE_89097_length_281_cov_834_AU,0.2268174368535476,0.36947052895802757,0.1153132078941494,Pass
EOG7K18XJ|Drosophila_ficusphila|JSS13113_S90_SPM|NODE_10183_length_163_cov_266_A,0.12603726838602283,0.49007220216606506,0.16704486848891187,Pass
EOG7K18XJ|Ceratitis_capitata|JSS15410_S10_SPM|NODE_40166_length_264_cov_468_AU,0.3909867184983847,0.2531048912032733,0.07119211456202346,Fail
EOG7K18XJ|Rhagoletis_pomonella|JSS16852_S14_SPM|NODE_72069_length_264_cov_468_AU,0.2857387289747191,0.37283005480524567,0.1287638660866578,Pass
EOG7K18XJ|Teleopsis_dalmanni|JSS16919_S15_SPM|NODE_10711_length_254_cov_448_AU,0.22228315472749066,0.3921326976347752,0.1166882286688381,Pass
EOG7K18XJ|Bactrocera_oleae|JSS17104_S21_SPM|NODE_100061_length_235_cov_637_AU,0.17360146259533207,0.45937060713912803,0.15079377676448064,Pass
EOG7K18XJ|Scaptodrosophila_lebanonensis|JSS17128_S22_SPM|NODE_110276_length_154_cov_248_AU,0.2731744066110389,0.5021071236688469,0.11168125247821947,Pass
EOG7K18XJ|Glossina_morsitans|JSS17803_S32_SPM|NODE_35391_length_144_cov_228_AU,0.14811363427988158,0.4238337457033346,0.1361329342168558,Pass
EOG7K18XJ|Glossina_morsitans|JSS18587_S35_SPM|NODE_60623_length_185_cov_310_AU,0.12133581683763732,0.49236783055381944,0.1676851090424657,Pass
EOG7K18XJ|Bactrocera_oleae|JSS18986_S37_SPM|NODE_88093_length_227_cov_394_AU,0.20660444109452392,0.33132481258440416,0.09029027600847667,Pass
EOG7K18XJ|Scaptodrosophila_lebanonensis|JSS19037_S73_SPM|NODE_117465_length_228_cov_396_AU,0.2650302739745326,0.3087485411647563,0.09117593527689222,Pass
EOG7K18XJ|Glossina_morsitans|JSS19037_S73_SPM_1|NODE_157768_length_161_cov_262_AU,0.16207419685614793,0.4662468221203663,0.15833170365843452,Pass
EOG7K18XJ|Lucilia_sericata|JSS19038_S79_SPM|NODE_63640_length_191_cov_322_AU,0.22285968586076715,0.528744387907812,0.1572583058964382,Pass
EOG7K18XJ|Stomoxys_calcitrans|JSS50551_S55_SPM|NODE_110330_length_128_cov_196_AU,0.13452025787217475,0.42870299934796774,0.1539556618126494,Pass
EOG7K18XJ|Ceratitis_capitata|JSS_18925_S78_SPM|NODE_2510_length_128_cov_196_A,0.18741257721244314,0.5574044795783928,0.19885187276491634,Pass
EOG7K18XJ|Bactrocera_oleae|Sample_487784_S4_SPM|NODE_24376_length_463_cov_1.919643_R,0.32267214397496086,0.43133521300604927,0.1389336095625659,Pass
EOG7K18XJ|Teleopsis_dalmanni|Sample_487784_S4_SPM_1|NODE_1070473_length_194_cov_328_AU,0.23109231894931948,0.44695874447805617,0.14207150917122824,Pass
EOG7K18XJ|Rhagoletis_pomonella|Sample_487784_S4_SPM_2|NODE_443072_length_250_cov_440_AU,0.10400340975331859,0.35490014263867686,0.11289856737621701,Pass
EOG7K18XJ|Lucilia_sericata|Sample_519660_S4_SPM|NODE_131191_length_265_cov_470_AU,0.3065786455150932,0.6112697356441756,0.1689813417583031,Pass
EOG7K18XJ|Teleopsis_dalmanni|Sample_655211_S1_SPM|NODE_906298_length_370_cov_774_AU,0.15636530875939936,0.30999895640383635,0.07148894729397176,Pass
EOG7K18XJ|Scaptodrosophila_lebanonensis|Sander_Bot_Spec_74_S41_SPM|NODE_69120_length_179_cov_298_AU,0.12628191062668645,0.4210328622198961,0.15445423408691872,Pass
EOG7K18XJ|Lucilia_sericata|ZMFK_18031_S11_SPM|NODE_802350_length_264_cov_468_AU,0.14327841372150607,0.36517529538492605,0.10933281718113574,Pass
EOG7K18XJ|Drosophila_ficusphila|ZMFK_18031_S11_SPM_1|NODE_51059_length_168_cov_276_AU,0.17503982063978615,0.5500432199448435,0.18040349288384583,Pass
EOG7K18XJ|Bactrocera_dorsalis|CAJHUG01.1|CAJHUG010000092.1_4081,0.2972994414628109,nan,nan,Fail
EOG7K18XJ|Bactrocera_dorsalis|CAJHUJ01.1|CAJHUJ010000039.1_333,0.2866368696953418,nan,nan,Fail
EOG7K18XJ|Teleopsis_dalmanni|CAKAIX01.1_1|CAKAIX010000132.1_1063,0.21900993750612335,0.41551544633632603,0.09090975067262236,Pass
EOG7K18XJ|Bactrocera_dorsalis|CAJZLI01|CAJZLI010000450.1_1110,0.3459664121662812,nan,nan,Fail
EOG7K18XJ|Drosophila_ficusphila|CAJZBV01_1|CAJZBV010000205.1_76,0.3189310772663893,0.5843066793932482,0.1479040018564739,Pass
EOG7K18XJ|Bactrocera_oleae|CAJZBV01_2|CAJZBV010000205.1_74,0.22501631271803352,0.4973962914877571,0.13440599477946213,Pass
EOG7K18XJ|Bactrocera_dorsalis|CAJNIT01|CAJNIT010000153.1_174,0.3494969137058691,nan,nan,Fail
EOG7K18XJ|Bactrocera_dorsalis|CAJMZT01.1|CAJMZT010000084.1_13,0.2799729167446297,nan,nan,Fail
EOG7K18XJ|Musca_domestica|CAJMZT01.1_2|CAJMZT010000084.1_11,0.23971630247538428,0.3628738515212403,0.11268364450199769,Pass
EOG7K18XJ|Bactrocera_dorsalis|CAJVCN01_1|CAJVCN010000475.1_61,0.22128105761175634,0.5443357891171581,0.15352905057585836,Pass
EOG7K18XJ|Teleopsis_dalmanni|CAKKTD01_3|CAKKTD010002400.1_36,0.23047796036117418,0.5539056668327199,0.1655764994242762,Pass
EOG7K18XJ|Bactrocera_dorsalis|CAKJUZ01.1_2|CAKJUZ010000129.1_118,0.22439334921655288,0.5965357835764301,0.1631811029095781,Pass
EOG7K18XJ|Ceratitis_capitata|CAJVQV01|CAJVQV010000054.1_407,0.2839524785162442,0.5251835324261119,0.11830609023809235,Pass
EOG7K18XJ|Bactrocera_dorsalis|CAJVQV01_1|CAJVQV010000054.1_404,0.2098129265676496,0.5402992926936087,0.1558411753498825,Pass
EOG7K18XJ|Lucilia_sericata|CAJSMD01.1|CAJSMD010000546.1_105,0.27605914490637723,0.5955656390057266,0.14838029278732562,Pass
EOG7K18XJ|Bactrocera_dorsalis|CAKAJG01.1|CAKAJG010000226.1_60,0.27974406613254316,0.5977172859876326,0.14915749375124804,Pass
EOG7K18XJ|Lucilia_sericata|CAKAJG01.1_4|CAKAJG010000226.1_61,0.43343853917356934,nan,nan,Fail
EOG7K18XJ|Drosophila_ficusphila|CAJSMG01|CAJSMG010000732.1_355,0.29492314327253455,nan,nan,Fail
EOG7K18XJ|Teleopsis_dalmanni|CAJSMG01_1|CAJSMG010000732.1_356,0.1557730622880824,0.32951808426073126,0.08773847376788552,Pass
EOG7K18XJ|Teleopsis_dalmanni|CAKLPK01.1|CAKLPK010000259.1_74,0.1992413928155322,0.5447628869084,0.15098056144298844,Pass
EOG7K18XJ|Bactrocera_oleae|CAKLPK01.1_1|CAKLPK010000259.1_77,0.2606006065596976,0.5601042148475133,0.1334456828442745,Pass
EOG7K18XJ|Bactrocera_dorsalis|CAKLPK01.1_3|CAKLPK010000259.1_75,0.38660110821378424,0.9532952911887946,0.2507734956862959,Pass
EOG7K18XJ|Scaptodrosophila_lebanonensis|CAJHUJ01.1_1|CAJHUJ010000039.1_332,0.27974172676090275,0.4336470406916598,0.10226613674261315,Pass
EOG7K18XJ|Teleopsis_dalmanni|CAJMZT01.1_1|CAJMZT010000084.1_12,0.22733925603573402,0.42490357363588316,0.0924533010349517,Pass
EOG7K18XJ|Teleopsis_dalmanni|CAJNIT01_1|CAJNIT010000153.1_175,0.19682859509097422,0.4105782018831311,0.09888074363986671,Pass
EOG7K18XJ|Lucilia_sericata|CAJVCN01|CAJVCN010000475.1_59,0.3619388101150258,0.4967892243361167,0.12102966594032233,Pass
EOG7K18XJ|Lucilia_sericata|CAJVQV01_2|CAJVQV010000054.1_406,0.23376716217089547,nan,nan,Fail
EOG7K18XJ|Scaptodrosophila_lebanonensis|CAJZBV01|CAJZBV010000205.1_75,0.25497843467563935,0.44750539994675403,0.10788915070122168,Pass
EOG7K18XJ|Bactrocera_dorsalis|CAKAIX01.1|CAKAIX010000132.1_1062,0.2893023456845841,nan,nan,Fail
EOG7K18XJ|Teleopsis_dalmanni|CAKAJG01.1_1|CAKAJG010000226.1_62,0.28409646958732954,0.4197365595907607,0.09618819328791056,Pass
EOG7K18XJ|Drosophila_ficusphila|CAKJUZ01.1|CAKJUZ010000129.1_119,0.2845232996089799,nan,nan,Fail
EOG7K18XJ|Bactrocera_oleae|CAKKTD01_1|CAKKTD010002400.1_34,0.275885142269691,0.5058152616380932,0.12307790847073252,Pass
EOG7K18XJ|Drosophila_ficusphila|CAKKTD01|CAKKTD010002400.1_35,0.42427633941173604,nan,nan,Fail
EOG7K18XJ|Drosophila_ficusphila|CAKKXW01|CAKKXW010000005.1_691,0.30736773355289754,nan,nan,Fail
EOG7K18XJ|Bactrocera_oleae|CAKKXW01_1|CAKKXW010000005.1_692,0.21384235306515145,0.4970503900669708,0.1440837529301423,Pass
EOG7K18XJ|Bactrocera_oleae|GAZD02.1_3|GAZD02013157.1,0.304486868217533,0.6741072700928423,0.16404007682100674,Pass
EOG7K18XJ|Scaptodrosophila_lebanonensis|GCGH01.1|GCGH01017041.1,0.2603286054613989,0.5864626433187926,0.16771667120815914,Pass
EOG7K18XJ|Bactrocera_dorsalis|GCGS01.1|GCGS01015684.1,0.3011679939810613,nan,nan,Fail
EOG7K18XJ|Musca_domestica|GCLW01.1|GCLW01021754.1,0.32461054346150037,0.4895509295231229,0.139685249761753,Pass
EOG7K18XJ|Scaptodrosophila_lebanonensis|GDDH01.1_1|GDDH01063441.1,0.35139192618091974,0.870730460084079,0.2573250986595912,Pass
EOG7K18XJ|Lucilia_sericata|JXPC01.1_2|JXPC01116198.1,0.24890063080686364,0.4347463350115609,0.131882623827614,Pass
EOG7K18XJ|Bactrocera_dorsalis|JXPC01.1_1|JXPC01120301.1,0.21799944856737496,0.5307887129613814,0.1601296020935447,Pass
EOG7K18XJ|Lucilia_sericata|JSM_6006_S14_SPM_1|NODE_1380_length_2765_cov_1.376422_S,0.2249503905985775,0.4066601733567118,0.10162077514541451,Pass
EOG7K18XJ|Scaptodrosophila_lebanonensis|JSM_7821_S9_SPM_3|NODE_25524_length_633_cov_1.711462_S,0.12728133075324619,0.31219924255798215,0.0827299168286933,Pass
EOG7K18XJ|Lucilia_sericata|JSM_11804_S12_SPM|NODE_2715_length_1875_cov_2.265446_S,0.42117995750073384,0.453759884700855,0.1080056724705794,Pass
EOG7K18XJ|Musca_domestica|JSM_10540_S15_SPM_1|NODE_4655_length_1049_cov_1.040130_S,0.2824841441284483,0.3675278101605694,0.1114807875756385,Pass
