date,open,close,high,low,volume,money
2015-01-05,4488.0,4497.0,4504.0,4446.0,72400.0,3248361300.0
2015-01-06,4500.0,4503.0,4548.0,4486.0,176706.0,7977943500.0
2015-01-07,4514.0,4505.0,4528.0,4480.0,102236.0,4604084000.0
2015-01-08,4510.0,4503.0,4524.0,4490.0,93610.0,4220491000.0
2015-01-09,4508.0,4509.0,4519.0,4486.0,106146.0,4779244600.0
2015-01-12,4511.0,4510.0,4538.0,4497.0,134590.0,6084913500.0
2015-01-13,4501.0,4483.0,4504.0,4465.0,116956.0,5242181400.0
2015-01-14,4485.0,4467.0,4487.0,4452.0,96432.0,4310197200.0
2015-01-15,4456.0,4497.0,4504.0,4456.0,96184.0,4311249800.0
2015-01-16,4495.0,4506.0,4522.0,4470.0,115612.0,5195739800.0
2015-01-19,4514.0,4496.0,4518.0,4475.0,105682.0,4753200200.0
2015-01-20,4500.0,4458.0,4515.0,4457.0,88182.0,3949372400.0
2015-01-21,4457.0,4460.0,4496.0,4408.0,155502.0,6929374800.0
2015-01-22,4452.0,4441.0,4472.0,4434.0,71814.0,3198444200.0
2015-01-23,4445.0,4426.0,4454.0,4416.0,56848.0,2519627600.0
2015-01-26,4421.0,4391.0,4445.0,4391.0,82258.0,3630911100.0
2015-01-27,4395.0,4440.0,4465.0,4393.0,65310.0,2892932700.0
2015-01-28,4440.0,4418.0,4450.0,4412.0,49192.0,2179404100.0
2015-01-29,4415.0,4364.0,4421.0,4350.0,212272.0,9279981700.0
2015-01-30,4355.0,4349.0,4386.0,4340.0,97866.0,4273338200.0
2015-02-02,4350.0,4403.0,4408.0,4349.0,112488.0,4929467000.0
2015-02-03,4403.0,4433.0,4436.0,4403.0,90338.0,3994318700.0
2015-02-04,4438.0,4413.0,4455.0,4409.0,72228.0,3200637700.0
2015-02-05,4411.0,4417.0,4425.0,4380.0,67152.0,2958896400.0
2015-02-06,4426.0,4433.0,4436.0,4412.0,43952.0,1944338700.0
2015-02-09,4437.0,4415.0,4440.0,4384.0,75788.0,3338863800.0
2015-02-10,4403.0,4404.0,4427.0,4398.0,37656.0,1661164600.0
2015-02-11,4402.0,4406.0,4413.0,4394.0,27402.0,1206588300.0
2015-02-12,4411.0,4412.0,4431.0,4395.0,42358.0,1870620200.0
2015-02-13,4404.0,4409.0,4433.0,4402.0,55144.0,2436523200.0
2015-02-16,4414.0,4367.0,4415.0,4356.0,86658.0,3793866500.0
2015-02-17,4361.0,4367.0,4377.0,4361.0,24642.0,1076837700.0
2015-02-25,4381.0,4287.0,4388.0,4284.0,72532.0,3134379200.0
2015-02-26,4286.0,4284.0,4290.0,4230.0,122612.0,5233807500.0
2015-02-27,4285.0,4317.0,4339.0,4251.0,107898.0,4642308600.0
2015-03-02,4322.0,4272.0,4330.0,4265.0,102046.0,4380122900.0
2015-03-03,4253.0,4280.0,4292.0,4250.0,86130.0,3682768900.0
2015-03-04,4273.0,4280.0,4287.0,4263.0,43144.0,1844343200.0
2015-03-05,4273.0,4179.0,4279.0,4171.0,153078.0,6454255000.0
2015-03-06,4178.0,4172.0,4194.0,4161.0,70410.0,2943059300.0
2015-03-09,4180.0,4193.0,4218.0,4154.0,82488.0,3455033200.0
2015-03-10,4188.0,4119.0,4205.0,4115.0,105646.0,4386803600.0
2015-03-11,4129.0,4184.0,4200.0,4106.0,148358.0,6186247200.0
2015-03-12,4190.0,4170.0,4190.0,4157.0,40778.0,1701917000.0
2015-03-13,4166.0,4154.0,4185.0,4152.0,42586.0,1775554100.0
2015-03-16,4155.0,4180.0,4183.0,4141.0,47218.0,1965363800.0
2015-03-17,4177.0,4169.0,4228.0,4166.0,67066.0,2811475000.0
2015-03-18,4161.0,4170.0,4192.0,4161.0,70052.0,2923756800.0
2015-03-19,4181.0,4177.0,4189.0,4151.0,72930.0,3043376500.0
2015-03-20,4175.0,4174.0,4194.0,4148.0,74576.0,3108439200.0
2015-03-23,4175.0,4164.0,4197.0,4160.0,55042.0,2300727500.0
2015-03-24,4166.0,4161.0,4191.0,4111.0,134338.0,5576885100.0
2015-03-25,4161.0,4074.0,4161.0,4070.0,139516.0,5733284600.0
2015-03-26,4074.0,4060.0,4090.0,4004.0,219736.0,8887018800.0
2015-03-27,4053.0,4032.0,4058.0,4027.0,71974.0,2910423200.0
2015-03-30,4031.0,4028.0,4043.0,3985.0,100360.0,4019740600.0
2015-03-31,4020.0,4016.0,4031.0,4008.0,45186.0,1816067200.0
2015-04-01,4010.0,4035.0,4058.0,4005.0,103478.0,4174550700.0
2015-04-02,4020.0,4019.0,4047.0,4019.0,44324.0,1787947400.0
2015-04-03,4001.0,3998.0,4019.0,3959.0,97128.0,3880769000.0
2015-04-07,3982.0,3956.0,4000.0,3952.0,34076.0,1354149300.0
2015-04-08,3972.0,3958.0,3975.0,3941.0,48548.0,1920841400.0
2015-04-09,3959.0,3952.0,3960.0,3940.0,35588.0,1406133600.0
2015-04-10,3992.0,4006.0,4038.0,3992.0,61318.0,2459252400.0
2015-04-13,4014.0,4048.0,4057.0,4005.0,101382.0,4088592800.0
2015-04-14,4045.0,4085.0,4096.0,4040.0,141336.0,5751788700.0
2015-04-15,4089.0,4098.0,4131.0,4078.0,138756.0,5692921700.0
2015-04-16,4093.0,4092.0,4118.0,4085.0,70984.0,2910241400.0
2015-04-17,4099.0,4040.0,4099.0,4038.0,171152.0,6958920600.0
2015-04-20,4038.0,4000.0,4059.0,3966.0,387608.0,15525899800.0
2015-04-21,3996.0,4060.0,4069.0,3983.0,177818.0,7180137200.0
2015-04-22,4060.0,4160.0,4181.0,4054.0,290722.0,11945633700.0
2015-04-23,4152.0,4154.0,4179.0,4124.0,177206.0,7356350100.0
2015-04-24,4168.0,4217.0,4218.0,4152.0,229592.0,9622915700.0
2015-04-27,4217.0,4226.0,4250.0,4194.0,205434.0,8673090200.0
2015-04-28,4226.0,4220.0,4235.0,4190.0,115740.0,4882635300.0
2015-04-29,4228.0,4225.0,4238.0,4209.0,91586.0,3867487400.0
2015-04-30,4223.0,4320.0,4335.0,4221.0,257472.0,11062435100.0
2015-05-04,4302.0,4272.0,4308.0,4256.0,123328.0,5269786400.0
2015-05-05,4272.0,4272.0,4296.0,4232.0,105224.0,4496442400.0
2015-05-06,4277.0,4306.0,4331.0,4261.0,127526.0,5479352800.0
2015-05-07,4307.0,4293.0,4315.0,4265.0,86592.0,3716475800.0
2015-05-08,4293.0,4280.0,4298.0,4243.0,104380.0,4455877300.0
2015-05-11,4287.0,4362.0,4365.0,4272.0,209584.0,9075483000.0
2015-05-12,4352.0,4361.0,4386.0,4343.0,157564.0,6870039400.0
2015-05-13,4366.0,4367.0,4377.0,4344.0,129932.0,5667963600.0
2015-05-14,4375.0,4359.0,4382.0,4321.0,114750.0,4993419400.0
2015-05-15,4360.0,4362.0,4374.0,4351.0,70112.0,3056848300.0
2015-05-18,4361.0,4358.0,4369.0,4335.0,78180.0,3402702700.0
2015-05-19,4367.0,4322.0,4367.0,4321.0,70084.0,3043075500.0
2015-05-20,4320.0,4295.0,4329.0,4270.0,139968.0,6012170600.0
2015-05-21,4295.0,4295.0,4328.0,4275.0,100330.0,4319777800.0
2015-05-22,4295.0,4447.0,4475.0,4289.0,339348.0,14909064700.0
2015-05-25,4447.0,4416.0,4463.0,4402.0,236628.0,10486848000.0
2015-05-26,4426.0,4415.0,4450.0,4406.0,117050.0,5179161400.0
2015-05-27,4406.0,4388.0,4424.0,4371.0,121044.0,5320807500.0
2015-05-28,4392.0,4393.0,4440.0,4377.0,137656.0,6072178500.0
2015-05-29,4400.0,4409.0,4412.0,4372.0,83516.0,3666602800.0
2015-06-01,4412.0,4323.0,4419.0,4308.0,129076.0,5641852500.0
2015-06-02,4325.0,4351.0,4370.0,4321.0,87606.0,3805608600.0
2015-06-03,4359.0,4360.0,4387.0,4349.0,77534.0,3385903200.0
2015-06-04,4357.0,4327.0,4365.0,4302.0,90724.0,3928068500.0
2015-06-05,4322.0,4256.0,4337.0,4252.0,92178.0,3957368000.0
2015-06-08,4251.0,4248.0,4284.0,4240.0,76236.0,3250578900.0
2015-06-09,4251.0,4246.0,4295.0,4244.0,85082.0,3634933900.0
2015-06-10,4250.0,4262.0,4272.0,4240.0,68302.0,2907873400.0
2015-06-11,4275.0,4256.0,4284.0,4245.0,61360.0,2616977100.0
2015-06-12,4245.0,4162.0,4260.0,4147.0,169804.0,7115904800.0
2015-06-15,4176.0,4148.0,4190.0,4141.0,72524.0,3021142800.0
2015-06-16,4145.0,4193.0,4218.0,4135.0,93544.0,3914474700.0
2015-06-17,4273.0,4325.0,4332.0,4250.0,35988.0,1549063000.0
2015-06-18,4320.0,4326.0,4368.0,4311.0,42310.0,1833517600.0
2015-06-19,4308.0,4321.0,4335.0,4291.0,27446.0,1183449300.0
2015-06-23,4367.0,4350.0,4370.0,4332.0,20452.0,888837200.0
2015-06-24,4343.0,4308.0,4349.0,4288.0,32990.0,1423797600.0
2015-06-25,4308.0,4303.0,4344.0,4291.0,22680.0,978156800.0
2015-06-26,4313.0,4280.0,4335.0,4270.0,37568.0,1619064400.0
2015-06-29,4306.0,4261.0,4317.0,4241.0,39734.0,1696961200.0
2015-06-30,4262.0,4212.0,4278.0,4206.0,30164.0,1277048900.0
2015-07-01,4209.0,4270.0,4331.0,4187.0,66492.0,2836096800.0
2015-07-02,4266.0,4241.0,4270.0,4227.0,25006.0,1061924200.0
2015-07-03,4241.0,4231.0,4255.0,4223.0,31150.0,1320837500.0
2015-07-06,4239.0,4170.0,4239.0,4156.0,47150.0,1974913900.0
2015-07-07,4169.0,4127.0,4180.0,4122.0,38010.0,1578000600.0
2015-07-08,4125.0,3986.0,4126.0,3985.0,94778.0,3812589100.0
2015-07-09,3986.0,4166.0,4182.0,3986.0,88100.0,3616510000.0
2015-07-10,4176.0,4265.0,4269.0,4169.0,88428.0,3759816400.0
2015-07-13,4269.0,4261.0,4290.0,4222.0,81614.0,3471441800.0
2015-07-14,4253.0,4269.0,4294.0,4236.0,88602.0,3782884200.0
2015-07-15,4267.0,4230.0,4275.0,4214.0,53104.0,2255795400.0
2015-07-16,4225.0,4206.0,4236.0,4142.0,84654.0,3546258300.0
2015-07-17,4208.0,4202.0,4243.0,4174.0,72928.0,3068513700.0
2015-07-20,4191.0,4147.0,4214.0,4124.0,58284.0,2429730900.0
2015-07-21,4141.0,4147.0,4178.0,4136.0,47456.0,1971714300.0
2015-07-22,4146.0,4141.0,4156.0,4101.0,73762.0,3046641300.0
2015-07-23,4129.0,4150.0,4164.0,4105.0,103328.0,4271276400.0
2015-07-24,4151.0,4163.0,4187.0,4137.0,94288.0,3924709500.0
2015-07-27,4158.0,4127.0,4177.0,4119.0,83930.0,3480349400.0
2015-07-28,4121.0,4170.0,4173.0,4074.0,139216.0,5741975500.0
2015-07-29,4179.0,4234.0,4238.0,4170.0,153390.0,6461039900.0
2015-07-30,4234.0,4232.0,4278.0,4220.0,170986.0,7266010400.0
2015-07-31,4245.0,4248.0,4260.0,4227.0,128384.0,5448229200.0
2015-08-03,4255.0,4222.0,4267.0,4186.0,122470.0,5180560300.0
2015-08-04,4225.0,4255.0,4257.0,4201.0,125318.0,5315009900.0
2015-08-05,4260.0,4249.0,4270.0,4231.0,91916.0,3907598000.0
2015-08-06,4265.0,4331.0,4345.0,4252.0,246188.0,10586400300.0
2015-08-07,4330.0,4325.0,4347.0,4283.0,187696.0,8097113100.0
2015-08-10,4313.0,4361.0,4381.0,4313.0,149176.0,6489405300.0
2015-08-11,4355.0,4379.0,4396.0,4351.0,139000.0,6087922100.0
2015-08-12,4367.0,4388.0,4392.0,4352.0,99746.0,4361866700.0
2015-08-13,4402.0,4344.0,4420.0,4299.0,171362.0,7468624400.0
2015-08-14,4337.0,4359.0,4375.0,4333.0,88358.0,3847642500.0
2015-08-17,4355.0,4372.0,4396.0,4347.0,86388.0,3777535400.0
2015-08-18,4374.0,4313.0,4394.0,4312.0,127630.0,5562340100.0
2015-08-19,4316.0,4325.0,4343.0,4292.0,149810.0,6465687800.0
2015-08-20,4331.0,4279.0,4340.0,4259.0,131020.0,5632764300.0
2015-08-21,4277.0,4281.0,4315.0,4269.0,114694.0,4923281500.0
2015-08-24,4278.0,4197.0,4284.0,4172.0,166944.0,7054649100.0
2015-08-25,4175.0,4210.0,4245.0,4156.0,135454.0,5700851500.0
2015-08-26,4242.0,4204.0,4270.0,4196.0,102434.0,4332819700.0
2015-08-27,4210.0,4219.0,4229.0,4166.0,124986.0,5253409600.0
2015-08-28,4218.0,4156.0,4265.0,4141.0,273034.0,11454130300.0
2015-08-31,4148.0,4160.0,4191.0,4130.0,180586.0,7512155200.0
2015-09-01,4158.0,4181.0,4199.0,4145.0,138606.0,5796870400.0
2015-09-02,4170.0,4189.0,4203.0,4162.0,97438.0,4078467200.0
2015-09-07,4180.0,4128.0,4188.0,4125.0,87746.0,3636526100.0
2015-09-08,4126.0,4147.0,4155.0,4094.0,152362.0,6281469600.0
2015-09-09,4157.0,4123.0,4173.0,4121.0,133404.0,5534819600.0
2015-09-10,4120.0,4158.0,4165.0,4111.0,122668.0,5076785800.0
2015-09-11,4142.0,4170.0,4198.0,4133.0,116204.0,4846605800.0
2015-09-14,4169.0,4144.0,4186.0,4141.0,92810.0,3868890300.0
2015-09-15,4143.0,4139.0,4175.0,4134.0,106860.0,4444106000.0
2015-09-16,4139.0,4165.0,4168.0,4115.0,123058.0,5089919900.0
2015-09-17,4165.0,4150.0,4172.0,4145.0,81576.0,3392169100.0
2015-09-18,4142.0,4128.0,4169.0,4122.0,99056.0,4107809700.0
2015-09-21,4124.0,4099.0,4136.0,4048.0,173326.0,7077173600.0
2015-09-22,4099.0,4071.0,4108.0,4056.0,112778.0,4599763000.0
2015-09-23,4057.0,4064.0,4074.0,4032.0,100340.0,4067465500.0
2015-09-24,4065.0,4045.0,4083.0,4037.0,99952.0,4054741500.0
2015-09-25,4039.0,4027.0,4065.0,3997.0,208118.0,8399300600.0
2015-09-28,4047.0,4014.0,4055.0,4007.0,51964.0,2091177300.0
2015-09-29,4014.0,4073.0,4075.0,3982.0,167052.0,6740081300.0
2015-09-30,4079.0,4047.0,4097.0,4041.0,134822.0,5482954100.0
2015-10-08,4056.0,3903.0,4064.0,3870.0,289110.0,11408552900.0
2015-10-09,3898.0,3888.0,3945.0,3842.0,572602.0,22271424300.0
2015-10-12,3897.0,3956.0,3962.0,3870.0,374446.0,14664159800.0
2015-10-13,3949.0,3952.0,3963.0,3923.0,281438.0,11094762800.0
2015-10-14,3952.0,3984.0,3999.0,3944.0,278330.0,11060125400.0
2015-10-15,3988.0,3971.0,3999.0,3962.0,168512.0,6703455300.0
2015-10-16,3966.0,3945.0,3969.0,3926.0,226762.0,8945085700.0
2015-10-19,3936.0,3939.0,3954.0,3916.0,154736.0,6091732900.0
2015-10-20,3926.0,3930.0,3951.0,3903.0,176582.0,6936273400.0
2015-10-21,3930.0,3910.0,3946.0,3907.0,115160.0,4520203000.0
2015-10-22,3911.0,3969.0,3983.0,3898.0,212442.0,8370864700.0
2015-10-23,3976.0,3965.0,3985.0,3930.0,169676.0,6704227500.0
2015-10-26,3969.0,3905.0,3975.0,3866.0,267988.0,10478440500.0
2015-10-27,3905.0,3912.0,3913.0,3869.0,167042.0,6498855800.0
2015-10-28,3908.0,3879.0,3918.0,3875.0,114280.0,4450839200.0
2015-10-29,3880.0,3885.0,3908.0,3870.0,118276.0,4599361700.0
2015-10-30,3880.0,3881.0,3892.0,3855.0,145762.0,5650110900.0
2015-11-02,3884.0,3875.0,3892.0,3870.0,86936.0,3372241000.0
2015-11-03,3870.0,3878.0,3887.0,3860.0,82820.0,3207655000.0
2015-11-04,3875.0,3887.0,3898.0,3865.0,136458.0,5296052600.0
2015-11-05,3882.0,3876.0,3889.0,3836.0,93480.0,3620831300.0
2015-11-06,3848.0,3860.0,3862.0,3808.0,51936.0,1991996500.0
2015-11-09,3859.0,3848.0,3889.0,3821.0,62646.0,2415625200.0
2015-11-10,3844.0,3836.0,3855.0,3824.0,36134.0,1386161500.0
2015-11-11,3836.0,3838.0,3860.0,3775.0,100396.0,3829406300.0
2015-11-12,3843.0,3861.0,3872.0,3834.0,63370.0,2442795800.0
2015-11-13,3851.0,3873.0,3894.0,3850.0,71120.0,2755760900.0
2015-11-16,3854.0,3767.0,3883.0,3766.0,119724.0,4570519300.0
2015-11-17,3777.0,3754.0,3783.0,3731.0,142882.0,5371681100.0
2015-11-18,3756.0,3766.0,3790.0,3750.0,98602.0,3717969200.0
2015-11-19,3767.0,3678.0,3771.0,3670.0,190854.0,7090082800.0
2015-11-20,3675.0,3653.0,3696.0,3650.0,121378.0,4460601000.0
2015-11-23,3650.0,3692.0,3722.0,3642.0,189190.0,6982901500.0
2015-11-24,3696.0,3745.0,3753.0,3675.0,139250.0,5184018200.0
2015-11-25,3745.0,3718.0,3758.0,3703.0,152714.0,5695652600.0
2015-11-26,3710.0,3757.0,3775.0,3704.0,115274.0,4322138500.0
2015-11-27,3750.0,3727.0,3765.0,3709.0,97476.0,3640260100.0
2015-11-30,3727.0,3758.0,3768.0,3703.0,117168.0,4376670300.0
2015-12-01,3756.0,3768.0,3782.0,3747.0,109872.0,4135238400.0
2015-12-02,3776.0,3744.0,3820.0,3730.0,226670.0,8559466800.0
2015-12-03,3743.0,3787.0,3793.0,3717.0,173874.0,6530036100.0
2015-12-04,3788.0,3780.0,3808.0,3772.0,123458.0,4678477800.0
2015-12-07,3784.0,3799.0,3815.0,3762.0,89570.0,3396978200.0
2015-12-08,3803.0,3747.0,3803.0,3737.0,147062.0,5533981500.0
2015-12-09,3750.0,3739.0,3755.0,3728.0,97774.0,3659491400.0
2015-12-10,3743.0,3730.0,3749.0,3712.0,106738.0,3983091700.0
2015-12-11,3727.0,3730.0,3738.0,3696.0,117402.0,4361118900.0
2015-12-14,3725.0,3677.0,3743.0,3674.0,145634.0,5390824900.0
2015-12-15,3668.0,3651.0,3689.0,3646.0,166030.0,6089579000.0
2015-12-16,3646.0,3681.0,3695.0,3644.0,122280.0,4488771100.0
2015-12-17,3680.0,3700.0,3720.0,3673.0,138740.0,5132335200.0
2015-12-18,3700.0,3726.0,3730.0,3684.0,85408.0,3164593000.0
2015-12-21,3726.0,3749.0,3757.0,3725.0,90036.0,3369355200.0
2015-12-22,3749.0,3706.0,3763.0,3705.0,92394.0,3454142600.0
2015-12-23,3708.0,3713.0,3720.0,3689.0,113010.0,4185263300.0
2015-12-24,3713.0,3701.0,3719.0,3692.0,64164.0,2378354200.0
2015-12-25,3697.0,3668.0,3733.0,3661.0,134840.0,4985239000.0
2015-12-28,3668.0,3599.0,3676.0,3580.0,256660.0,9290125100.0
2015-12-29,3609.0,3622.0,3635.0,3589.0,192072.0,6934563300.0
2015-12-30,3620.0,3631.0,3658.0,3612.0,147836.0,5371991900.0
2015-12-31,3626.0,3620.0,3632.0,3602.0,174314.0,6301764800.0
2016-01-04,3615.0,3603.0,3645.0,3571.0,120894.0,4355167300.0
2016-01-05,3602.0,3614.0,3624.0,3596.0,89338.0,3226227300.0
2016-01-06,3615.0,3596.0,3620.0,3578.0,139100.0,4998695800.0
2016-01-07,3588.0,3596.0,3630.0,3587.0,106460.0,3836827900.0
2016-01-08,3594.0,3607.0,3620.0,3590.0,105130.0,3794465900.0
2016-01-11,3610.0,3578.0,3616.0,3562.0,145006.0,5202112800.0
2016-01-12,3573.0,3582.0,3589.0,3571.0,72774.0,2606162800.0
2016-01-13,3584.0,3613.0,3619.0,3579.0,174728.0,6301766300.0
2016-01-14,3609.0,3590.0,3611.0,3583.0,104958.0,3771708000.0
2016-01-15,3595.0,3590.0,3600.0,3579.0,66458.0,2385496800.0
2016-01-18,3580.0,3601.0,3614.0,3576.0,110376.0,3968845600.0
2016-01-19,3605.0,3636.0,3645.0,3589.0,132664.0,4801374300.0
2016-01-20,3632.0,3603.0,3648.0,3593.0,109970.0,3980907500.0
2016-01-21,3613.0,3591.0,3613.0,3570.0,126210.0,4526867200.0
2016-01-22,3593.0,3607.0,3612.0,3586.0,88044.0,3170706000.0
2016-01-25,3610.0,3582.0,3618.0,3576.0,99894.0,3590529700.0
2016-01-26,3581.0,3554.0,3583.0,3541.0,190252.0,6757911000.0
2016-01-27,3556.0,3564.0,3574.0,3534.0,137268.0,4882823200.0
2016-01-28,3570.0,3529.0,3570.0,3523.0,139930.0,4961576400.0
2016-01-29,3528.0,3516.0,3534.0,3507.0,121634.0,4284311100.0
2016-02-01,3515.0,3517.0,3533.0,3512.0,59240.0,2086156500.0
2016-02-02,3515.0,3508.0,3515.0,3484.0,91506.0,3208455100.0
2016-02-03,3508.0,3516.0,3528.0,3504.0,78004.0,2743740800.0
2016-02-04,3515.0,3487.0,3516.0,3471.0,122216.0,4262822400.0
2016-02-05,3486.0,3479.0,3491.0,3453.0,104962.0,3645762100.0
2016-02-15,3465.0,3453.0,3487.0,3426.0,75086.0,2591707700.0
2016-02-16,3456.0,3462.0,3474.0,3450.0,74264.0,2571735500.0
2016-02-17,3461.0,3480.0,3483.0,3454.0,86988.0,3016676800.0
2016-02-18,3478.0,3481.0,3488.0,3471.0,65616.0,2282744400.0
2016-02-19,3480.0,3491.0,3500.0,3474.0,75744.0,2642616300.0
2016-02-22,3493.0,3542.0,3557.0,3487.0,128196.0,4512732500.0
2016-02-23,3540.0,3538.0,3552.0,3508.0,77424.0,2730257000.0
2016-02-24,3535.0,3518.0,3542.0,3504.0,75512.0,2658348900.0
2016-02-25,3518.0,3508.0,3526.0,3502.0,70366.0,2474489600.0
2016-02-26,3508.0,3531.0,3548.0,3508.0,114558.0,4043373300.0
2016-02-29,3528.0,3510.0,3541.0,3463.0,127406.0,4460856400.0
2016-03-01,3506.0,3527.0,3534.0,3506.0,70380.0,2477160700.0
2016-03-02,3523.0,3548.0,3568.0,3506.0,127890.0,4522123900.0
2016-03-03,3545.0,3624.0,3638.0,3542.0,210756.0,7597411800.0
2016-03-04,3624.0,3639.0,3645.0,3606.0,136004.0,4932189600.0
2016-03-07,3638.0,3601.0,3688.0,3583.0,198926.0,7234629300.0
2016-03-08,3605.0,3592.0,3636.0,3579.0,111296.0,4013917100.0
2016-03-09,3599.0,3580.0,3614.0,3555.0,105340.0,3774680800.0
2016-03-10,3492.0,3470.0,3492.0,3460.0,67600.0,2350589300.0
2016-03-11,3474.0,3451.0,3474.0,3432.0,61028.0,2105307100.0
2016-03-14,3455.0,3444.0,3469.0,3437.0,64536.0,2227919800.0
2016-03-15,3442.0,3402.0,3455.0,3397.0,135894.0,4647682300.0
2016-03-16,3402.0,3376.0,3411.0,3360.0,143460.0,4853358800.0
2016-03-17,3379.0,3390.0,3397.0,3368.0,131850.0,4462635600.0
2016-03-18,3400.0,3441.0,3470.0,3393.0,213280.0,7314397500.0
2016-03-21,3440.0,3422.0,3454.0,3407.0,106310.0,3647448600.0
2016-03-22,3427.0,3491.0,3506.0,3423.0,211886.0,7369629900.0
2016-03-23,3488.0,3480.0,3540.0,3475.0,229932.0,8075669500.0
2016-03-24,3473.0,3470.0,3512.0,3444.0,232162.0,8092727000.0
2016-03-25,3465.0,3513.0,3529.0,3449.0,217458.0,7624123100.0
2016-03-28,3515.0,3478.0,3532.0,3475.0,207304.0,7273551300.0
2016-03-29,3480.0,3456.0,3494.0,3452.0,172644.0,5995802000.0
2016-03-30,3465.0,3475.0,3489.0,3457.0,163620.0,5685042000.0
2016-03-31,3475.0,3447.0,3483.0,3429.0,160736.0,5548104000.0
2016-04-01,3452.0,3379.0,3452.0,3373.0,275376.0,9377056300.0
2016-04-05,3385.0,3372.0,3399.0,3364.0,155400.0,5255273300.0
2016-04-06,3370.0,3322.0,3370.0,3316.0,301268.0,10049910800.0
2016-04-07,3315.0,3322.0,3340.0,3310.0,172132.0,5730556600.0
2016-04-08,3322.0,3318.0,3335.0,3312.0,168082.0,5584096600.0
2016-04-11,3322.0,3339.0,3367.0,3316.0,229192.0,7666631300.0
2016-04-12,3340.0,3369.0,3374.0,3338.0,182198.0,6118003000.0
2016-04-13,3372.0,3416.0,3448.0,3370.0,364814.0,12452782700.0
2016-04-14,3410.0,3444.0,3479.0,3410.0,286900.0,9893740200.0
2016-04-15,3443.0,3422.0,3464.0,3421.0,216066.0,7438802700.0
2016-04-18,3418.0,3476.0,3498.0,3408.0,315794.0,10938171000.0
2016-04-19,3481.0,3483.0,3510.0,3466.0,303814.0,10592932400.0
2016-04-20,3498.0,3611.0,3625.0,3490.0,687638.0,24621906500.0
2016-04-21,3610.0,3723.0,3723.0,3583.0,358134.0,13078622600.0
2016-04-22,3796.0,3681.0,3869.0,3601.0,1299000.0,48877187500.0
2016-04-25,3695.0,3702.0,3855.0,3660.0,1019412.0,38124564700.0
2016-04-26,3701.0,3707.0,3765.0,3672.0,561860.0,20902953900.0
2016-04-27,3723.0,3683.0,3743.0,3664.0,447228.0,16541167400.0
2016-04-28,3687.0,3600.0,3695.0,3574.0,476878.0,17311163700.0
2016-04-29,3602.0,3586.0,3657.0,3581.0,341034.0,12349839600.0
2016-05-03,3620.0,3704.0,3708.0,3595.0,314320.0,11510668900.0
2016-05-04,3691.0,3631.0,3731.0,3616.0,350268.0,12824360000.0
2016-05-05,3631.0,3610.0,3655.0,3597.0,266052.0,9655049900.0
2016-05-06,3636.0,3520.0,3645.0,3500.0,382470.0,13601006000.0
2016-05-09,3521.0,3530.0,3579.0,3493.0,420272.0,14843797400.0
2016-05-10,3521.0,3508.0,3536.0,3462.0,296648.0,10364352800.0
2016-05-11,3514.0,3667.0,3667.0,3506.0,553812.0,20040579100.0
2016-05-12,3660.0,3645.0,3723.0,3607.0,781138.0,28593509600.0
2016-05-13,3645.0,3567.0,3676.0,3530.0,561366.0,20191268800.0
2016-05-16,3568.0,3614.0,3642.0,3545.0,372828.0,13416700600.0
2016-05-17,3610.0,3676.0,3678.0,3609.0,337004.0,12296813900.0
2016-05-18,3680.0,3689.0,3780.0,3658.0,560494.0,20850220500.0
2016-05-19,3691.0,3742.0,3753.0,3652.0,639040.0,23777426000.0
2016-05-20,3722.0,3721.0,3734.0,3680.0,346946.0,12872426500.0
2016-05-23,3753.0,3653.0,3770.0,3640.0,388680.0,14344992400.0
2016-05-24,3654.0,3537.0,3664.0,3518.0,441674.0,15827110500.0
2016-05-25,3538.0,3569.0,3588.0,3512.0,302886.0,10774400800.0
2016-05-26,3575.0,3661.0,3669.0,3575.0,345342.0,12529871000.0
2016-05-27,3671.0,3661.0,3693.0,3605.0,313538.0,11431293200.0
2016-05-30,3655.0,3720.0,3755.0,3646.0,324160.0,12017498600.0
2016-05-31,3670.0,3717.0,3763.0,3620.0,460928.0,17055139600.0
2016-06-01,3740.0,3713.0,3808.0,3668.0,663104.0,24838346300.0
2016-06-02,3720.0,3766.0,3806.0,3691.0,448598.0,16881732800.0
2016-06-03,3773.0,3833.0,3837.0,3762.0,439744.0,16723245200.0
2016-06-06,3855.0,3830.0,3865.0,3783.0,344744.0,13162234800.0
2016-06-07,3839.0,3831.0,3849.0,3798.0,322764.0,12329750000.0
2016-06-08,3821.0,3826.0,3840.0,3770.0,343748.0,13086190900.0
2016-06-13,3898.0,3944.0,3992.0,3898.0,290542.0,11483995900.0
2016-06-14,3950.0,3879.0,3971.0,3844.0,344664.0,13477285600.0
2016-06-15,3892.0,3868.0,3905.0,3834.0,263608.0,10194202100.0
2016-06-16,3884.0,3813.0,3907.0,3798.0,276188.0,10641977200.0
2016-06-17,3817.0,3848.0,3849.0,3767.0,213086.0,8126798100.0
2016-06-20,3860.0,3847.0,3875.0,3803.0,194354.0,7465568400.0
2016-06-21,3837.0,3849.0,3892.0,3818.0,201912.0,7789657700.0
2016-06-22,3830.0,3867.0,3867.0,3799.0,147472.0,5652511300.0
2016-06-23,3845.0,3845.0,3900.0,3834.0,200578.0,7764411400.0
2016-06-24,3844.0,3814.0,3896.0,3812.0,233250.0,9013990100.0
2016-06-27,3801.0,3903.0,3919.0,3780.0,200862.0,7778638800.0
2016-06-28,3893.0,3986.0,4009.0,3889.0,278490.0,11025774600.0
2016-06-29,4015.0,3932.0,4015.0,3917.0,223488.0,8850909600.0
2016-06-30,3921.0,3940.0,3968.0,3921.0,159498.0,6296023800.0
2016-07-01,3930.0,3924.0,4026.0,3896.0,257486.0,10161059000.0
2016-07-04,3915.0,3908.0,3968.0,3892.0,294098.0,11568209300.0
2016-07-05,3906.0,3859.0,3927.0,3811.0,258164.0,10002181700.0
2016-07-06,3865.0,3768.0,3888.0,3747.0,246476.0,9380765800.0
2016-07-07,3741.0,3733.0,3826.0,3706.0,196930.0,7388598800.0
2016-07-08,3764.0,3741.0,3792.0,3704.0,208378.0,7797698100.0
2016-07-11,3763.0,3780.0,3840.0,3738.0,161750.0,6127125500.0
2016-07-12,3794.0,3754.0,3803.0,3724.0,184980.0,6954462200.0
2016-07-13,3750.0,3841.0,3861.0,3745.0,198350.0,7556065700.0
2016-07-14,3878.0,3871.0,3887.0,3813.0,134748.0,5193699400.0
2016-07-15,3924.0,3850.0,3932.0,3819.0,83684.0,3226617600.0
2016-07-18,3831.0,3807.0,3865.0,3793.0,75192.0,2880399300.0
2016-07-19,3799.0,3830.0,3849.0,3790.0,71326.0,2730330100.0
2016-07-20,3822.0,3780.0,3834.0,3738.0,117224.0,4432613700.0
2016-07-21,3770.0,3732.0,3784.0,3715.0,153778.0,5749594200.0
2016-07-22,3733.0,3652.0,3739.0,3636.0,199400.0,7347187000.0
2016-07-25,3640.0,3634.0,3658.0,3588.0,166226.0,6030420000.0
2016-07-26,3630.0,3641.0,3651.0,3610.0,117510.0,4262732900.0
2016-07-27,3630.0,3635.0,3665.0,3612.0,119302.0,4344447900.0
2016-07-28,3655.0,3635.0,3670.0,3612.0,134232.0,4891076000.0
2016-07-29,3627.0,3595.0,3642.0,3563.0,151404.0,5455019700.0
2016-08-01,3595.0,3634.0,3665.0,3584.0,142132.0,5160739500.0
2016-08-02,3622.0,3612.0,3645.0,3573.0,134598.0,4856955100.0
2016-08-03,3618.0,3611.0,3627.0,3587.0,96754.0,3490070000.0
2016-08-04,3622.0,3626.0,3630.0,3576.0,122192.0,4403007500.0
2016-08-05,3631.0,3651.0,3669.0,3612.0,138114.0,5032684000.0
2016-08-08,3644.0,3659.0,3694.0,3637.0,150202.0,5519853900.0
2016-08-09,3670.0,3676.0,3685.0,3640.0,114350.0,4196184200.0
2016-08-10,3665.0,3731.0,3740.0,3661.0,151110.0,5609021900.0
2016-08-11,3738.0,3724.0,3745.0,3702.0,103716.0,3865621300.0
2016-08-12,3730.0,3749.0,3751.0,3718.0,87606.0,3271766700.0
2016-08-15,3760.0,3802.0,3810.0,3706.0,190556.0,7183151300.0
2016-08-16,3809.0,3820.0,3824.0,3792.0,103218.0,3934127200.0
2016-08-17,3820.0,3887.0,3904.0,3790.0,212716.0,8203760700.0
2016-08-18,3892.0,3875.0,3915.0,3860.0,172886.0,6719595400.0
2016-08-19,3869.0,3826.0,3882.0,3797.0,194022.0,7442315700.0
2016-08-22,3819.0,3828.0,3885.0,3806.0,172724.0,6641652900.0
2016-08-23,3811.0,3788.0,3854.0,3786.0,110664.0,4232999500.0
2016-08-24,3800.0,3777.0,3806.0,3756.0,161210.0,6095567000.0
2016-08-25,3770.0,3786.0,3799.0,3738.0,151826.0,5725573800.0
2016-08-26,3771.0,3744.0,3787.0,3725.0,133044.0,4997315300.0
2016-08-29,3755.0,3759.0,3780.0,3741.0,102454.0,3853063500.0
2016-08-30,3751.0,3757.0,3789.0,3736.0,108424.0,4081443900.0
2016-08-31,3751.0,3676.0,3768.0,3665.0,182338.0,6755484500.0
2016-09-01,3668.0,3657.0,3688.0,3646.0,131188.0,4809541100.0
2016-09-02,3661.0,3626.0,3689.0,3621.0,166654.0,6088050300.0
2016-09-05,3636.0,3585.0,3640.0,3567.0,211072.0,7607343700.0
2016-09-06,3585.0,3596.0,3605.0,3576.0,106576.0,3828878900.0
2016-09-07,3593.0,3630.0,3640.0,3578.0,156224.0,5654362000.0
2016-09-08,3633.0,3628.0,3650.0,3619.0,132486.0,4812711100.0
2016-09-09,3630.0,3632.0,3642.0,3607.0,121884.0,4417814300.0
2016-09-12,3629.0,3644.0,3667.0,3601.0,210022.0,7646268100.0
2016-09-13,3652.0,3645.0,3674.0,3626.0,136402.0,4980682600.0
2016-09-14,3635.0,3675.0,3679.0,3606.0,170630.0,6219669700.0
2016-09-19,3735.0,3797.0,3807.0,3711.0,191562.0,7199025300.0
2016-09-20,3804.0,3807.0,3818.0,3785.0,169442.0,6439647500.0
2016-09-21,3803.0,3766.0,3830.0,3750.0,197704.0,7484224700.0
2016-09-22,3768.0,3772.0,3797.0,3746.0,151998.0,5732079500.0
2016-09-23,3784.0,3748.0,3794.0,3732.0,131854.0,4961521700.0
2016-09-26,3740.0,3752.0,3773.0,3724.0,136002.0,5101348100.0
2016-09-27,3760.0,3689.0,3760.0,3680.0,159734.0,5930385600.0
2016-09-28,3690.0,3665.0,3698.0,3660.0,127544.0,4689606700.0
2016-09-29,3662.0,3687.0,3710.0,3650.0,117828.0,4348508200.0
2016-09-30,3687.0,3749.0,3749.0,3672.0,160590.0,5971454100.0
2016-10-10,3790.0,3752.0,3790.0,3703.0,102068.0,3799536000.0
2016-10-11,3743.0,3712.0,3758.0,3700.0,161404.0,6009299400.0
2016-10-12,3703.0,3633.0,3728.0,3624.0,216388.0,7950680300.0
2016-10-13,3638.0,3624.0,3648.0,3612.0,193316.0,7012974400.0
2016-10-14,3627.0,3660.0,3673.0,3625.0,146228.0,5340131400.0
2016-10-17,3660.0,3681.0,3706.0,3643.0,197892.0,7281984800.0
2016-10-18,3689.0,3675.0,3702.0,3659.0,147364.0,5417253300.0
2016-10-19,3666.0,3674.0,3683.0,3640.0,205292.0,7521931000.0
2016-10-20,3670.0,3742.0,3743.0,3669.0,283028.0,10482467900.0
2016-10-21,3740.0,3761.0,3779.0,3695.0,253220.0,9474899400.0
2016-10-24,3761.0,3805.0,3816.0,3741.0,220844.0,8347404300.0
2016-10-25,3812.0,3762.0,3850.0,3751.0,235956.0,8946568500.0
2016-10-26,3761.0,3876.0,3890.0,3731.0,369214.0,14108014000.0
2016-10-27,3870.0,3865.0,3918.0,3838.0,352974.0,13686778900.0
2016-10-28,3860.0,3851.0,3886.0,3836.0,188714.0,7284519900.0
2016-10-31,3848.0,3823.0,3866.0,3812.0,156268.0,5988361100.0
2016-11-01,3822.0,3839.0,3883.0,3793.0,240198.0,9239978400.0
2016-11-02,3837.0,3785.0,3860.0,3771.0,209204.0,7971059800.0
2016-11-03,3798.0,3768.0,3820.0,3753.0,183790.0,6959562100.0
2016-11-04,3775.0,3762.0,3801.0,3760.0,149672.0,5660647700.0
2016-11-07,3765.0,3832.0,3855.0,3752.0,177398.0,6756953600.0
2016-11-08,3838.0,3844.0,3860.0,3807.0,168238.0,6445338600.0
2016-11-09,3844.0,3810.0,3875.0,3788.0,202122.0,7747146500.0
2016-11-10,3816.0,3874.0,3910.0,3793.0,301476.0,11615849900.0
2016-11-11,3866.0,3930.0,3995.0,3858.0,377172.0,14823320500.0
2016-11-14,3910.0,3734.0,3989.0,3734.0,313694.0,12020757100.0
2016-11-15,3731.0,3662.0,3771.0,3656.0,206336.0,7657296900.0
2016-11-16,3667.0,3696.0,3722.0,3666.0,167804.0,6200605900.0
2016-11-17,3695.0,3714.0,3737.0,3686.0,173920.0,6459879600.0
2016-11-18,3719.0,3716.0,3729.0,3686.0,129216.0,4788915900.0
2016-11-21,3722.0,3771.0,3794.0,3705.0,156892.0,5889477000.0
2016-11-22,3770.0,3815.0,3829.0,3770.0,166600.0,6335847000.0
2016-11-23,3812.0,3842.0,3885.0,3793.0,188176.0,7234015600.0
2016-11-24,3847.0,3816.0,3890.0,3800.0,203268.0,7820049600.0
2016-11-25,3823.0,3828.0,3845.0,3771.0,155654.0,5934985600.0
2016-11-28,3844.0,3895.0,3924.0,3816.0,168250.0,6511811300.0
2016-11-29,3883.0,3960.0,4004.0,3866.0,230884.0,9101906300.0
2016-11-30,4068.0,3997.0,4100.0,3967.0,213344.0,8618744100.0
2016-12-01,4013.0,4059.0,4092.0,4011.0,175930.0,7126974800.0
2016-12-02,4058.0,4192.0,4235.0,4026.0,528772.0,21953145400.0
2016-12-05,4198.0,4211.0,4258.0,4171.0,368790.0,15540267700.0
2016-12-06,4220.0,4184.0,4233.0,4160.0,213396.0,8949663500.0
2016-12-07,4223.0,4251.0,4294.0,4176.0,327114.0,13860836700.0
2016-12-08,4243.0,4190.0,4263.0,4166.0,220032.0,9258876000.0
2016-12-09,4190.0,4183.0,4199.0,4131.0,181808.0,7570999700.0
2016-12-12,4185.0,4198.0,4234.0,4166.0,197078.0,8289735300.0
2016-12-13,4186.0,4217.0,4227.0,4163.0,149034.0,6265683700.0
2016-12-14,4218.0,4192.0,4236.0,4172.0,162526.0,6830884500.0
2016-12-15,4190.0,4211.0,4236.0,4165.0,173078.0,7274979300.0
2016-12-16,4200.0,4349.0,4386.0,4193.0,442174.0,19075533200.0
2016-12-19,4360.0,4347.0,4412.0,4318.0,362842.0,15859467000.0
2016-12-20,4350.0,4270.0,4358.0,4245.0,295466.0,12718861800.0
2016-12-21,4271.0,4371.0,4407.0,4252.0,471894.0,20536878200.0
2016-12-22,4375.0,4341.0,4416.0,4339.0,422184.0,18484205700.0
2016-12-23,4330.0,4342.0,4363.0,4281.0,404254.0,17458169400.0
2016-12-26,4346.0,4143.0,4361.0,4103.0,479348.0,20254009900.0
2016-12-27,4140.0,4183.0,4209.0,4126.0,281654.0,11727000200.0
2016-12-28,4196.0,4191.0,4275.0,4177.0,299454.0,12638538700.0
2016-12-29,4203.0,4322.0,4377.0,4161.0,608312.0,26104279700.0
2016-12-30,4329.0,4279.0,4341.0,4259.0,312620.0,13430916000.0
2017-01-03,4270.0,4217.0,4311.0,4208.0,204190.0,8670845900.0
2017-01-04,4220.0,4285.0,4287.0,4193.0,285182.0,12080976900.0
2017-01-05,4285.0,4260.0,4296.0,4241.0,224458.0,9588351100.0
2017-01-06,4248.0,4267.0,4323.0,4233.0,270432.0,11573863000.0
2017-01-09,4262.0,4211.0,4291.0,4185.0,352130.0,14883347800.0
2017-01-10,4211.0,4169.0,4233.0,4143.0,291642.0,12205671400.0
2017-01-11,4163.0,4174.0,4214.0,4161.0,288396.0,12072947000.0
2017-01-12,4170.0,4112.0,4198.0,4088.0,339852.0,14078640300.0
2017-01-13,4115.0,4147.0,4194.0,4100.0,322058.0,13362736600.0
2017-01-16,4143.0,4232.0,4252.0,4128.0,330776.0,13883130700.0
2017-01-17,4232.0,4230.0,4278.0,4200.0,266598.0,11309326000.0
2017-01-18,4242.0,4264.0,4282.0,4206.0,258896.0,10985419000.0
2017-01-19,4259.0,4287.0,4306.0,4237.0,328396.0,14034396700.0
2017-01-20,4292.0,4219.0,4292.0,4217.0,177472.0,7550760700.0
2017-01-23,4221.0,4182.0,4254.0,4164.0,213350.0,8958849300.0
2017-01-24,4192.0,4214.0,4240.0,4175.0,150058.0,6316904300.0
2017-01-25,4214.0,4191.0,4224.0,4164.0,165648.0,6950648800.0
2017-01-26,4208.0,4238.0,4246.0,4184.0,149104.0,6292859500.0
2017-02-03,4220.0,4315.0,4332.0,4206.0,212938.0,9151615400.0
2017-02-06,4319.0,4359.0,4371.0,4288.0,254668.0,11029538300.0
2017-02-07,4353.0,4349.0,4367.0,4326.0,172980.0,7516147100.0
2017-02-08,4347.0,4343.0,4391.0,4326.0,268570.0,11709307400.0
2017-02-09,4343.0,4322.0,4375.0,4322.0,201800.0,8779092400.0
2017-02-10,4322.0,4338.0,4353.0,4303.0,164532.0,7126779800.0
2017-02-13,4334.0,4333.0,4403.0,4312.0,273856.0,11911758500.0
2017-02-14,4330.0,4352.0,4436.0,4323.0,481990.0,21141653500.0
2017-02-15,4366.0,4283.0,4376.0,4274.0,277688.0,11958138700.0
2017-02-16,4281.0,4279.0,4328.0,4265.0,208902.0,8975817300.0
2017-02-17,4285.0,4230.0,4304.0,4212.0,255552.0,10868631300.0
2017-02-20,4230.0,4236.0,4251.0,4214.0,130384.0,5522881000.0
2017-02-21,4234.0,4261.0,4287.0,4226.0,177294.0,7548954500.0
2017-02-22,4250.0,4198.0,4270.0,4187.0,196078.0,8274054300.0
2017-02-23,4200.0,4180.0,4234.0,4169.0,177450.0,7462211900.0
2017-02-24,4194.0,4135.0,4194.0,4094.0,218530.0,9029285500.0
2017-02-27,4128.0,4125.0,4155.0,4084.0,229232.0,9443066400.0
2017-02-28,4130.0,4119.0,4175.0,4111.0,242666.0,10055386400.0
2017-03-01,4122.0,4129.0,4173.0,4116.0,228870.0,9477960700.0
2017-03-02,4131.0,4107.0,4136.0,4095.0,246010.0,10122459000.0
2017-03-03,4100.0,4038.0,4103.0,3991.0,270680.0,10938132000.0
2017-03-06,4038.0,4023.0,4046.0,4010.0,210618.0,8481338900.0
2017-03-07,4023.0,3988.0,4037.0,3977.0,243624.0,9762028800.0
2017-03-08,3988.0,4023.0,4032.0,3967.0,295622.0,11829234200.0
2017-03-09,4028.0,4011.0,4045.0,3977.0,315116.0,12664754900.0
2017-03-10,4005.0,3881.0,4013.0,3852.0,398872.0,15664950800.0
2017-03-13,3900.0,3912.0,3937.0,3888.0,178924.0,7003023500.0
2017-03-14,3907.0,3872.0,3923.0,3844.0,207434.0,8052570000.0
2017-03-15,3870.0,3854.0,3888.0,3840.0,197392.0,7623328200.0
2017-03-16,3862.0,3813.0,3867.0,3802.0,254112.0,9730678700.0
2017-03-17,3811.0,3822.0,3840.0,3811.0,175716.0,6720345000.0
2017-03-20,3820.0,3830.0,3853.0,3818.0,172084.0,6600903400.0
2017-03-21,3837.0,3790.0,3837.0,3764.0,216072.0,8193664500.0
2017-03-22,3795.0,3848.0,3866.0,3783.0,279206.0,10692110100.0
2017-03-23,3853.0,3842.0,3875.0,3822.0,241444.0,9278110100.0
2017-03-24,3860.0,3876.0,3896.0,3857.0,120488.0,4670295000.0
2017-03-27,3875.0,3782.0,3887.0,3751.0,215224.0,8197256000.0
2017-03-28,3782.0,3789.0,3810.0,3762.0,95602.0,3623445400.0
2017-03-29,3795.0,3798.0,3816.0,3779.0,94780.0,3597878400.0
2017-03-30,3793.0,3784.0,3805.0,3765.0,120554.0,4558169700.0
2017-03-31,3770.0,3788.0,3825.0,3715.0,164772.0,6250973700.0
2017-04-05,3750.0,3802.0,3814.0,3741.0,147868.0,5589488600.0
2017-04-06,3805.0,3781.0,3817.0,3764.0,177766.0,6740254500.0
2017-04-07,3783.0,3763.0,3797.0,3749.0,178010.0,6709544500.0
2017-04-10,3775.0,3847.0,3866.0,3766.0,383392.0,14649601700.0
2017-04-11,3847.0,3849.0,3869.0,3821.0,240006.0,9235964600.0
2017-04-12,3849.0,3824.0,3884.0,3802.0,331126.0,12737349200.0
2017-04-13,3828.0,3856.0,3873.0,3812.0,204042.0,7853785500.0
2017-04-14,3859.0,3861.0,3882.0,3836.0,212310.0,8187041500.0
2017-04-17,3866.0,3770.0,3906.0,3766.0,462692.0,17711564300.0
2017-04-18,3770.0,3714.0,3775.0,3701.0,342290.0,12795248800.0
2017-04-19,3718.0,3746.0,3748.0,3695.0,250428.0,9338534200.0
2017-04-20,3749.0,3752.0,3774.0,3702.0,289822.0,10849431500.0
2017-04-21,3748.0,3743.0,3769.0,3730.0,171178.0,6414143300.0
2017-04-24,3750.0,3735.0,3782.0,3722.0,236160.0,8853431800.0
2017-04-25,3740.0,3726.0,3741.0,3708.0,175878.0,6551881700.0
2017-04-26,3730.0,3725.0,3755.0,3705.0,190462.0,7101828800.0
2017-04-27,3729.0,3730.0,3745.0,3715.0,176358.0,6574011800.0
2017-04-28,3735.0,3754.0,3768.0,3727.0,222022.0,8325932400.0
2017-05-02,3760.0,3841.0,3855.0,3760.0,213302.0,8158152300.0
2017-05-03,3835.0,3828.0,3839.0,3808.0,145726.0,5574832600.0
2017-05-04,3833.0,3809.0,3844.0,3796.0,210882.0,8053674700.0
2017-05-05,3814.0,3813.0,3841.0,3801.0,187392.0,7156571800.0
2017-05-08,3823.0,3831.0,3875.0,3801.0,264808.0,10152386500.0
2017-05-09,3828.0,3836.0,3846.0,3806.0,171918.0,6579751600.0
2017-05-10,3838.0,3839.0,3855.0,3819.0,161018.0,6178354900.0
2017-05-11,3844.0,3805.0,3860.0,3767.0,305604.0,11637577500.0
2017-05-12,3800.0,3781.0,3808.0,3772.0,159162.0,6030171600.0
2017-05-15,3766.0,3772.0,3800.0,3761.0,139314.0,5267127000.0
2017-05-16,3781.0,3767.0,3789.0,3753.0,146526.0,5523257600.0
2017-05-17,3772.0,3809.0,3816.0,3763.0,204770.0,7765530800.0
2017-05-18,3804.0,3771.0,3828.0,3755.0,211096.0,7987162800.0
2017-05-19,3755.0,3762.0,3773.0,3737.0,172484.0,6476595500.0
2017-05-22,3770.0,3817.0,3844.0,3759.0,255794.0,9750628400.0
2017-05-23,3818.0,3833.0,3844.0,3804.0,161914.0,6194958600.0
2017-05-24,3835.0,3864.0,3888.0,3814.0,281698.0,10851465900.0
2017-05-25,3866.0,3843.0,3882.0,3831.0,243516.0,9391854500.0
2017-05-26,3856.0,3829.0,3870.0,3811.0,191072.0,7343232400.0
2017-05-31,3820.0,3736.0,3820.0,3721.0,252010.0,9474409200.0
2017-06-01,3743.0,3748.0,3756.0,3726.0,152548.0,5706470100.0
2017-06-02,3750.0,3766.0,3785.0,3741.0,162320.0,6112472300.0
2017-06-05,3766.0,3828.0,3836.0,3764.0,218852.0,8343226900.0
2017-06-06,3826.0,3835.0,3856.0,3816.0,163366.0,6264157600.0
2017-06-07,3835.0,3847.0,3860.0,3817.0,174568.0,6704662400.0
2017-06-08,3854.0,3849.0,3865.0,3835.0,119798.0,4608898400.0
2017-06-09,3855.0,3940.0,3967.0,3850.0,420468.0,16474514000.0
2017-06-12,3947.0,3976.0,3996.0,3926.0,262142.0,10374098600.0
2017-06-13,3970.0,3961.0,3979.0,3917.0,253786.0,10023827300.0
2017-06-14,3961.0,3942.0,3974.0,3925.0,202706.0,8005809000.0
2017-06-15,3930.0,3959.0,3978.0,3916.0,225364.0,8899951800.0
2017-06-16,3950.0,3918.0,4008.0,3892.0,342834.0,13537155100.0
2017-06-19,3933.0,3888.0,3948.0,3878.0,252282.0,9868874500.0
2017-06-20,3888.0,3892.0,3913.0,3863.0,209276.0,8141381700.0
2017-06-21,3884.0,3855.0,3922.0,3841.0,248000.0,9612724200.0
2017-06-22,3855.0,3843.0,3866.0,3831.0,162644.0,6265938400.0
2017-06-23,3838.0,3841.0,3854.0,3816.0,152572.0,5854850400.0
2017-06-26,3850.0,3845.0,3886.0,3832.0,170544.0,6579631900.0
2017-06-27,3842.0,3842.0,3857.0,3823.0,113022.0,4344557500.0
2017-06-28,3850.0,3856.0,3872.0,3831.0,194670.0,7497115200.0
2017-06-29,3877.0,3857.0,3880.0,3842.0,181442.0,7004181400.0
2017-06-30,3859.0,3858.0,3888.0,3824.0,203510.0,7855389100.0
2017-07-03,3867.0,3900.0,3934.0,3848.0,287202.0,11190504200.0
2017-07-04,3905.0,3902.0,3940.0,3865.0,230034.0,8990407800.0
2017-07-05,3912.0,3888.0,3917.0,3877.0,182868.0,7129574500.0
2017-07-06,3895.0,3849.0,3916.0,3832.0,311198.0,12033080200.0
2017-07-07,3852.0,3819.0,3861.0,3803.0,184030.0,7053127900.0
2017-07-10,3831.0,3878.0,3907.0,3821.0,268234.0,10375622400.0
2017-07-11,3878.0,3888.0,3920.0,3876.0,204406.0,7964391400.0
2017-07-12,3878.0,3906.0,3946.0,3865.0,243904.0,9536053000.0
2017-07-13,3912.0,3892.0,3924.0,3882.0,155072.0,6049003200.0
2017-07-14,3892.0,3820.0,3892.0,3808.0,231940.0,8894502200.0
2017-07-17,3830.0,3811.0,3844.0,3789.0,184864.0,7063432100.0
2017-07-18,3820.0,3823.0,3836.0,3805.0,121324.0,4636363600.0
2017-07-19,3834.0,3813.0,3853.0,3795.0,152106.0,5809275500.0
2017-07-20,3821.0,3803.0,3843.0,3778.0,201288.0,7680690700.0
2017-07-21,3814.0,3808.0,3818.0,3780.0,189748.0,7215538400.0
2017-07-24,3808.0,3783.0,3823.0,3746.0,210952.0,7971963500.0
2017-07-25,3783.0,3789.0,3816.0,3774.0,121838.0,4616671400.0
2017-07-26,3780.0,3796.0,3812.0,3765.0,140620.0,5330324900.0
2017-07-27,3790.0,3809.0,3817.0,3785.0,117218.0,4460712600.0
2017-07-28,3817.0,3794.0,3822.0,3787.0,120938.0,4602349800.0
2017-07-31,3802.0,3811.0,3822.0,3781.0,174944.0,6652680700.0
2017-08-01,3805.0,3791.0,3832.0,3773.0,193362.0,7355549400.0
2017-08-02,3791.0,3793.0,3801.0,3764.0,130602.0,4938391900.0
2017-08-03,3797.0,3779.0,3800.0,3771.0,83664.0,3164737700.0
2017-08-04,3779.0,3780.0,3794.0,3761.0,120910.0,4571184200.0
2017-08-07,3830.0,3925.0,3936.0,3826.0,224516.0,8713800100.0
2017-08-08,3926.0,3951.0,3990.0,3921.0,256984.0,10173750100.0
2017-08-09,3951.0,3982.0,3997.0,3951.0,157330.0,6256385400.0
2017-08-10,3978.0,3995.0,4015.0,3970.0,174878.0,6983428500.0
2017-08-11,3997.0,3954.0,4017.0,3927.0,258036.0,10247598100.0
2017-08-14,3960.0,3898.0,3965.0,3888.0,229696.0,8986660800.0
2017-08-15,3893.0,3890.0,3915.0,3880.0,138022.0,5377582800.0
2017-08-16,3894.0,3881.0,3897.0,3868.0,121690.0,4727197600.0
2017-08-17,3885.0,3906.0,3913.0,3883.0,171204.0,6674005700.0
2017-08-18,3906.0,3898.0,3920.0,3876.0,122000.0,4759747400.0
2017-08-21,3902.0,3913.0,3945.0,3896.0,182162.0,7144461300.0
2017-08-22,3910.0,3925.0,3935.0,3883.0,167060.0,6540748100.0
2017-08-23,3919.0,3929.0,3970.0,3911.0,213398.0,8403127300.0
2017-08-24,3930.0,3919.0,3938.0,3901.0,166422.0,6518588100.0
2017-08-25,3922.0,3921.0,3930.0,3910.0,126656.0,4964050100.0
2017-08-28,3925.0,3927.0,3960.0,3912.0,181486.0,7144257500.0
2017-08-29,3931.0,3913.0,3942.0,3895.0,154328.0,6044747300.0
2017-08-30,3908.0,3893.0,3915.0,3888.0,93298.0,3641082600.0
2017-08-31,3898.0,3873.0,3913.0,3872.0,146826.0,5711790900.0
2017-09-01,3868.0,3849.0,3888.0,3846.0,170676.0,6600437400.0
2017-09-04,3855.0,3858.0,3863.0,3836.0,155898.0,6002548800.0
2017-09-05,3856.0,3852.0,3867.0,3845.0,111748.0,4306347500.0
2017-09-06,3857.0,3833.0,3868.0,3826.0,172806.0,6655715300.0
2017-09-07,3833.0,3818.0,3837.0,3815.0,183230.0,7008994800.0
2017-09-08,3829.0,3840.0,3851.0,3819.0,185560.0,7113730500.0
2017-09-11,3845.0,3820.0,3845.0,3780.0,209958.0,7995273000.0
2017-09-12,3820.0,3809.0,3824.0,3796.0,117140.0,4466820900.0
2017-09-13,3809.0,3824.0,3826.0,3797.0,152498.0,5813494800.0
2017-09-14,3823.0,3821.0,3846.0,3813.0,172352.0,6597158600.0
2017-09-15,3825.0,3814.0,3834.0,3805.0,124146.0,4740871800.0
2017-09-18,3818.0,3813.0,3827.0,3801.0,110776.0,4225624300.0
2017-09-19,3807.0,3810.0,3825.0,3801.0,94122.0,3589655200.0
2017-09-20,3811.0,3805.0,3813.0,3766.0,144346.0,5471465700.0
2017-09-21,3808.0,3790.0,3811.0,3778.0,96056.0,3645631400.0
2017-09-22,3790.0,3828.0,3830.0,3782.0,174910.0,6665207000.0
2017-09-25,3836.0,3825.0,3836.0,3814.0,103168.0,3943542200.0
2017-09-26,3826.0,3826.0,3841.0,3816.0,111156.0,4255022100.0
2017-09-27,3821.0,3839.0,3846.0,3818.0,94966.0,3638615100.0
2017-09-28,3837.0,3829.0,3858.0,3812.0,136420.0,5228942100.0
2017-09-29,3827.0,3821.0,3841.0,3819.0,95326.0,3649913400.0
2017-10-09,3835.0,3827.0,3844.0,3790.0,137090.0,5218558900.0
2017-10-10,3828.0,3880.0,3882.0,3818.0,269172.0,10371045500.0
2017-10-11,3878.0,3849.0,3893.0,3846.0,215640.0,8346327900.0
2017-10-12,3850.0,3808.0,3853.0,3803.0,146904.0,5619722400.0
2017-10-13,3810.0,3820.0,3843.0,3802.0,181998.0,6958334300.0
2017-10-16,3828.0,3806.0,3832.0,3794.0,178030.0,6786124400.0
2017-10-17,3804.0,3748.0,3808.0,3736.0,265242.0,9989077800.0
2017-10-18,3738.0,3729.0,3750.0,3716.0,232254.0,8663456000.0
2017-10-19,3733.0,3713.0,3734.0,3710.0,134406.0,5001676100.0
2017-10-20,3713.0,3724.0,3735.0,3713.0,108040.0,4025123300.0
2017-10-23,3723.0,3682.0,3733.0,3667.0,211022.0,7788703300.0
2017-10-24,3681.0,3656.0,3687.0,3653.0,148630.0,5455183100.0
2017-10-25,3656.0,3663.0,3670.0,3651.0,134368.0,4919683300.0
2017-10-26,3666.0,3642.0,3669.0,3638.0,124556.0,4549908100.0
2017-10-27,3648.0,3626.0,3649.0,3608.0,158774.0,5760166200.0
2017-10-30,3632.0,3625.0,3647.0,3614.0,126228.0,4582867700.0
2017-10-31,3627.0,3631.0,3639.0,3616.0,90154.0,3270392400.0
2017-11-01,3627.0,3630.0,3645.0,3626.0,100174.0,3641942600.0
2017-11-02,3628.0,3638.0,3643.0,3622.0,108380.0,3938693100.0
2017-11-03,3633.0,3644.0,3661.0,3633.0,105932.0,3859908800.0
2017-11-06,3646.0,3650.0,3650.0,3614.0,164640.0,5977391600.0
2017-11-07,3649.0,3668.0,3680.0,3645.0,164620.0,6035313800.0
2017-11-08,3672.0,3665.0,3672.0,3656.0,75816.0,2778707400.0
2017-11-09,3665.0,3683.0,3695.0,3657.0,112254.0,4118338500.0
2017-11-10,3683.0,3664.0,3689.0,3640.0,130584.0,4792301200.0
2017-11-13,3666.0,3668.0,3676.0,3657.0,67626.0,2481515300.0
2017-11-14,3668.0,3634.0,3676.0,3630.0,142026.0,5180080100.0
2017-11-15,3634.0,3616.0,3642.0,3570.0,164162.0,5936122200.0
2017-11-16,3621.0,3624.0,3633.0,3606.0,86038.0,3115753900.0
2017-11-17,3619.0,3625.0,3625.0,3609.0,62060.0,2245073800.0
2017-11-20,3620.0,3636.0,3652.0,3617.0,121810.0,4427898800.0
2017-11-21,3630.0,3683.0,3690.0,3629.0,173354.0,6348485100.0
2017-11-22,3680.0,3684.0,3700.0,3677.0,120548.0,4443626600.0
2017-11-23,3692.0,3679.0,3702.0,3660.0,107690.0,3966071900.0
2017-11-24,3683.0,3680.0,3695.0,3671.0,56612.0,2085578800.0
2017-11-27,3680.0,3667.0,3685.0,3651.0,80700.0,2959899300.0
2017-11-28,3674.0,3666.0,3677.0,3656.0,64328.0,2358613100.0
2017-11-29,3670.0,3641.0,3670.0,3641.0,70032.0,2557843200.0
2017-11-30,3645.0,3560.0,3648.0,3555.0,170114.0,6119850000.0
2017-12-01,3563.0,3572.0,3589.0,3559.0,82022.0,2932190800.0
2017-12-04,3589.0,3600.0,3602.0,3570.0,71306.0,2557920400.0
2017-12-05,3596.0,3575.0,3604.0,3559.0,71660.0,2563960300.0
2017-12-06,3579.0,3573.0,3598.0,3562.0,80730.0,2892395100.0
2017-12-07,3575.0,3453.0,3580.0,3446.0,175432.0,6135677500.0
2017-12-08,3450.0,3429.0,3455.0,3410.0,83666.0,2875363000.0
2017-12-11,3434.0,3457.0,3475.0,3429.0,81890.0,2829682800.0
2017-12-12,3617.0,3615.0,3628.0,3601.0,133604.0,4827659900.0
2017-12-13,3610.0,3622.0,3635.0,3581.0,142002.0,5133823200.0
2017-12-14,3618.0,3636.0,3643.0,3618.0,92654.0,3362707100.0
2017-12-15,3636.0,3632.0,3648.0,3626.0,77228.0,2809188000.0
2017-12-18,3646.0,3674.0,3681.0,3618.0,132010.0,4819886700.0
2017-12-19,3673.0,3669.0,3677.0,3650.0,90864.0,3330416100.0
2017-12-20,3664.0,3647.0,3674.0,3634.0,88146.0,3222774500.0
2017-12-21,3652.0,3642.0,3671.0,3636.0,99680.0,3642032500.0
2017-12-22,3646.0,3601.0,3650.0,3574.0,197914.0,7138197000.0
2017-12-25,3605.0,3666.0,3667.0,3593.0,167506.0,6091735500.0
2017-12-26,3663.0,3670.0,3693.0,3655.0,123054.0,4521254300.0
2017-12-27,3666.0,3670.0,3683.0,3655.0,83144.0,3048979800.0
2017-12-28,3665.0,3632.0,3673.0,3616.0,143972.0,5244508700.0
2017-12-29,3632.0,3626.0,3640.0,3608.0,132704.0,4808784900.0
2018-01-02,3583.0,3639.0,3668.0,3583.0,92242.0,3353348000.0
2018-01-03,3639.0,3659.0,3675.0,3631.0,134428.0,4909613900.0
2018-01-04,3666.0,3669.0,3670.0,3642.0,89870.0,3286177000.0
2018-01-05,3670.0,3672.0,3700.0,3658.0,167556.0,6160579300.0
2018-01-08,3677.0,3688.0,3690.0,3652.0,94634.0,3476078000.0
2018-01-09,3693.0,3676.0,3707.0,3672.0,129430.0,4774988200.0
2018-01-10,3679.0,3696.0,3713.0,3662.0,112550.0,4145264600.0
2018-01-11,3695.0,3662.0,3698.0,3656.0,94284.0,3460679000.0
2018-01-12,3662.0,3644.0,3674.0,3638.0,107892.0,3938696600.0
2018-01-15,3648.0,3673.0,3687.0,3638.0,123348.0,4527464400.0
2018-01-16,3676.0,3603.0,3678.0,3601.0,161314.0,5866735800.0
2018-01-17,3607.0,3599.0,3618.0,3593.0,110980.0,4003419200.0
2018-01-18,3599.0,3605.0,3609.0,3581.0,80228.0,2887478000.0
2018-01-19,3600.0,3536.0,3600.0,3522.0,251310.0,8935775900.0
2018-01-22,3539.0,3523.0,3545.0,3511.0,128006.0,4521157600.0
2018-01-23,3524.0,3533.0,3539.0,3515.0,103120.0,3638628000.0
2018-01-24,3537.0,3521.0,3547.0,3516.0,122244.0,4319015400.0
2018-01-25,3525.0,3536.0,3556.0,3510.0,148782.0,5258311200.0
2018-01-26,3535.0,3527.0,3546.0,3496.0,138094.0,4866409400.0
2018-01-29,3527.0,3528.0,3544.0,3521.0,89404.0,3158504300.0
2018-01-30,3532.0,3536.0,3542.0,3518.0,103162.0,3642939600.0
2018-01-31,3538.0,3531.0,3552.0,3524.0,107830.0,3812795800.0
2018-02-01,3527.0,3472.0,3527.0,3463.0,212048.0,7398810500.0
2018-02-02,3472.0,3467.0,3478.0,3453.0,128484.0,4451509500.0
2018-02-05,3472.0,3494.0,3498.0,3463.0,127896.0,4455416100.0
2018-02-06,3489.0,3500.0,3521.0,3483.0,127396.0,4465585200.0
2018-02-07,3503.0,3519.0,3527.0,3491.0,98484.0,3461184500.0
2018-02-08,3515.0,3538.0,3546.0,3505.0,124732.0,4398364600.0
2018-02-09,3534.0,3560.0,3573.0,3534.0,120964.0,4302182300.0
2018-02-12,3555.0,3562.0,3580.0,3543.0,100744.0,3587068800.0
2018-02-13,3558.0,3561.0,3568.0,3524.0,130768.0,4638804500.0
2018-02-14,3562.0,3568.0,3572.0,3543.0,76606.0,2727058700.0
2018-02-22,3595.0,3613.0,3614.0,3577.0,77714.0,2793992400.0
2018-02-23,3608.0,3628.0,3633.0,3601.0,107528.0,3891531000.0
2018-02-26,3624.0,3632.0,3650.0,3617.0,106176.0,3856812300.0
2018-02-27,3627.0,3651.0,3655.0,3624.0,107228.0,3899877700.0
2018-02-28,3646.0,3660.0,3665.0,3636.0,91258.0,3331137300.0
2018-03-01,3656.0,3677.0,3691.0,3656.0,134418.0,4941935200.0
2018-03-02,3670.0,3711.0,3743.0,3660.0,252012.0,9341332000.0
2018-03-05,3715.0,3700.0,3721.0,3667.0,154468.0,5703833700.0
2018-03-06,3705.0,3691.0,3705.0,3678.0,95606.0,3527619600.0
2018-03-07,3695.0,3675.0,3718.0,3665.0,152014.0,5607642100.0
2018-03-08,3674.0,3696.0,3707.0,3667.0,116882.0,4315366400.0
2018-03-09,3696.0,3634.0,3713.0,3629.0,207654.0,7624887500.0
2018-03-12,3630.0,3611.0,3651.0,3595.0,191270.0,6913958200.0
2018-03-13,3607.0,3616.0,3628.0,3591.0,126830.0,4578453300.0
2018-03-14,3630.0,3626.0,3647.0,3614.0,88912.0,3225761500.0
2018-03-15,3638.0,3638.0,3645.0,3601.0,120310.0,4362840100.0
2018-03-16,3650.0,3705.0,3722.0,3642.0,271256.0,10007725300.0
2018-03-19,3705.0,3714.0,3729.0,3696.0,176076.0,6538813600.0
2018-03-20,3710.0,3707.0,3737.0,3683.0,189082.0,7016742800.0
2018-03-21,3714.0,3715.0,3727.0,3698.0,111958.0,4155112500.0
2018-03-22,3725.0,3715.0,3756.0,3690.0,183690.0,6827513700.0
2018-03-23,3715.0,3759.0,3783.0,3708.0,258778.0,9703685600.0
2018-03-26,3754.0,3767.0,3821.0,3723.0,261666.0,9857613000.0
2018-03-27,3767.0,3752.0,3777.0,3711.0,140882.0,5277083200.0
2018-03-28,3755.0,3738.0,3759.0,3723.0,117304.0,4385508500.0
2018-03-29,3743.0,3745.0,3757.0,3712.0,96580.0,3610679000.0
2018-03-30,3738.0,3745.0,3828.0,3738.0,218014.0,8225494700.0
2018-04-02,3747.0,3763.0,3773.0,3725.0,161998.0,6074135400.0
2018-04-03,3758.0,3787.0,3796.0,3751.0,124134.0,4688065400.0
2018-04-04,3783.0,3844.0,3868.0,3780.0,200450.0,7674940500.0
2018-04-09,4000.0,3913.0,4019.0,3880.0,162412.0,6373150600.0
2018-04-10,4035.0,3990.0,4041.0,3956.0,212844.0,8510041300.0
2018-04-11,3993.0,3972.0,4005.0,3956.0,140158.0,5576580300.0
2018-04-12,3975.0,3964.0,3995.0,3955.0,145074.0,5769054400.0
2018-04-13,3956.0,3980.0,3990.0,3946.0,111588.0,4433606200.0
2018-04-16,3975.0,3919.0,3982.0,3909.0,151696.0,5969923100.0
2018-04-17,3923.0,3940.0,3940.0,3863.0,189796.0,7392108000.0
2018-04-18,3935.0,3901.0,3936.0,3877.0,175354.0,6855002300.0
2018-04-19,3910.0,3861.0,3921.0,3837.0,202530.0,7862496600.0
2018-04-20,3860.0,3875.0,3880.0,3841.0,166918.0,6445933000.0
2018-04-23,3871.0,3855.0,3903.0,3844.0,171670.0,6643827500.0
2018-04-24,3850.0,3854.0,3892.0,3840.0,152512.0,5903607900.0
2018-04-25,3849.0,3855.0,3893.0,3838.0,146618.0,5671100800.0
2018-04-26,3855.0,3819.0,3866.0,3819.0,156604.0,6013350400.0
2018-04-27,3826.0,3798.0,3832.0,3792.0,112916.0,4306065400.0
2018-05-02,3816.0,3819.0,3857.0,3814.0,99780.0,3827132000.0
2018-05-03,3814.0,3842.0,3845.0,3804.0,104362.0,3990667000.0
2018-05-04,3837.0,3830.0,3843.0,3798.0,111758.0,4268809100.0
2018-05-07,3843.0,3846.0,3887.0,3830.0,214542.0,8281521100.0
2018-05-08,3846.0,3786.0,3864.0,3778.0,183206.0,6984574600.0
2018-05-09,3786.0,3781.0,3802.0,3770.0,115798.0,4382647700.0
2018-05-10,3781.0,3790.0,3796.0,3773.0,90496.0,3425777300.0
2018-05-11,3786.0,3759.0,3794.0,3752.0,105662.0,3984098400.0
2018-05-14,3763.0,3754.0,3791.0,3748.0,113888.0,4293977300.0
2018-05-15,3758.0,3728.0,3784.0,3719.0,115714.0,4339248200.0
2018-05-16,3729.0,3686.0,3731.0,3668.0,191480.0,7074281300.0
2018-05-17,3689.0,3678.0,3701.0,3662.0,109122.0,4018152200.0
2018-05-18,3681.0,3688.0,3699.0,3662.0,111078.0,4089759100.0
2018-05-21,3683.0,3698.0,3712.0,3644.0,192218.0,7070880300.0
2018-05-22,3703.0,3686.0,3722.0,3670.0,164734.0,6093860800.0
2018-05-23,3690.0,3653.0,3701.0,3640.0,203814.0,7473534900.0
2018-05-24,3655.0,3676.0,3682.0,3647.0,157476.0,5774583500.0
2018-05-25,3680.0,3664.0,3689.0,3662.0,134882.0,4956101400.0
2018-05-28,3674.0,3698.0,3704.0,3665.0,177088.0,6528729100.0
2018-05-29,3695.0,3715.0,3719.0,3688.0,153850.0,5701551900.0
2018-05-30,3704.0,3712.0,3759.0,3693.0,274172.0,10219944500.0
2018-05-31,3711.0,3687.0,3720.0,3676.0,182670.0,6753892000.0
2018-06-01,3693.0,3682.0,3716.0,3670.0,159220.0,5878409300.0
2018-06-04,3684.0,3732.0,3737.0,3673.0,165460.0,6137810500.0
2018-06-05,3736.0,3731.0,3753.0,3691.0,190322.0,7092898400.0
2018-06-06,3735.0,3677.0,3735.0,3672.0,180572.0,6676751500.0
2018-06-07,3673.0,3636.0,3677.0,3636.0,180964.0,6613757400.0
2018-06-08,3610.0,3567.0,3630.0,3530.0,336782.0,12049934400.0
2018-06-11,3566.0,3577.0,3593.0,3558.0,137226.0,4907288400.0
2018-06-12,3575.0,3580.0,3588.0,3565.0,105188.0,3762774700.0
2018-06-13,3584.0,3582.0,3598.0,3562.0,162882.0,5828623200.0
2018-06-14,3585.0,3587.0,3598.0,3573.0,111344.0,3994716900.0
2018-06-15,3583.0,3592.0,3601.0,3568.0,154294.0,5533845200.0
2018-06-19,3651.0,3658.0,3708.0,3619.0,247202.0,9068353700.0
2018-06-20,3658.0,3651.0,3686.0,3621.0,204338.0,7480425500.0
2018-06-21,3660.0,3612.0,3670.0,3602.0,173060.0,6290063500.0
2018-06-22,3616.0,3605.0,3632.0,3550.0,181900.0,6543529000.0
2018-06-25,3611.0,3635.0,3641.0,3606.0,112126.0,4064428600.0
2018-06-26,3638.0,3636.0,3665.0,3604.0,174322.0,6340352200.0
2018-06-27,3637.0,3664.0,3687.0,3622.0,192276.0,7020256400.0
2018-06-28,3666.0,3667.0,3677.0,3647.0,134982.0,4945022100.0
2018-06-29,3674.0,3690.0,3695.0,3656.0,126882.0,4665480800.0
2018-07-02,3681.0,3716.0,3741.0,3681.0,170630.0,6339263400.0
2018-07-03,3718.0,3681.0,3725.0,3668.0,134556.0,4971493000.0
2018-07-04,3688.0,3654.0,3688.0,3628.0,151628.0,5549286600.0
2018-07-05,3658.0,3681.0,3690.0,3622.0,142586.0,5217303600.0
2018-07-06,3680.0,3622.0,3698.0,3576.0,253646.0,9256119300.0
2018-07-09,3613.0,3633.0,3662.0,3608.0,133226.0,4848043000.0
2018-07-10,3623.0,3574.0,3626.0,3559.0,155508.0,5579126400.0
2018-07-11,3578.0,3562.0,3599.0,3555.0,141486.0,5060265600.0
2018-07-12,3568.0,3543.0,3569.0,3537.0,121684.0,4324010700.0
2018-07-13,3543.0,3485.0,3547.0,3472.0,191436.0,6705348800.0
2018-07-16,3496.0,3485.0,3499.0,3473.0,97824.0,3412177300.0
2018-07-17,3489.0,3511.0,3531.0,3486.0,121714.0,4274219200.0
2018-07-18,3515.0,3504.0,3531.0,3493.0,110308.0,3871120400.0
2018-07-19,3508.0,3505.0,3517.0,3497.0,76474.0,2681252100.0
2018-07-20,3502.0,3510.0,3534.0,3500.0,119196.0,4191648300.0
2018-07-23,3512.0,3499.0,3527.0,3483.0,107882.0,3782037700.0
2018-07-24,3504.0,3493.0,3513.0,3488.0,77906.0,2726704400.0
2018-07-25,3491.0,3517.0,3535.0,3490.0,107084.0,3765672600.0
2018-07-26,3521.0,3534.0,3545.0,3510.0,111040.0,3919901600.0
2018-07-27,3538.0,3518.0,3540.0,3506.0,83074.0,2923884600.0
2018-07-30,3516.0,3544.0,3547.0,3515.0,93696.0,3309475500.0
2018-07-31,3655.0,3649.0,3675.0,3636.0,72590.0,2654710500.0
2018-08-01,3655.0,3628.0,3667.0,3616.0,122758.0,4469796700.0
2018-08-02,3627.0,3618.0,3640.0,3606.0,95242.0,3451163600.0
2018-08-03,3622.0,3580.0,3623.0,3580.0,152480.0,5491615600.0
2018-08-06,3580.0,3630.0,3641.0,3566.0,159566.0,5770550700.0
2018-08-07,3626.0,3654.0,3661.0,3625.0,126274.0,4603396000.0
2018-08-08,3654.0,3789.0,3819.0,3645.0,306846.0,11420750000.0
2018-08-09,3791.0,3774.0,3818.0,3756.0,287654.0,10895734100.0
2018-08-10,3778.0,3774.0,3847.0,3758.0,327098.0,12428188700.0
2018-08-13,3779.0,3738.0,3796.0,3717.0,192686.0,7233853100.0
2018-08-14,3738.0,3770.0,3780.0,3733.0,174844.0,6577333700.0
2018-08-15,3779.0,3791.0,3813.0,3766.0,245222.0,9290351000.0
2018-08-16,3787.0,3747.0,3797.0,3716.0,250842.0,9411718300.0
2018-08-17,3751.0,3717.0,3772.0,3701.0,209258.0,7821620100.0
2018-08-20,3718.0,3668.0,3736.0,3632.0,281076.0,10341594900.0
2018-08-21,3674.0,3677.0,3687.0,3656.0,115246.0,4233059800.0
2018-08-22,3677.0,3699.0,3716.0,3667.0,180418.0,6653279800.0
2018-08-23,3699.0,3643.0,3717.0,3640.0,197202.0,7265752200.0
2018-08-24,3640.0,3656.0,3666.0,3636.0,125756.0,4592606200.0
2018-08-27,3657.0,3596.0,3662.0,3568.0,236148.0,8509420400.0
2018-08-28,3599.0,3613.0,3635.0,3589.0,143626.0,5198010200.0
2018-08-29,3619.0,3628.0,3631.0,3604.0,128674.0,4658180700.0
2018-08-30,3634.0,3650.0,3663.0,3624.0,132356.0,4821644000.0
2018-08-31,3650.0,3635.0,3650.0,3615.0,114632.0,4161228300.0
2018-09-03,3633.0,3650.0,3661.0,3618.0,148890.0,5419918500.0
2018-09-04,3649.0,3614.0,3665.0,3600.0,157868.0,5727685500.0
2018-09-05,3612.0,3582.0,3618.0,3581.0,149516.0,5384854400.0
2018-09-06,3579.0,3619.0,3620.0,3568.0,119052.0,4283829000.0
2018-09-07,3622.0,3644.0,3645.0,3608.0,140140.0,5085343500.0
2018-09-10,3643.0,3809.0,3809.0,3636.0,530984.0,19918525200.0
2018-09-11,3818.0,3772.0,3855.0,3745.0,561518.0,21346722800.0
2018-09-12,3771.0,3758.0,3782.0,3736.0,248522.0,9350055400.0
2018-09-13,3758.0,3683.0,3778.0,3673.0,312938.0,11625803100.0
2018-09-14,3688.0,3706.0,3712.0,3686.0,144880.0,5358907200.0
2018-09-17,3700.0,3718.0,3744.0,3700.0,159946.0,5950966700.0
2018-09-18,3729.0,3743.0,3776.0,3723.0,237606.0,8914370100.0
2018-09-19,3748.0,3705.0,3758.0,3700.0,151470.0,5644905600.0
2018-09-20,3706.0,3707.0,3734.0,3691.0,116402.0,4321314600.0
2018-09-21,3711.0,3709.0,3744.0,3704.0,146538.0,5453862600.0
2018-09-25,3715.0,3743.0,3768.0,3710.0,158618.0,5939541600.0
2018-09-26,3743.0,3750.0,3760.0,3731.0,137788.0,5164339800.0
2018-09-27,3750.0,3718.0,3755.0,3693.0,164810.0,6126611800.0
2018-09-28,3729.0,3755.0,3789.0,3705.0,244386.0,9160884900.0
2018-10-08,3785.0,3830.0,3832.0,3768.0,162042.0,6159105500.0
2018-10-09,3826.0,3826.0,3879.0,3807.0,240470.0,9244008700.0
2018-10-10,3824.0,3822.0,3832.0,3791.0,165262.0,6302605300.0
2018-10-11,3818.0,3801.0,3837.0,3778.0,217290.0,8269003700.0
2018-10-12,3801.0,3836.0,3874.0,3795.0,429370.0,16484136200.0
2018-10-15,3839.0,3785.0,3849.0,3781.0,215550.0,8205404700.0
2018-10-16,3789.0,3801.0,3835.0,3763.0,224908.0,8544942400.0
2018-10-17,3803.0,3800.0,3814.0,3776.0,143668.0,5449717300.0
2018-10-18,3804.0,3774.0,3831.0,3767.0,190468.0,7237724800.0
2018-10-19,3770.0,3737.0,3780.0,3724.0,158880.0,5955080700.0
2018-10-22,3733.0,3712.0,3742.0,3704.0,136858.0,5093638400.0
2018-10-23,3712.0,3693.0,3730.0,3692.0,134052.0,4978671500.0
2018-10-24,3689.0,3708.0,3709.0,3681.0,118774.0,4390811300.0
2018-10-25,3710.0,3709.0,3726.0,3682.0,114964.0,4262865000.0
2018-10-26,3706.0,3673.0,3716.0,3664.0,165266.0,6087628900.0
2018-10-29,3678.0,3626.0,3696.0,3606.0,192492.0,7019482200.0
2018-10-30,3622.0,3566.0,3629.0,3562.0,229504.0,8226820100.0
2018-10-31,3570.0,3586.0,3592.0,3567.0,118292.0,4235577300.0
2018-11-01,3578.0,3559.0,3586.0,3521.0,208296.0,7398353500.0
2018-11-02,3558.0,3441.0,3566.0,3397.0,549510.0,19063773200.0
2018-11-05,3447.0,3468.0,3494.0,3441.0,181706.0,6302817800.0
2018-11-06,3465.0,3473.0,3490.0,3463.0,88766.0,3084906700.0
2018-11-07,3480.0,3497.0,3513.0,3456.0,150470.0,5244344700.0
2018-11-08,3490.0,3466.0,3502.0,3433.0,133022.0,4612180400.0
2018-11-09,3470.0,3475.0,3493.0,3451.0,98650.0,3420584500.0
2018-11-12,3460.0,3504.0,3518.0,3460.0,148434.0,5185180400.0
2018-11-13,3502.0,3471.0,3509.0,3452.0,121434.0,4221637500.0
2018-11-14,3483.0,3451.0,3483.0,3438.0,112308.0,3886854800.0
2018-11-15,3447.0,3438.0,3473.0,3417.0,126264.0,4348546300.0
2018-11-16,3444.0,3474.0,3495.0,3436.0,132782.0,4598839100.0
2018-11-19,3474.0,3430.0,3478.0,3426.0,128340.0,4423638600.0
2018-11-20,3439.0,3419.0,3439.0,3377.0,166304.0,5672271400.0
2018-11-21,3421.0,3442.0,3447.0,3391.0,139898.0,4793592200.0
2018-11-22,3442.0,3415.0,3446.0,3403.0,103676.0,3542662900.0
2018-11-23,3418.0,3402.0,3420.0,3362.0,179580.0,6091189900.0
2018-11-26,3415.0,3354.0,3427.0,3336.0,203260.0,6884848400.0
2018-11-27,3350.0,3303.0,3370.0,3301.0,170490.0,5685833100.0
2018-11-28,3306.0,3323.0,3332.0,3293.0,109700.0,3631901200.0
2018-11-29,3319.0,3323.0,3341.0,3311.0,89734.0,2983216400.0
2018-11-30,3327.0,3355.0,3365.0,3320.0,110282.0,3688389700.0
2018-12-03,3351.0,3327.0,3365.0,3281.0,163286.0,5426311600.0
2018-12-04,3323.0,3274.0,3333.0,3244.0,161530.0,5309352900.0
2018-12-05,3270.0,3263.0,3283.0,3248.0,106798.0,3484787600.0
2018-12-06,3265.0,3255.0,3281.0,3253.0,89734.0,2933480800.0
2018-12-07,3264.0,3205.0,3265.0,3198.0,164734.0,5312235200.0
2018-12-10,3210.0,3214.0,3232.0,3204.0,83178.0,2675143200.0
2018-12-11,3218.0,3215.0,3238.0,3183.0,105130.0,3384293800.0
2018-12-12,3224.0,3191.0,3225.0,3185.0,93218.0,2981746200.0
2018-12-13,3195.0,3152.0,3202.0,3143.0,135228.0,4281627700.0
2018-12-14,3152.0,3129.0,3162.0,3112.0,119980.0,3766749700.0
2018-12-17,3133.0,3153.0,3195.0,3131.0,120430.0,3807310100.0
2018-12-18,3157.0,3165.0,3171.0,3147.0,61232.0,1934871600.0
2018-12-19,3172.0,3158.0,3179.0,3153.0,63878.0,2021114100.0
2018-12-20,3148.0,3180.0,3188.0,3139.0,94294.0,2989553600.0
2018-12-21,3181.0,3144.0,3194.0,3121.0,75822.0,2390828500.0
2018-12-24,3144.0,3169.0,3176.0,3141.0,68782.0,2173240500.0
2018-12-25,3361.0,3375.0,3396.0,3361.0,96648.0,3268069600.0
2018-12-26,3374.0,3378.0,3391.0,3362.0,76190.0,2574757900.0
2018-12-27,3374.0,3389.0,3395.0,3357.0,88154.0,2981049100.0
2018-12-28,3386.0,3406.0,3420.0,3382.0,109910.0,3735555900.0
2019-01-02,3415.0,3438.0,3448.0,3399.0,81536.0,2800545800.0
2019-01-03,3448.0,3443.0,3451.0,3427.0,78328.0,2693765000.0
2019-01-04,3409.0,3438.0,3460.0,3409.0,101052.0,3477819000.0
2019-01-07,3434.0,3431.0,3456.0,3409.0,123832.0,4247068800.0
2019-01-08,3431.0,3445.0,3450.0,3413.0,103098.0,3540602200.0
2019-01-09,3449.0,3441.0,3449.0,3420.0,86100.0,2958646600.0
2019-01-10,3439.0,3430.0,3468.0,3416.0,143182.0,4923494700.0
2019-01-11,3432.0,3393.0,3434.0,3381.0,123248.0,4196055700.0
2019-01-14,3397.0,3382.0,3401.0,3371.0,93726.0,3174520400.0
2019-01-15,3382.0,3401.0,3409.0,3378.0,81140.0,2754721200.0
2019-01-16,3400.0,3345.0,3401.0,3334.0,173070.0,5809235900.0
2019-01-17,3345.0,3349.0,3368.0,3343.0,96772.0,3245804800.0
2019-01-18,3353.0,3370.0,3385.0,3349.0,95998.0,3234134900.0
2019-01-21,3370.0,3413.0,3428.0,3370.0,142190.0,4839867900.0
2019-01-22,3409.0,3419.0,3436.0,3396.0,139558.0,4764980800.0
2019-01-23,3419.0,3418.0,3426.0,3400.0,97298.0,3322378100.0
2019-01-24,3421.0,3435.0,3446.0,3411.0,105796.0,3628283500.0
2019-01-25,3435.0,3438.0,3443.0,3415.0,93642.0,3212774300.0
2019-01-28,3438.0,3425.0,3458.0,3423.0,119208.0,4100863900.0
2019-01-29,3423.0,3418.0,3431.0,3396.0,103976.0,3551952900.0
2019-01-30,3421.0,3396.0,3426.0,3391.0,89824.0,3057206000.0
2019-01-31,3399.0,3426.0,3430.0,3383.0,110434.0,3762966100.0
2019-02-01,3423.0,3450.0,3475.0,3418.0,127076.0,4372379800.0
2019-02-11,3478.0,3530.0,3534.0,3443.0,110598.0,3866368000.0
2019-02-12,3527.0,3507.0,3531.0,3493.0,106580.0,3743398200.0
2019-02-13,3507.0,3508.0,3517.0,3481.0,102776.0,3599752900.0
2019-02-14,3512.0,3475.0,3524.0,3458.0,145940.0,5090491900.0
2019-02-15,3473.0,3439.0,3476.0,3434.0,104940.0,3626105000.0
2019-02-18,3442.0,3424.0,3453.0,3406.0,119156.0,4083097000.0
2019-02-19,3428.0,3454.0,3455.0,3425.0,80574.0,2772681800.0
2019-02-20,3455.0,3417.0,3459.0,3409.0,109584.0,3761793600.0
2019-02-21,3411.0,3416.0,3450.0,3408.0,116714.0,4002287000.0
2019-02-22,3425.0,3410.0,3432.0,3402.0,125386.0,4287655500.0
2019-02-25,3413.0,3420.0,3423.0,3370.0,142832.0,4860524500.0
2019-02-26,3426.0,3376.0,3430.0,3366.0,149988.0,5100022300.0
2019-02-27,3375.0,3379.0,3384.0,3359.0,114632.0,3867732900.0
2019-02-28,3382.0,3391.0,3407.0,3375.0,111210.0,3768959700.0
2019-03-01,3397.0,3411.0,3413.0,3381.0,137510.0,4676904500.0
2019-03-04,3410.0,3383.0,3419.0,3379.0,138418.0,4700611200.0
2019-03-05,3386.0,3391.0,3414.0,3384.0,133122.0,4525681000.0
2019-03-06,3390.0,3411.0,3413.0,3368.0,139456.0,4735548900.0
2019-03-07,3409.0,3417.0,3428.0,3400.0,153800.0,5251343500.0
2019-03-08,3417.0,3377.0,3420.0,3371.0,170872.0,5793417300.0
2019-03-11,3378.0,3395.0,3396.0,3342.0,220006.0,7414023300.0
2019-03-12,3395.0,3389.0,3399.0,3376.0,130078.0,4408525500.0
2019-03-13,3389.0,3387.0,3406.0,3384.0,119170.0,4044854100.0
2019-03-14,3383.0,3407.0,3410.0,3373.0,137100.0,4652620500.0
2019-03-15,3405.0,3437.0,3439.0,3398.0,198498.0,6791972200.0
2019-03-18,3432.0,3394.0,3448.0,3391.0,163870.0,5612633100.0
2019-03-19,3398.0,3381.0,3401.0,3372.0,140478.0,4758197300.0
2019-03-20,3383.0,3373.0,3389.0,3361.0,93508.0,3155361500.0
2019-03-21,3374.0,3375.0,3379.0,3366.0,79116.0,2668380400.0
2019-03-22,3375.0,3377.0,3383.0,3363.0,99446.0,3355638500.0
2019-03-25,3373.0,3354.0,3383.0,3347.0,115804.0,3893200300.0
2019-03-26,3354.0,3359.0,3365.0,3349.0,59342.0,1992526000.0
2019-03-27,3362.0,3361.0,3377.0,3354.0,88072.0,2963923000.0
2019-03-28,3355.0,3341.0,3362.0,3330.0,169974.0,5692333900.0
2019-03-29,3352.0,3323.0,3353.0,3308.0,159008.0,5291768700.0
2019-04-01,3328.0,3335.0,3342.0,3316.0,80466.0,2680692200.0
2019-04-02,3330.0,3337.0,3348.0,3328.0,108412.0,3619174100.0
2019-04-03,3337.0,3351.0,3352.0,3323.0,99406.0,3318135800.0
2019-04-04,3371.0,3330.0,3371.0,3319.0,104234.0,3477454100.0
2019-04-08,3324.0,3336.0,3350.0,3324.0,61106.0,2040648900.0
2019-04-09,3330.0,3334.0,3340.0,3314.0,109024.0,3624923000.0
2019-04-10,3334.0,3338.0,3345.0,3331.0,88126.0,2943020400.0
2019-04-11,3337.0,3324.0,3338.0,3300.0,126712.0,4205740400.0
2019-04-12,3328.0,3310.0,3328.0,3307.0,74138.0,2456733500.0
2019-04-15,3306.0,3338.0,3347.0,3287.0,118424.0,3938437000.0
2019-04-16,3337.0,3334.0,3344.0,3327.0,65998.0,2201198600.0
2019-04-17,3339.0,3315.0,3346.0,3310.0,75764.0,2519538900.0
2019-04-18,3315.0,3316.0,3320.0,3290.0,90862.0,3006275300.0
2019-04-19,3333.0,3323.0,3348.0,3313.0,80286.0,2673283700.0
2019-04-22,3333.0,3309.0,3333.0,3305.0,67852.0,2248490200.0
2019-04-23,3412.0,3415.0,3425.0,3407.0,105416.0,3600296900.0
2019-04-24,3418.0,3420.0,3438.0,3404.0,125550.0,4296271400.0
2019-04-25,3419.0,3406.0,3425.0,3404.0,118742.0,4052536500.0
2019-04-26,3413.0,3364.0,3414.0,3352.0,173548.0,5869749600.0
2019-04-29,3362.0,3370.0,3381.0,3357.0,74548.0,2513622200.0
2019-04-30,3367.0,3378.0,3379.0,3345.0,103526.0,3479809000.0
2019-05-06,3372.0,3397.0,3433.0,3365.0,96034.0,3261079100.0
2019-05-07,3393.0,3396.0,3412.0,3388.0,173248.0,5895953000.0
2019-05-08,3399.0,3415.0,3419.0,3388.0,79738.0,2714898400.0
2019-05-09,3420.0,3468.0,3494.0,3417.0,191654.0,6609346100.0
2019-05-10,3468.0,3456.0,3478.0,3431.0,164118.0,5669127500.0
2019-05-13,3456.0,3459.0,3484.0,3450.0,104358.0,3614787900.0
2019-05-14,3468.0,3516.0,3572.0,3456.0,290628.0,10230448100.0
2019-05-15,3524.0,3529.0,3545.0,3512.0,141456.0,4994893600.0
2019-05-16,3530.0,3543.0,3581.0,3530.0,184542.0,6553391300.0
2019-05-17,3558.0,3541.0,3558.0,3522.0,117072.0,4143891500.0
2019-05-20,3552.0,3571.0,3609.0,3541.0,190842.0,6823414700.0
2019-05-21,3572.0,3592.0,3619.0,3566.0,144808.0,5205646300.0
2019-05-22,3590.0,3568.0,3606.0,3546.0,133208.0,4771226100.0
2019-05-23,3567.0,3575.0,3598.0,3555.0,113728.0,4067825900.0
2019-05-24,3580.0,3577.0,3587.0,3552.0,96716.0,3454749400.0
2019-05-27,3590.0,3611.0,3636.0,3566.0,136988.0,4932519300.0
2019-05-28,3607.0,3615.0,3625.0,3595.0,84146.0,3037758700.0
2019-05-29,3639.0,3735.0,3754.0,3606.0,247796.0,9161233800.0
2019-05-30,3718.0,3627.0,3736.0,3612.0,250466.0,9183254600.0
2019-05-31,3658.0,3598.0,3658.0,3568.0,200012.0,7222616500.0
2019-06-03,3589.0,3598.0,3617.0,3571.0,136002.0,4882934100.0
2019-06-04,3595.0,3623.0,3674.0,3580.0,241316.0,8757487500.0
2019-06-05,3606.0,3563.0,3625.0,3553.0,189030.0,6781907700.0
2019-06-06,3563.0,3515.0,3580.0,3510.0,156086.0,5523419400.0
2019-06-10,3510.0,3523.0,3529.0,3484.0,101482.0,3563421800.0
2019-06-11,3509.0,3502.0,3538.0,3493.0,118278.0,4153060500.0
2019-06-12,3506.0,3462.0,3514.0,3455.0,133118.0,4643926200.0
2019-06-13,3472.0,3481.0,3508.0,3465.0,162274.0,5655825900.0
2019-06-14,3480.0,3467.0,3514.0,3461.0,153458.0,5345352600.0
2019-06-17,3478.0,3492.0,3504.0,3440.0,147542.0,5136752600.0
2019-06-18,3493.0,3455.0,3494.0,3452.0,119954.0,4164397300.0
2019-06-19,3454.0,3458.0,3462.0,3418.0,169728.0,5842996100.0
2019-06-20,3456.0,3453.0,3471.0,3435.0,105422.0,3641180000.0
2019-06-21,3456.0,3440.0,3482.0,3433.0,123158.0,4262248900.0
2019-06-24,3431.0,3443.0,3450.0,3413.0,113540.0,3898267500.0
2019-06-25,3450.0,3472.0,3484.0,3442.0,119440.0,4136083700.0
2019-06-26,3467.0,3432.0,3479.0,3426.0,106046.0,3651882100.0
2019-06-27,3436.0,3430.0,3447.0,3417.0,86202.0,2956802300.0
2019-06-28,3428.0,3448.0,3459.0,3421.0,114926.0,3952552000.0
2019-07-01,3448.0,3389.0,3470.0,3365.0,155076.0,5288629400.0
2019-07-02,3390.0,3389.0,3397.0,3372.0,82108.0,2777301700.0
2019-07-03,3388.0,3411.0,3413.0,3381.0,91564.0,3112995800.0
2019-07-04,3411.0,3405.0,3430.0,3397.0,82440.0,2815976100.0
2019-07-05,3406.0,3437.0,3440.0,3395.0,86430.0,2955128700.0
2019-07-08,3437.0,3397.0,3438.0,3390.0,107640.0,3669098200.0
2019-07-09,3391.0,3401.0,3403.0,3366.0,96682.0,3272771700.0
2019-07-10,3400.0,3397.0,3423.0,3388.0,133236.0,4539245100.0
2019-07-11,3398.0,3390.0,3418.0,3385.0,101056.0,3435262900.0
2019-07-12,3388.0,3416.0,3427.0,3375.0,126486.0,4298429500.0
2019-07-15,3412.0,3439.0,3450.0,3409.0,132236.0,4539474600.0
2019-07-16,3430.0,3380.0,3434.0,3380.0,138814.0,4717730300.0
2019-07-17,3372.0,3376.0,3387.0,3355.0,117064.0,3947878700.0
2019-07-18,3376.0,3371.0,3398.0,3368.0,102320.0,3457669900.0
2019-07-19,3370.0,3384.0,3395.0,3368.0,75988.0,2570532000.0
2019-07-22,3386.0,3387.0,3395.0,3365.0,101828.0,3445029600.0
2019-07-23,3383.0,3387.0,3416.0,3383.0,126626.0,4304943700.0
2019-07-24,3384.0,3398.0,3406.0,3370.0,121088.0,4097165300.0
2019-07-25,3397.0,3402.0,3411.0,3393.0,89524.0,3046666000.0
2019-07-26,3397.0,3378.0,3399.0,3364.0,140094.0,4729185800.0
2019-07-29,3380.0,3374.0,3413.0,3365.0,131306.0,4442293200.0
2019-07-30,3371.0,3376.0,3396.0,3367.0,102890.0,3477434300.0
2019-07-31,3376.0,3383.0,3394.0,3370.0,78728.0,2664185400.0
2019-08-01,3388.0,3377.0,3389.0,3361.0,91682.0,3093316500.0
2019-08-02,3380.0,3368.0,3403.0,3302.0,274614.0,9241586700.0
2019-08-05,3370.0,3399.0,3422.0,3362.0,209840.0,7115682700.0
2019-08-06,3395.0,3377.0,3406.0,3371.0,131272.0,4448172700.0
2019-08-07,3377.0,3400.0,3403.0,3364.0,113252.0,3828671000.0
2019-08-08,3401.0,3376.0,3406.0,3374.0,91120.0,3087054600.0
2019-08-09,3375.0,3400.0,3402.0,3371.0,90858.0,3078554600.0
2019-08-12,3406.0,3404.0,3430.0,3386.0,120890.0,4117813400.0
2019-08-13,3456.0,3492.0,3492.0,3451.0,62518.0,2175322000.0
2019-08-14,3466.0,3448.0,3490.0,3396.0,95848.0,3308407600.0
2019-08-15,3450.0,3424.0,3456.0,3422.0,60424.0,2077506000.0
2019-08-16,3426.0,3407.0,3435.0,3396.0,101462.0,3464104000.0
2019-08-19,3407.0,3419.0,3423.0,3398.0,101710.0,3467657800.0
2019-08-20,3413.0,3431.0,3446.0,3409.0,127464.0,4371196900.0
2019-08-21,3425.0,3435.0,3442.0,3421.0,98822.0,3390641300.0
2019-08-22,3438.0,3430.0,3439.0,3416.0,104054.0,3564098300.0
2019-08-23,3430.0,3494.0,3500.0,3430.0,247848.0,8593702600.0
2019-08-26,3500.0,3542.0,3567.0,3480.0,211120.0,7449174300.0
2019-08-27,3532.0,3512.0,3560.0,3504.0,171286.0,6061538400.0
2019-08-28,3516.0,3517.0,3539.0,3508.0,105752.0,3725808800.0
2019-08-29,3517.0,3530.0,3537.0,3513.0,98476.0,3469687400.0
2019-08-30,3534.0,3529.0,3537.0,3495.0,133082.0,4683764400.0
2019-09-02,3533.0,3598.0,3630.0,3533.0,263364.0,9463192100.0
2019-09-03,3595.0,3584.0,3609.0,3560.0,133184.0,4779127000.0
2019-09-04,3583.0,3578.0,3610.0,3570.0,129264.0,4638602500.0
2019-09-05,3579.0,3531.0,3590.0,3518.0,151056.0,5365463300.0
2019-09-06,3536.0,3464.0,3546.0,3445.0,218376.0,7605226700.0
2019-09-09,3466.0,3440.0,3476.0,3437.0,137808.0,4766946900.0
2019-09-10,3444.0,3450.0,3459.0,3441.0,87126.0,3006101000.0
2019-09-11,3455.0,3425.0,3457.0,3414.0,125324.0,4301886600.0
2019-09-12,3425.0,3420.0,3433.0,3412.0,104700.0,3584215900.0
2019-09-16,3420.0,3440.0,3445.0,3402.0,102892.0,3527981600.0
2019-09-17,3436.0,3486.0,3498.0,3434.0,181316.0,6282256400.0
2019-09-18,3486.0,3483.0,3504.0,3462.0,160198.0,5578082000.0
2019-09-19,3483.0,3463.0,3489.0,3456.0,113570.0,3942716100.0
2019-09-20,3464.0,3429.0,3479.0,3425.0,138816.0,4777740900.0
2019-09-23,3430.0,3448.0,3454.0,3421.0,119488.0,4106481500.0
2019-09-24,3448.0,3426.0,3452.0,3408.0,127966.0,4386339200.0
2019-09-25,3423.0,3438.0,3444.0,3415.0,98752.0,3386869800.0
2019-09-26,3440.0,3402.0,3440.0,3392.0,128094.0,4369415300.0
2019-09-27,3401.0,3362.0,3410.0,3335.0,162154.0,5464025600.0
2019-09-30,3366.0,3350.0,3369.0,3326.0,121400.0,4062775000.0
2019-10-08,3357.0,3376.0,3393.0,3353.0,82682.0,2790743200.0
2019-10-09,3380.0,3410.0,3413.0,3376.0,110044.0,3736064400.0
2019-10-10,3410.0,3400.0,3416.0,3386.0,110564.0,3760776900.0
2019-10-11,3403.0,3438.0,3440.0,3393.0,120318.0,4113287100.0
2019-10-14,3433.0,3434.0,3435.0,3405.0,125984.0,4308001600.0
2019-10-15,3434.0,3426.0,3456.0,3410.0,118642.0,4070382700.0
2019-10-16,3426.0,3421.0,3431.0,3403.0,97788.0,3343412900.0
2019-10-17,3426.0,3416.0,3438.0,3385.0,132498.0,4516431300.0
2019-10-18,3416.0,3419.0,3435.0,3405.0,121584.0,4161210300.0
2019-10-21,3412.0,3430.0,3444.0,3398.0,153128.0,5242498400.0
2019-10-22,3436.0,3428.0,3438.0,3401.0,131608.0,4499352300.0
2019-10-23,3425.0,3407.0,3426.0,3366.0,190934.0,6481762600.0
2019-10-24,3401.0,3394.0,3409.0,3387.0,103162.0,3505615900.0
2019-10-25,3394.0,3396.0,3420.0,3386.0,136082.0,4625238700.0
2019-10-28,3400.0,3372.0,3405.0,3362.0,145568.0,4916898100.0
2019-10-29,3371.0,3379.0,3405.0,3365.0,124724.0,4227294100.0
2019-10-30,3382.0,3390.0,3401.0,3376.0,79084.0,2681885500.0
2019-10-31,3397.0,3393.0,3400.0,3385.0,82644.0,2804265600.0
2019-11-01,3388.0,3395.0,3405.0,3372.0,130014.0,4406251100.0
2019-11-04,3399.0,3389.0,3400.0,3372.0,126666.0,4286671300.0
2019-11-05,3386.0,3388.0,3398.0,3363.0,141226.0,4778760300.0
2019-11-06,3388.0,3390.0,3394.0,3336.0,267378.0,9007461800.0
2019-11-07,3394.0,3385.0,3414.0,3383.0,216812.0,7367899300.0
2019-11-08,3385.0,3382.0,3401.0,3371.0,125544.0,4248015900.0
2019-11-11,3386.0,3416.0,3435.0,3379.0,187086.0,6388474700.0
2019-11-12,3422.0,3412.0,3422.0,3404.0,110066.0,3756953500.0
2019-11-13,3412.0,3407.0,3416.0,3376.0,132046.0,4494168800.0
2019-11-14,3404.0,3403.0,3409.0,3383.0,129054.0,4380583400.0
2019-11-15,3403.0,3385.0,3413.0,3385.0,121066.0,4113998200.0
2019-11-18,3386.0,3392.0,3408.0,3382.0,129870.0,4410689800.0
2019-11-19,3392.0,3402.0,3407.0,3380.0,155096.0,5265046200.0
2019-11-20,3400.0,3406.0,3409.0,3373.0,200044.0,6788511600.0
2019-11-21,3406.0,3403.0,3411.0,3382.0,155810.0,5289411000.0
2019-11-22,3401.0,3390.0,3414.0,3389.0,123480.0,4201612600.0
2019-11-25,3387.0,3392.0,3401.0,3362.0,187612.0,6346175900.0
2019-11-26,3388.0,3379.0,3400.0,3375.0,116600.0,3947783100.0
2019-11-27,3375.0,3380.0,3384.0,3369.0,66578.0,2248300400.0
2019-11-28,3385.0,3355.0,3399.0,3355.0,125742.0,4254444600.0
2019-11-29,3360.0,3366.0,3376.0,3356.0,100596.0,3386235800.0
2019-12-02,3368.0,3385.0,3385.0,3366.0,97186.0,3281721400.0
2019-12-03,3389.0,3457.0,3460.0,3380.0,219960.0,7494550000.0
2019-12-04,3452.0,3478.0,3485.0,3431.0,175568.0,6070217100.0
2019-12-05,3848.0,3876.0,3884.0,3832.0,196652.0,7590937300.0
2019-12-06,3876.0,3880.0,3884.0,3858.0,139714.0,5408403900.0
2019-12-09,3880.0,3857.0,3891.0,3850.0,174388.0,6747368700.0
2019-12-10,3863.0,3880.0,3953.0,3845.0,403956.0,15786750300.0
2019-12-11,3880.0,3895.0,3901.0,3862.0,165240.0,6409383600.0
2019-12-12,3896.0,3878.0,3914.0,3868.0,133444.0,5183330800.0
2019-12-13,3874.0,3872.0,3916.0,3855.0,190750.0,7406295000.0
2019-12-16,3884.0,3849.0,3884.0,3830.0,142802.0,5508094200.0
2019-12-17,3854.0,3879.0,3893.0,3851.0,114716.0,4439311600.0
2019-12-18,3875.0,3850.0,3884.0,3839.0,110564.0,4262170500.0
2019-12-19,3850.0,3843.0,3863.0,3831.0,87152.0,3351768100.0
2019-12-20,3836.0,3838.0,3849.0,3820.0,96396.0,3696366400.0
2019-12-23,3839.0,3856.0,3895.0,3830.0,165324.0,6397656200.0
2019-12-24,3851.0,3806.0,3864.0,3798.0,173152.0,6617539900.0
2019-12-25,3811.0,3822.0,3826.0,3801.0,65474.0,2496684200.0
2019-12-26,3818.0,3823.0,3828.0,3813.0,42878.0,1637616500.0
2019-12-27,3820.0,3831.0,3852.0,3809.0,106354.0,4071941400.0
2019-12-30,3815.0,3841.0,3850.0,3815.0,78754.0,3020457000.0
2019-12-31,3838.0,3857.0,3885.0,3836.0,147030.0,5681176800.0
2020-01-02,3856.0,3861.0,3876.0,3847.0,29163.0,1127113900.0
2020-01-03,3861.0,3877.0,3893.0,3860.0,41752.0,1619675500.0
2020-01-06,3873.0,3909.0,3911.0,3864.0,47803.0,1858201700.0
2020-01-07,3915.0,3916.0,3943.0,3906.0,56399.0,2212794900.0
2020-01-08,3916.0,3954.0,3965.0,3907.0,52739.0,2076305700.0
2020-01-09,3950.0,4029.0,4038.0,3947.0,114346.0,4573868100.0
2020-01-10,4029.0,4092.0,4129.0,4024.0,209291.0,8538766600.0
2020-01-13,4088.0,4111.0,4148.0,4079.0,127479.0,5248734000.0
2020-01-14,4116.0,4138.0,4139.0,4095.0,78412.0,3229478700.0
2020-01-15,4142.0,4130.0,4145.0,4105.0,83427.0,3438961100.0
2020-01-16,4125.0,4094.0,4144.0,4073.0,120521.0,4945310300.0
2020-01-17,4092.0,4100.0,4118.0,4076.0,100530.0,4118102500.0
2020-01-20,4105.0,4097.0,4112.0,4076.0,77070.0,3156629700.0
2020-01-21,4081.0,4047.0,4107.0,4042.0,108083.0,4399635600.0
2020-01-22,4047.0,4092.0,4095.0,4033.0,69631.0,2823906900.0
2020-01-23,4089.0,4060.0,4096.0,4043.0,64589.0,2625636400.0
2020-02-03,3959.0,3963.0,4016.0,3900.0,73993.0,2933740800.0
2020-02-04,3963.0,4024.0,4035.0,3962.0,60565.0,2427300200.0
2020-02-05,4016.0,3992.0,4035.0,3987.0,44848.0,1795580600.0
2020-02-06,3990.0,4032.0,4042.0,3975.0,46772.0,1879448700.0
2020-02-07,4034.0,4040.0,4055.0,4008.0,45167.0,1820501900.0
2020-02-10,4045.0,4170.0,4190.0,4033.0,207987.0,8594422200.0
2020-02-11,4165.0,4157.0,4204.0,4148.0,147263.0,6143551600.0
2020-02-12,4160.0,4159.0,4184.0,4122.0,107113.0,4453220700.0
2020-02-13,4166.0,4149.0,4238.0,4138.0,245247.0,10273038300.0
2020-02-14,4149.0,4139.0,4157.0,4121.0,85899.0,3555557000.0
2020-02-17,4143.0,4154.0,4179.0,4120.0,99046.0,4107473400.0
2020-02-18,4138.0,4146.0,4168.0,4131.0,75260.0,3122599200.0
2020-02-19,4153.0,4191.0,4197.0,4140.0,110591.0,4612617400.0
2020-02-20,4191.0,4104.0,4216.0,4101.0,160063.0,6621937600.0
2020-02-21,4100.0,4136.0,4137.0,4085.0,110547.0,4544370700.0
2020-02-24,4137.0,4119.0,4150.0,4106.0,80738.0,3331240500.0
2020-02-25,4115.0,4131.0,4145.0,4103.0,115309.0,4756292600.0
2020-02-26,4122.0,4171.0,4179.0,4122.0,153800.0,6388652800.0
2020-02-27,4171.0,4171.0,4185.0,4152.0,104291.0,4345638900.0
2020-02-28,4171.0,4078.0,4218.0,4073.0,249698.0,10402050600.0
2020-03-02,4081.0,4157.0,4178.0,4081.0,166441.0,6881837000.0
2020-03-03,4166.0,4161.0,4185.0,4136.0,102334.0,4252609300.0
2020-03-04,4166.0,4203.0,4210.0,4142.0,172966.0,7231449200.0
2020-03-05,4203.0,4252.0,4260.0,4192.0,241529.0,10238291300.0
2020-03-06,4237.0,4218.0,4248.0,4198.0,155508.0,6568371900.0
2020-03-09,4175.0,4147.0,4211.0,4079.0,278610.0,11536436300.0
2020-03-10,4147.0,4193.0,4200.0,4134.0,140354.0,5849543800.0
2020-03-11,4177.0,4180.0,4196.0,4171.0,79416.0,3322023000.0
2020-03-12,4173.0,4147.0,4173.0,4119.0,119207.0,4944254500.0
2020-03-13,4130.0,4164.0,4179.0,4046.0,198344.0,8169933600.0
2020-03-16,4148.0,4226.0,4248.0,4146.0,192969.0,8141120580.0
2020-03-17,4200.0,4253.0,4270.0,4178.0,186046.0,7869258750.0
2020-03-18,4248.0,4315.0,4319.0,4245.0,201409.0,8644945870.0
2020-03-19,4315.0,4360.0,4371.0,4271.0,262847.0,11374930620.0
2020-03-20,4374.0,4297.0,4400.0,4288.0,184532.0,7986294360.0
2020-03-23,4297.0,4317.0,4369.0,4287.0,189095.0,8181783620.0
2020-03-24,4344.0,4404.0,4406.0,4300.0,176732.0,7674166110.0
2020-03-25,4414.0,4501.0,4507.0,4387.0,222319.0,9888862110.0
2020-03-26,4491.0,4621.0,4625.0,4476.0,363683.0,16644134270.0
2020-03-27,4625.0,4696.0,4788.0,4625.0,580672.0,27315029370.0
2020-03-30,4750.0,4914.0,4918.0,4730.0,437505.0,21171926860.0
2020-03-31,4919.0,4866.0,4947.0,4827.0,354702.0,17287003800.0
2020-04-01,4866.0,4814.0,4885.0,4723.0,350297.0,16813326330.0
2020-04-02,4813.0,4856.0,4911.0,4763.0,271615.0,13146292620.0
2020-04-03,4867.0,4848.0,4885.0,4781.0,182103.0,8784307840.0
2020-04-07,4878.0,4783.0,4935.0,4760.0,149178.0,7169320210.0
2020-04-08,4770.0,4836.0,4850.0,4740.0,110085.0,5273624440.0
2020-04-09,4519.0,4533.0,4573.0,4516.0,147729.0,6716017170.0
2020-04-10,4531.0,4529.0,4562.0,4482.0,194562.0,8791067460.0
2020-04-13,4560.0,4504.0,4624.0,4498.0,192534.0,8735381030.0
2020-04-14,4500.0,4545.0,4567.0,4464.0,230780.0,10437421970.0
2020-04-15,4552.0,4718.0,4730.0,4533.0,363955.0,16983473690.0
2020-04-16,4718.0,4633.0,4727.0,4608.0,245875.0,11441294120.0
2020-04-17,4638.0,4689.0,4693.0,4600.0,223788.0,10425614390.0
2020-04-20,4699.0,4612.0,4779.0,4602.0,290621.0,13568789060.0
2020-04-21,4629.0,4605.0,4629.0,4548.0,230760.0,10599976220.0
2020-04-22,4605.0,4634.0,4645.0,4554.0,231520.0,10657695210.0
2020-04-23,4634.0,4623.0,4669.0,4604.0,193845.0,8970513700.0
2020-04-24,4635.0,4662.0,4667.0,4612.0,169912.0,7880327690.0
2020-04-27,4651.0,4624.0,4671.0,4594.0,164694.0,7619140470.0
2020-04-28,4629.0,4625.0,4648.0,4604.0,125331.0,5801478150.0
2020-04-29,4625.0,4624.0,4654.0,4611.0,115464.0,5345730270.0
2020-04-30,4619.0,4549.0,4636.0,4512.0,287821.0,13141118360.0
2020-05-06,4566.0,4583.0,4590.0,4480.0,219015.0,9945032720.0
2020-05-07,4578.0,4563.0,4594.0,4540.0,218705.0,9983986680.0
2020-05-08,4545.0,4570.0,4587.0,4545.0,142323.0,6507121690.0
2020-05-11,4583.0,4540.0,4628.0,4493.0,256431.0,11660077900.0
2020-05-12,4535.0,4549.0,4559.0,4515.0,146489.0,6655087310.0
2020-05-13,4549.0,4544.0,4566.0,4518.0,161932.0,7356990780.0
2020-05-14,4544.0,4401.0,4547.0,4388.0,356927.0,15952426700.0
2020-05-15,4405.0,4358.0,4411.0,4328.0,310405.0,13567853670.0
2020-05-18,4350.0,4281.0,4368.0,4271.0,276285.0,11893867550.0
2020-05-19,4276.0,4276.0,4326.0,4249.0,276725.0,11875729260.0
2020-05-20,4271.0,4234.0,4299.0,4217.0,207638.0,8827655260.0
2020-05-21,4244.0,4332.0,4350.0,4231.0,283633.0,12166104630.0
2020-05-22,4332.0,4420.0,4463.0,4315.0,468126.0,20596992750.0
2020-05-25,4425.0,4423.0,4482.0,4397.0,265934.0,11772707020.0
2020-05-26,4423.0,4427.0,4454.0,4412.0,191704.0,8496412180.0
2020-05-27,4432.0,4556.0,4556.0,4414.0,306619.0,13771988380.0
2020-05-28,4550.0,4543.0,4581.0,4505.0,290813.0,13222011720.0
2020-05-29,4542.0,4551.0,4578.0,4509.0,206594.0,9398409180.0
2020-06-01,4551.0,4544.0,4647.0,4487.0,317940.0,14545536410.0
2020-06-02,4549.0,4532.0,4564.0,4513.0,166599.0,7563027950.0
2020-06-03,4514.0,4442.0,4560.0,4438.0,285954.0,12875315150.0
2020-06-04,4448.0,4459.0,4482.0,4416.0,223461.0,9941803080.0
2020-06-05,4459.0,4349.0,4464.0,4344.0,295487.0,12984852380.0
2020-06-08,4346.0,4556.0,4562.0,4330.0,467947.0,20855683290.0
2020-06-09,4556.0,4551.0,4608.0,4523.0,393124.0,17933400680.0
2020-06-10,4547.0,4697.0,4724.0,4543.0,627481.0,29254557180.0
2020-06-11,4706.0,4725.0,4730.0,4666.0,389872.0,18305000390.0
2020-06-12,4718.0,4697.0,4777.0,4647.0,562682.0,26449624700.0
2020-06-15,4705.0,4779.0,4799.0,4686.0,457782.0,21749525660.0
2020-06-16,4768.0,4807.0,4827.0,4753.0,391042.0,18714416340.0
2020-06-17,4808.0,4814.0,4818.0,4776.0,173204.0,8313154880.0
2020-06-18,4817.0,4869.0,4876.0,4804.0,230100.0,11135064270.0
2020-06-19,4873.0,4835.0,4920.0,4815.0,357622.0,17392606970.0
2020-06-22,4825.0,4804.0,4848.0,4763.0,318823.0,15295541630.0
2020-06-23,4797.0,4729.0,4815.0,4718.0,271506.0,12907921710.0
2020-06-24,4730.0,4708.0,4748.0,4660.0,303410.0,14255155240.0
2020-06-29,4698.0,4839.0,4858.0,4670.0,273937.0,13145071860.0
2020-06-30,4845.0,4871.0,4879.0,4801.0,305654.0,14790783410.0
2020-07-01,4871.0,4848.0,4912.0,4833.0,325006.0,15842524880.0
2020-07-02,4859.0,4883.0,4905.0,4838.0,269123.0,13112109730.0
2020-07-03,4888.0,4774.0,4933.0,4770.0,424451.0,20589498050.0
2020-07-06,4775.0,4794.0,4825.0,4755.0,281584.0,13480680840.0
2020-07-07,4794.0,4719.0,4820.0,4706.0,331437.0,15733017240.0
2020-07-08,4718.0,4737.0,4763.0,4696.0,292653.0,13853603210.0
2020-07-09,4737.0,4846.0,4849.0,4728.0,326856.0,15686915050.0
2020-07-10,4846.0,4754.0,4853.0,4728.0,238064.0,11384680160.0
2020-07-13,4758.0,4743.0,4807.0,4728.0,262655.0,12518932980.0
2020-07-14,4728.0,4702.0,4755.0,4676.0,253829.0,11966368360.0
2020-07-15,4712.0,4772.0,4829.0,4686.0,329934.0,15691034900.0
2020-07-16,4768.0,4705.0,4806.0,4692.0,316505.0,15044358880.0
2020-07-17,4705.0,4742.0,4774.0,4700.0,224583.0,10628433880.0
2020-07-20,4742.0,4661.0,4770.0,4638.0,251156.0,11770946980.0
2020-07-21,4642.0,4624.0,4668.0,4609.0,210786.0,9778824000.0
2020-07-22,4634.0,4670.0,4750.0,4554.0,390979.0,18163724940.0
2020-07-23,4675.0,4589.0,4727.0,4562.0,330622.0,15354407760.0
2020-07-24,4589.0,4567.0,4627.0,4520.0,230498.0,10563146520.0
2020-07-27,4572.0,4621.0,4671.0,4514.0,306613.0,14074575290.0
2020-07-28,4622.0,4649.0,4678.0,4568.0,249870.0,11547787770.0
2020-07-29,4653.0,4707.0,4720.0,4636.0,268144.0,12555939310.0
2020-07-30,4702.0,4710.0,4728.0,4673.0,145944.0,6861237590.0
2020-07-31,4708.0,4761.0,4813.0,4692.0,280587.0,13354126810.0
2020-08-03,4756.0,4788.0,4799.0,4740.0,147215.0,7025196510.0
2020-08-04,4788.0,4789.0,4810.0,4753.0,145216.0,6940680460.0
2020-08-05,4800.0,4644.0,4800.0,4611.0,262646.0,12299818150.0
2020-08-06,4649.0,4663.0,4679.0,4641.0,129315.0,6028501050.0
2020-08-07,4663.0,4727.0,4772.0,4591.0,276229.0,12952078630.0
2020-08-10,4725.0,4711.0,4775.0,4667.0,196165.0,9260775270.0
2020-08-11,4727.0,4755.0,4767.0,4696.0,128041.0,6065003880.0
2020-08-12,4754.0,4664.0,4762.0,4639.0,157109.0,7373017320.0
2020-08-13,4683.0,4677.0,4730.0,4646.0,132230.0,6201128950.0
2020-08-14,4680.0,4700.0,4728.0,4653.0,105509.0,4953125860.0
2020-08-17,4680.0,4654.0,4694.0,4612.0,127955.0,5962985150.0
2020-08-18,4651.0,4658.0,4693.0,4634.0,90362.0,4214286580.0
2020-08-19,4339.0,4482.0,4487.0,4330.0,335927.0,14881640700.0
2020-08-20,4490.0,4502.0,4559.0,4445.0,336666.0,15149099010.0
2020-08-21,4505.0,4488.0,4538.0,4466.0,210000.0,9460149570.0
2020-08-24,4485.0,4416.0,4533.0,4414.0,256780.0,11474119380.0
2020-08-25,4417.0,4383.0,4439.0,4378.0,183019.0,8083200780.0
2020-08-26,4385.0,4382.0,4406.0,4358.0,173924.0,7620700330.0
2020-08-27,4393.0,4379.0,4450.0,4373.0,215020.0,9480850740.0
2020-08-28,4386.0,4398.0,4412.0,4366.0,187586.0,8226540840.0
2020-08-31,4402.0,4424.0,4442.0,4381.0,186446.0,8223816760.0
2020-09-01,4429.0,4442.0,4468.0,4401.0,208617.0,9252608760.0
2020-09-02,4444.0,4408.0,4453.0,4388.0,160663.0,7102331080.0
2020-09-03,4408.0,4402.0,4443.0,4388.0,155649.0,6871235690.0
2020-09-04,4410.0,4548.0,4549.0,4403.0,322144.0,14431688670.0
2020-09-07,4535.0,4494.0,4545.0,4473.0,208751.0,9413989980.0
2020-09-08,4494.0,4460.0,4522.0,4452.0,180390.0,8088128640.0
2020-09-09,4460.0,4462.0,4502.0,4431.0,174219.0,7774915200.0
2020-09-10,4516.0,4439.0,4516.0,4436.0,133852.0,5966542300.0
2020-09-11,4445.0,4459.0,4472.0,4384.0,215211.0,9530339580.0
2020-09-14,4466.0,4502.0,4516.0,4452.0,181839.0,8157735040.0
2020-09-15,4492.0,4590.0,4599.0,4492.0,341081.0,15540004480.0
2020-09-16,4590.0,4539.0,4603.0,4523.0,180682.0,8229108060.0
2020-09-17,4545.0,4578.0,4618.0,4540.0,217718.0,9976952140.0
2020-09-18,4578.0,4603.0,4642.0,4565.0,197490.0,9097281590.0
2020-09-21,4592.0,4578.0,4625.0,4568.0,168130.0,7721864290.0
2020-09-22,4570.0,4520.0,4580.0,4492.0,205667.0,9331045330.0
2020-09-23,4542.0,4462.0,4552.0,4456.0,171012.0,7699371330.0
2020-09-24,4465.0,4517.0,4559.0,4458.0,175179.0,7889703010.0
2020-09-25,4517.0,4513.0,4534.0,4482.0,151068.0,6813036460.0
2020-09-28,4513.0,4506.0,4528.0,4472.0,164986.0,7428334850.0
2020-09-29,4516.0,4376.0,4519.0,4353.0,247306.0,10913122120.0
2020-09-30,4375.0,4360.0,4396.0,4347.0,145975.0,6380428810.0
2020-10-09,4465.0,4524.0,4536.0,4401.0,135932.0,6089066390.0
2020-10-12,4524.0,4572.0,4603.0,4489.0,146292.0,6646426750.0
2020-10-13,4572.0,4535.0,4592.0,4504.0,127828.0,5794191580.0
2020-10-14,4540.0,4543.0,4551.0,4511.0,109720.0,4971069520.0
2020-10-15,4545.0,4549.0,4577.0,4522.0,136418.0,6207590220.0
2020-10-16,4531.0,4686.0,4699.0,4511.0,295780.0,13695449860.0
2020-10-19,4688.0,4816.0,4907.0,4644.0,311108.0,14924380910.0
2020-10-20,4816.0,4892.0,4943.0,4816.0,298741.0,14594580480.0
2020-10-21,4890.0,4778.0,4899.0,4718.0,298825.0,14400619830.0
2020-10-22,4754.0,4749.0,4768.0,4678.0,209882.0,9924391420.0
2020-10-23,4749.0,4734.0,4779.0,4713.0,189673.0,8996193590.0
2020-10-26,4756.0,4835.0,4851.0,4732.0,204010.0,9803910810.0
2020-10-27,4821.0,4875.0,4878.0,4820.0,165933.0,8049568010.0
2020-10-28,4877.0,4974.0,4980.0,4862.0,271148.0,13326885540.0
2020-10-29,4945.0,5000.0,5012.0,4921.0,288982.0,14377196320.0
2020-10-30,4990.0,5061.0,5168.0,4982.0,425796.0,21625924910.0
2020-11-02,5061.0,5112.0,5179.0,4988.0,329534.0,16786039870.0
2020-11-03,5112.0,5124.0,5149.0,5063.0,211341.0,10787021650.0
2020-11-04,5124.0,5166.0,5185.0,5104.0,244717.0,12579195940.0
2020-11-05,5172.0,5244.0,5255.0,5142.0,272302.0,14137785040.0
2020-11-06,5242.0,5222.0,5288.0,5169.0,325033.0,16977810350.0
2020-11-09,5228.0,5152.0,5299.0,5118.0,346351.0,18013120220.0
2020-11-10,5200.0,5250.0,5277.0,5170.0,279391.0,14615439240.0
2020-11-11,5256.0,5327.0,5338.0,5241.0,268710.0,14217161910.0
2020-11-12,5321.0,5315.0,5345.0,5304.0,175655.0,9353735450.0
2020-11-13,5325.0,5342.0,5359.0,5256.0,243347.0,12905869780.0
2020-11-16,5350.0,5332.0,5388.0,5318.0,195334.0,10437969920.0
2020-11-17,5325.0,5385.0,5399.0,5320.0,199561.0,10693745440.0
2020-11-18,5391.0,5362.0,5416.0,5331.0,220761.0,11865390380.0
2020-11-19,5316.0,5283.0,5388.0,5261.0,292023.0,15569209770.0
2020-11-20,5258.0,5281.0,5296.0,5231.0,205230.0,10799948260.0
2020-11-23,5280.0,5369.0,5402.0,5274.0,245187.0,13137614000.0
2020-11-24,5375.0,5395.0,5407.0,5341.0,183821.0,9881843520.0
2020-11-25,5390.0,5448.0,5458.0,5365.0,192382.0,10421001380.0
2020-11-26,5448.0,5488.0,5493.0,5425.0,164011.0,8947617520.0
2020-11-27,5488.0,5567.0,5574.0,5477.0,224319.0,12402879220.0
2020-11-30,5567.0,5639.0,5668.0,5554.0,236281.0,13285688170.0
2020-12-01,5629.0,5646.0,5698.0,5574.0,217786.0,12253446410.0
2020-12-02,5654.0,5721.0,5733.0,5614.0,203160.0,11499844230.0
2020-12-03,5690.0,5590.0,5704.0,5562.0,257124.0,14448767210.0
2020-12-04,5594.0,5480.0,5608.0,5452.0,221497.0,12233456640.0
2020-12-07,5481.0,5513.0,5548.0,5466.0,149020.0,8207687660.0
2020-12-08,5513.0,5480.0,5526.0,5430.0,148783.0,8166202080.0
2020-12-09,5486.0,5484.0,5632.0,5456.0,209986.0,11636304660.0
2020-12-10,5490.0,5565.0,5582.0,5467.0,149206.0,8233621920.0
2020-12-11,5565.0,5625.0,5663.0,5482.0,153138.0,8533415300.0
2020-12-14,5625.0,5328.0,5631.0,5295.0,204236.0,11059722520.0
2020-12-15,5296.0,5249.0,5351.0,5175.0,163215.0,8592617330.0
2020-12-16,5242.0,5230.0,5277.0,5210.0,73537.0,3852033190.0
2020-12-17,5229.0,5289.0,5324.0,5215.0,101368.0,5356769570.0
2020-12-18,5275.0,5322.0,5350.0,5270.0,111189.0,5908447020.0
2020-12-21,5322.0,5505.0,5578.0,5282.0,185366.0,10116979430.0
2020-12-22,5500.0,5599.0,5647.0,5478.0,230125.0,12823459880.0
2020-12-23,5638.0,5587.0,5638.0,5537.0,198252.0,11058654870.0
2020-12-24,5620.0,5690.0,5710.0,5575.0,219786.0,12397457490.0
2020-12-25,5700.0,5696.0,5704.0,5629.0,139027.0,7886254850.0
2020-12-28,5696.0,5680.0,5753.0,5600.0,219606.0,12509344870.0
2020-12-29,5690.0,5671.0,5698.0,5643.0,183842.0,10429846910.0
2020-12-30,5678.0,5742.0,5808.0,5661.0,263849.0,15138602790.0
2020-12-31,5732.0,5774.0,5818.0,5728.0,174365.0,10065253400.0
2021-01-04,5800.0,5741.0,5841.0,5713.0,119935.0,6908134750.0
2021-01-05,5723.0,5781.0,5798.0,5655.0,182386.0,10452190810.0
2021-01-06,5790.0,5846.0,5850.0,5755.0,172443.0,10010581720.0
2021-01-07,5848.0,5832.0,5873.0,5805.0,107238.0,6257605830.0
2021-01-08,5832.0,5841.0,5896.0,5815.0,138818.0,8117954940.0
2021-01-11,5853.0,5954.0,5987.0,5827.0,196966.0,11666482840.0
2021-01-12,5954.0,5861.0,5964.0,5829.0,157950.0,9281622560.0
2021-01-13,5871.0,5840.0,5985.0,5809.0,173902.0,10233957070.0
2021-01-14,5850.0,5655.0,5859.0,5632.0,257711.0,14712077660.0
2021-01-15,5648.0,5691.0,5800.0,5648.0,138090.0,7869322010.0
2021-01-18,5691.0,5769.0,5783.0,5636.0,165584.0,9484489170.0
2021-01-19,5770.0,5802.0,5836.0,5763.0,153753.0,8918919040.0
2021-01-20,5802.0,5672.0,5817.0,5617.0,211502.0,12076140410.0
2021-01-21,5653.0,5808.0,5815.0,5650.0,198094.0,11385814330.0
2021-01-22,5815.0,5749.0,5819.0,5713.0,161408.0,9302332230.0
2021-01-25,5743.0,5600.0,5745.0,5582.0,209208.0,11834320290.0
2021-01-26,5600.0,5639.0,5708.0,5596.0,131206.0,7406783740.0
2021-01-27,5656.0,5658.0,5699.0,5640.0,129978.0,7360970100.0
2021-01-28,5677.0,5673.0,5726.0,5583.0,197761.0,11196430540.0
2021-01-29,5692.0,5717.0,5731.0,5606.0,190225.0,10781218780.0
2021-02-01,5711.0,5629.0,5751.0,5617.0,186877.0,10615841570.0
2021-02-02,5629.0,5556.0,5646.0,5550.0,165068.0,9242906810.0
2021-02-03,5550.0,5584.0,5596.0,5457.0,218109.0,12051695160.0
2021-02-04,5584.0,5643.0,5646.0,5550.0,165586.0,9257170470.0
2021-02-05,5643.0,5800.0,5802.0,5638.0,195169.0,11180060750.0
2021-02-08,5800.0,5783.0,5803.0,5750.0,121745.0,7038518840.0
2021-02-09,5800.0,5879.0,5906.0,5750.0,165201.0,9654888860.0
2021-02-10,5873.0,5829.0,5879.0,5800.0,109808.0,6411548090.0
2021-02-18,5806.0,5890.0,5939.0,5802.0,101699.0,5965353970.0
2021-02-19,5889.0,5930.0,5932.0,5836.0,112370.0,6623373530.0
2021-02-22,5940.0,5878.0,5966.0,5816.0,159786.0,9417221230.0
2021-02-23,5856.0,5937.0,5999.0,5854.0,189502.0,11208379270.0
2021-02-24,5937.0,5985.0,6021.0,5925.0,154646.0,9242982860.0
2021-02-25,5985.0,5989.0,6028.0,5950.0,122040.0,7306021680.0
2021-02-26,5994.0,5873.0,6019.0,5852.0,192665.0,11393261400.0
2021-03-01,5873.0,6038.0,6058.0,5863.0,190162.0,11393236200.0
2021-03-02,6038.0,6084.0,6096.0,5984.0,191163.0,11553201380.0
2021-03-03,6084.0,6249.0,6281.0,6084.0,253685.0,15744787230.0
2021-03-04,6249.0,6269.0,6316.0,6207.0,190075.0,11890755930.0
2021-03-05,6279.0,6293.0,6335.0,6236.0,204626.0,12861950050.0
2021-03-08,6300.0,6200.0,6375.0,6155.0,293458.0,18357375450.0
2021-03-09,6200.0,6141.0,6210.0,6102.0,155802.0,9595618790.0
2021-03-10,6141.0,6138.0,6203.0,6070.0,164662.0,10115986750.0
2021-03-11,6130.0,6130.0,6175.0,6034.0,184107.0,11232232830.0
2021-03-12,6133.0,6122.0,6155.0,6042.0,144397.0,8820824140.0
2021-03-15,6108.0,5956.0,6122.0,5916.0,205296.0,12316867340.0
2021-03-16,5946.0,5882.0,6001.0,5872.0,146297.0,8658247570.0
2021-03-17,5882.0,5831.0,5911.0,5805.0,145291.0,8486856400.0
2021-03-18,5817.0,5666.0,5821.0,5646.0,198810.0,11384047250.0
2021-03-19,5654.0,5683.0,5772.0,5618.0,229989.0,13125149020.0
2021-03-22,5686.0,5696.0,5758.0,5665.0,105677.0,6035373160.0
2021-03-23,5696.0,5787.0,5814.0,5646.0,155646.0,8951448200.0
2021-03-24,5770.0,5876.0,5896.0,5760.0,166727.0,9739020930.0
2021-03-25,5886.0,5802.0,5896.0,5783.0,156104.0,9099755010.0
2021-03-26,5802.0,5640.0,5805.0,5535.0,273022.0,15463105240.0
2021-03-29,5640.0,5671.0,5688.0,5595.0,125284.0,7065639810.0
2021-03-30,5669.0,5706.0,5718.0,5623.0,152420.0,8662100030.0
2021-03-31,5706.0,5732.0,5775.0,5625.0,213464.0,12176957220.0
2021-04-01,5741.0,5780.0,6000.0,5730.0,224335.0,13053823940.0
2021-04-02,5745.0,5766.0,5803.0,5733.0,118784.0,6847765930.0
2021-04-06,5746.0,5632.0,5793.0,5596.0,147851.0,8352932690.0
2021-04-07,5697.0,5628.0,5699.0,5610.0,96508.0,5443299220.0
2021-04-08,5628.0,5619.0,5655.0,5564.0,149269.0,8382902150.0
2021-04-09,5589.0,5560.0,5623.0,5523.0,140060.0,7820133290.0
2021-04-12,5560.0,5579.0,5600.0,5436.0,213655.0,11812836330.0
2021-04-13,5579.0,5763.0,5770.0,5505.0,234905.0,13273936280.0
2021-04-14,5768.0,5833.0,5840.0,5705.0,137582.0,7937553880.0
2021-04-15,5828.0,5866.0,5875.0,5795.0,112641.0,6575345610.0
2021-04-16,5880.0,5893.0,5922.0,5830.0,118106.0,6945312970.0
2021-04-19,5893.0,5801.0,5929.0,5744.0,147583.0,8578603950.0
2021-04-20,5795.0,5736.0,5874.0,5678.0,127754.0,7376210000.0
2021-04-21,5794.0,5771.0,5864.0,5755.0,101671.0,5899078880.0
2021-04-22,5756.0,5949.0,5977.0,5729.0,185349.0,10895544470.0
2021-04-23,5950.0,5990.0,6029.0,5902.0,163328.0,9764591510.0
2021-04-26,6025.0,5963.0,6124.0,5938.0,215020.0,12923497030.0
2021-04-27,5980.0,5928.0,5997.0,5904.0,146648.0,8736877070.0
2021-04-28,5950.0,5923.0,5956.0,5848.0,122528.0,7236035580.0
2021-04-29,5928.0,5904.0,5972.0,5854.0,156932.0,9261130290.0
2021-04-30,5904.0,5809.0,5927.0,5802.0,155764.0,9094319710.0
2021-05-06,5850.0,6053.0,6073.0,5850.0,151360.0,9025025350.0
2021-05-07,6055.0,6086.0,6120.0,6041.0,133213.0,8094781030.0
2021-05-10,6118.0,6103.0,6197.0,6076.0,196119.0,12038687360.0
2021-05-11,6120.0,6163.0,6195.0,6076.0,135449.0,8315166540.0
2021-05-12,6163.0,6266.0,6272.0,6154.0,169164.0,10532055410.0
2021-05-13,6263.0,6244.0,6292.0,6140.0,198616.0,12375504260.0
2021-05-14,6233.0,6196.0,6246.0,6101.0,214818.0,13258120990.0
2021-05-17,6230.0,6206.0,6269.0,6160.0,187697.0,11656186730.0
2021-05-18,6206.0,6192.0,6232.0,6181.0,123370.0,7652023290.0
2021-05-19,6192.0,6103.0,6198.0,6091.0,152693.0,9368613320.0
2021-05-20,6082.0,5978.0,6086.0,5934.0,197527.0,11831755000.0
2021-05-21,5958.0,5913.0,5978.0,5880.0,165297.0,9813856160.0
2021-05-24,5913.0,5864.0,5932.0,5824.0,155660.0,9154687860.0
2021-05-25,5834.0,5852.0,5985.0,5827.0,205046.0,12105246250.0
2021-05-26,5831.0,5715.0,5848.0,5707.0,188232.0,10888482720.0
2021-05-27,5700.0,5673.0,5764.0,5651.0,157350.0,8981530370.0
2021-05-28,5673.0,5701.0,5795.0,5660.0,157775.0,9040740520.0
2021-05-31,5670.0,5700.0,5789.0,5637.0,216990.0,12406963830.0
2021-06-01,5700.0,5786.0,5797.0,5676.0,167778.0,9637122070.0
2021-06-02,5801.0,5850.0,5876.0,5791.0,154149.0,9000873530.0
2021-06-03,5850.0,5882.0,5940.0,5847.0,166675.0,9817322840.0
2021-06-04,5882.0,5879.0,5913.0,5755.0,186823.0,10931207660.0
2021-06-07,5900.0,5909.0,5945.0,5864.0,147192.0,8685836020.0
2021-06-08,5910.0,5828.0,5927.0,5781.0,176645.0,10316794610.0
2021-06-09,5828.0,5783.0,5866.0,5770.0,142075.0,8258424320.0
2021-06-10,5752.0,5710.0,5784.0,5696.0,181076.0,10386049880.0
2021-06-11,5700.0,5712.0,5739.0,5673.0,158111.0,9018190080.0
2021-06-15,5625.0,5633.0,5677.0,5504.0,215315.0,12013511600.0
2021-06-16,5655.0,5594.0,5656.0,5573.0,141932.0,7953555650.0
2021-06-17,5600.0,5674.0,5690.0,5557.0,182516.0,10269697100.0
2021-06-18,5673.0,5606.0,5674.0,5501.0,226427.0,12676796220.0
2021-06-21,5646.0,5654.0,5683.0,5583.0,164231.0,9251698450.0
2021-06-22,5654.0,5723.0,5796.0,5630.0,155972.0,8901637060.0
2021-06-23,5723.0,5758.0,5769.0,5718.0,116193.0,6675994100.0
2021-06-24,5728.0,5636.0,5789.0,5623.0,167961.0,9574924320.0
2021-06-25,5635.0,5617.0,5666.0,5581.0,135919.0,7646314580.0
2021-06-28,5600.0,5583.0,5637.0,5525.0,202874.0,11324907150.0
2021-06-29,5538.0,5533.0,5551.0,5461.0,275443.0,15134467440.0
2021-06-30,5545.0,5561.0,5570.0,5522.0,136490.0,7569569390.0
2021-07-01,5530.0,5657.0,5720.0,5530.0,204274.0,11504204420.0
2021-07-02,5700.0,5745.0,5785.0,5670.0,157138.0,9000258670.0
2021-07-05,5745.0,5823.0,5843.0,5718.0,163762.0,9456377740.0
2021-07-06,5849.0,5877.0,5890.0,5839.0,128141.0,7515956500.0
2021-07-07,5903.0,5869.0,5917.0,5796.0,166444.0,9741953210.0
2021-07-08,5866.0,5904.0,5911.0,5826.0,147441.0,8658287090.0
2021-07-09,5911.0,5944.0,5959.0,5870.0,188607.0,11160774730.0
2021-07-12,5950.0,5959.0,5990.0,5874.0,189805.0,11272236600.0
2021-07-13,5959.0,5944.0,5996.0,5908.0,152941.0,9100250710.0
2021-07-14,5950.0,5930.0,5981.0,5881.0,156485.0,9294981160.0
2021-07-15,5930.0,5828.0,5931.0,5806.0,163127.0,9571147720.0
2021-07-16,5828.0,5944.0,5948.0,5815.0,136880.0,8019382180.0
2021-07-19,5958.0,5723.0,6007.0,5700.0,186875.0,11110205610.0
2021-07-20,5755.0,5698.0,5860.0,5661.0,224923.0,12881506630.0
2021-07-21,5698.0,5656.0,5739.0,5637.0,135264.0,7687854830.0
2021-07-22,5693.0,5627.0,5693.0,5623.0,122062.0,6896820090.0
2021-07-23,5627.0,5676.0,5698.0,5602.0,135143.0,7652124480.0
2021-07-26,5658.0,5692.0,5736.0,5628.0,166755.0,9485145690.0
2021-07-27,5710.0,5742.0,5786.0,5637.0,184506.0,10552116610.0
2021-07-28,5723.0,5750.0,5770.0,5690.0,164720.0,9436633120.0
2021-07-29,5812.0,5744.0,5812.0,5718.0,37868.0,2179297350.0
2021-07-30,5786.0,5709.0,5796.0,5670.0,56036.0,3209060660.0
2021-08-02,5660.0,5739.0,5759.0,5641.0,58463.0,3328972220.0
2021-08-03,5731.0,5839.0,5847.0,5710.0,73089.0,4212837590.0
2021-08-04,5866.0,5860.0,5876.0,5770.0,55101.0,3212913250.0
2021-08-05,5898.0,5851.0,5898.0,5824.0,49532.0,2903591990.0
2021-08-06,5876.0,5841.0,5889.0,5826.0,65636.0,3847093360.0
2021-08-09,5841.0,5705.0,5854.0,5695.0,89459.0,5156076230.0
2021-08-10,5705.0,5688.0,5742.0,5680.0,46120.0,2632366380.0
2021-08-11,5688.0,5740.0,5769.0,5682.0,45375.0,2602584500.0
2021-08-12,5763.0,5646.0,5799.0,5642.0,78842.0,4504400390.0
2021-08-13,5646.0,5645.0,5678.0,5605.0,53674.0,3031842340.0
